timestamp,building,temperature,humidity,occupancy,energy_kwh,water_liters,aqi,waste_bin_level,traffic_count,asset_utilization,anomaly
2026-01-01 00:00:00,Laboratory,25.61,30.46,227,124.89,906.73,75.94,43.12,117,66.65,0
2026-01-01 01:00:00,Library,18.44,54.77,405,123.56,586.48,39.29,36.11,183,92.37,0
2026-01-01 02:00:00,Hostel A,26.35,51.33,310,185.6,1216.1,70.1,97.07,171,48.92,0
2026-01-01 03:00:00,Laboratory,31.65,63.49,373,118.55,676.22,87.27,53.84,154,70.95,0
2026-01-01 04:00:00,Computer Science Block,30.15,92.86,297,53.3,727.83,62.67,22.05,139,40.69,0
2026-01-01 05:00:00,Auditorium,29.71,66.95,486,211.84083210024554,1382.0259653715382,123.67211148197791,21.01,54,73.99,1
2026-01-01 06:00:00,Hostel A,26.88,87.36,467,122.39,489.18,24.09,37.93,186,36.35,0
2026-01-01 07:00:00,Hostel A,22.88,65.69,334,75.87,1108.47,118.96,46.09,217,40.07,0
2026-01-01 08:00:00,Laboratory,30.06,53.7,452,111.67,1313.55,86.77,36.0,231,41.14,0
2026-01-01 09:00:00,Engineering Block,24.66,63.48,71,112.11,542.63,31.9,59.55,78,73.76,0
2026-01-01 10:00:00,Computer Science Block,36.74,77.81,424,182.16,400.48,20.0,88.46,118,77.89,0
2026-01-01 11:00:00,Laboratory,30.28,78.3,415,96.28,891.83,86.06,80.94,144,30.75,0
2026-01-01 12:00:00,Computer Science Block,25.68,54.25,286,153.24,941.51,56.47,62.11,194,87.92,0
2026-01-01 13:00:00,Computer Science Block,25.55,62.53,263,114.89,320.46,87.58,75.18,105,85.99,0
2026-01-01 14:00:00,Auditorium,27.63,45.71,201,150.1,593.69,101.02,69.62,219,45.2,0
2026-01-01 15:00:00,Hostel A,27.04,68.25,230,168.85,1183.5,60.57,15.94,170,36.26,0
2026-01-01 16:00:00,Library,32.47,75.53,397,133.34,1005.07,98.37,67.12,209,70.77,0
2026-01-01 17:00:00,Auditorium,28.75,60.4,217,117.99,1181.51,102.49,88.49,71,90.82,0
2026-01-01 18:00:00,Auditorium,25.07,53.33,289,160.2,591.42,91.2,84.7,202,54.56,0
2026-01-01 19:00:00,Computer Science Block,35.56,63.6,52,68.79,851.35,113.12,52.3,98,97.56,0
2026-01-01 20:00:00,Hostel B,28.2,64.17,121,126.06,836.02,57.05,39.33,45,98.21,0
2026-01-01 21:00:00,Hostel A,31.08,60.81,352,76.38,1120.66,45.95,44.0,199,31.03,0
2026-01-01 22:00:00,Engineering Block,25.57,61.79,301,148.0,692.61,38.9,60.92,134,75.89,0
2026-01-01 23:00:00,Auditorium,29.45,58.26,417,250.85073312398205,1311.5939345703264,133.90293690929593,46.87,61,54.57,1
2026-01-02 00:00:00,Library,29.24,69.96,256,117.47,978.39,91.03,41.36,63,39.83,0
2026-01-02 01:00:00,Hostel B,20.44,67.36,235,107.05,1047.08,95.78,20.68,162,81.85,0
2026-01-02 02:00:00,Hostel B,36.06,50.17,451,143.69,737.07,78.61,19.55,193,80.11,0
2026-01-02 03:00:00,Engineering Block,33.16,49.89,340,57.45,909.36,87.86,12.64,96,33.57,0
2026-01-02 04:00:00,Auditorium,26.41,57.46,321,186.59,1086.3,88.21,99.45,249,39.75,0
2026-01-02 05:00:00,Library,23.59,67.37,146,115.02,929.63,90.91,42.64,181,35.36,0
2026-01-02 06:00:00,Hostel A,29.39,61.48,458,74.5,739.96,92.82,16.54,181,71.58,0
2026-01-02 07:00:00,Admin Block,28.35,53.57,113,27.99,926.63,102.62,61.09,125,50.05,0
2026-01-02 08:00:00,Library,29.42,62.62,93,114.11,1013.29,48.94,70.75,47,69.33,0
2026-01-02 09:00:00,Engineering Block,28.77,56.69,147,128.06,870.88,61.69,71.27,236,77.95,0
2026-01-02 10:00:00,Hostel B,30.02,68.8,93,130.69,984.55,92.18,97.25,230,54.45,0
2026-01-02 11:00:00,Hostel A,33.79,63.33,495,69.24,1089.78,38.59,29.19,99,54.4,0
2026-01-02 12:00:00,Library,30.27,56.85,471,76.95,955.45,76.57,90.53,149,82.39,0
2026-01-02 13:00:00,Admin Block,23.8,62.32,481,167.46,1066.86,105.58,91.56,62,54.75,0
2026-01-02 14:00:00,Admin Block,33.45,73.15,415,65.66,810.06,117.92,51.2,205,54.5,0
2026-01-02 15:00:00,Computer Science Block,34.56,54.3,457,123.9,730.8,96.03,95.75,24,72.15,0
2026-01-02 16:00:00,Computer Science Block,40.61,64.03,275,106.52,1205.7,89.86,28.16,81,34.91,0
2026-01-02 17:00:00,Laboratory,23.51,59.3,467,101.24,291.05,103.58,40.56,58,53.93,0
2026-01-02 18:00:00,Engineering Block,28.97,64.27,121,110.41,956.03,90.43,78.35,223,39.17,0
2026-01-02 19:00:00,Auditorium,19.67,53.45,66,220.87816669224657,1189.099381951995,137.57509297009045,95.06,232,91.66,1
2026-01-02 20:00:00,Library,30.21,61.1,184,99.95,1021.44,127.11,17.01,128,53.1,0
2026-01-02 21:00:00,Library,25.81,71.08,477,154.95,554.86,81.31,70.55,62,62.75,0
2026-01-02 22:00:00,Auditorium,35.69,50.63,275,105.87,941.67,74.11,94.89,8,36.1,0
2026-01-02 23:00:00,Laboratory,24.9,46.71,444,77.35,998.3,113.08,19.27,95,64.63,0
2026-01-03 00:00:00,Hostel B,21.24,47.09,302,117.06,950.56,76.88,26.48,76,76.06,0
2026-01-03 01:00:00,Hostel B,26.11,48.29,445,82.94,632.65,92.05,70.96,196,33.12,0
2026-01-03 02:00:00,Laboratory,20.1,65.95,267,81.95,700.17,99.48,66.89,141,53.26,0
2026-01-03 03:00:00,Hostel B,31.0,45.94,223,170.93,1025.81,51.73,36.86,217,68.97,0
2026-01-03 04:00:00,Computer Science Block,19.74,57.02,105,113.59,823.75,79.3,94.29,39,99.74,0
2026-01-03 05:00:00,Library,28.11,66.18,343,75.29,351.3,67.07,44.8,129,83.63,0
2026-01-03 06:00:00,Laboratory,19.69,64.17,432,116.4,731.51,70.43,40.72,160,69.68,0
2026-01-03 07:00:00,Library,26.72,56.14,183,122.23,1146.43,101.1,85.71,159,44.62,0
2026-01-03 08:00:00,Auditorium,34.57,61.91,384,112.75,813.89,51.22,60.55,203,97.82,0
2026-01-03 09:00:00,Admin Block,29.44,61.07,76,102.9,520.31,73.23,49.78,182,44.12,0
2026-01-03 10:00:00,Computer Science Block,24.55,57.76,225,71.45,760.99,86.68,59.03,177,40.83,0
2026-01-03 11:00:00,Hostel A,27.88,57.89,415,105.45,845.68,77.79,74.52,230,59.8,0
2026-01-03 12:00:00,Computer Science Block,28.07,82.35,448,92.21,662.79,88.98,17.51,18,81.81,0
2026-01-03 13:00:00,Laboratory,29.89,68.09,167,115.73,1186.98,94.12,40.03,33,36.4,0
2026-01-03 14:00:00,Hostel A,22.53,84.81,320,134.79,775.24,96.26,87.45,114,42.91,0
2026-01-03 15:00:00,Admin Block,30.37,55.03,298,181.3,794.22,107.48,75.93,64,73.73,0
2026-01-03 16:00:00,Laboratory,17.18,59.15,465,147.12,811.85,138.66,16.64,161,31.69,0
2026-01-03 17:00:00,Engineering Block,25.48,46.68,489,24.99,398.9,102.85,51.42,61,76.21,0
2026-01-03 18:00:00,Library,26.05,51.9,309,127.78,944.32,78.82,37.72,125,34.51,0
2026-01-03 19:00:00,Admin Block,30.53,79.02,40,173.05,702.29,91.42,81.36,65,55.83,0
2026-01-03 20:00:00,Library,28.09,54.78,454,115.01,240.02,71.9,22.94,217,59.07,0
2026-01-03 21:00:00,Hostel B,22.38,79.19,156,174.45,475.21,107.62,23.04,192,75.02,0
2026-01-03 22:00:00,Engineering Block,24.06,47.57,477,81.34,837.06,87.19,76.74,117,53.12,0
2026-01-03 23:00:00,Engineering Block,28.79,49.47,388,89.29,1157.47,120.09,98.84,70,36.6,0
2026-01-04 00:00:00,Admin Block,27.68,56.59,29,114.08,1029.52,71.64,45.1,55,39.77,0
2026-01-04 01:00:00,Engineering Block,25.68,59.36,327,114.88,988.83,73.2,87.71,14,60.92,0
2026-01-04 02:00:00,Hostel A,26.08,69.23,64,149.28,875.45,74.86,45.83,92,70.09,0
2026-01-04 03:00:00,Engineering Block,30.78,64.51,455,120.07,945.6,67.26,69.11,95,95.51,0
2026-01-04 04:00:00,Library,25.93,55.84,268,116.19,874.6,93.99,53.81,55,68.84,0
2026-01-04 05:00:00,Library,27.65,58.67,49,206.67,665.91,86.38,76.89,247,79.05,0
2026-01-04 06:00:00,Laboratory,36.68,56.81,467,92.78,675.34,88.55,15.15,100,43.3,0
2026-01-04 07:00:00,Library,22.31,50.85,244,165.1,853.76,30.5,59.46,241,99.37,0
2026-01-04 08:00:00,Laboratory,20.59,51.12,405,134.55,659.11,55.47,99.85,219,40.22,0
2026-01-04 09:00:00,Library,31.13,70.28,196,234.82920771458706,849.0965557266517,155.9660265705077,77.64,180,69.41,1
2026-01-04 10:00:00,Hostel A,25.29,41.72,115,129.06,999.99,82.99,30.72,61,96.28,0
2026-01-04 11:00:00,Auditorium,26.73,76.17,448,91.39,959.61,120.2,37.51,184,62.68,0
2026-01-04 12:00:00,Laboratory,24.88,56.57,36,123.02,423.53,56.2,72.03,240,93.21,0
2026-01-04 13:00:00,Computer Science Block,26.96,52.27,47,119.86,542.09,51.84,23.4,232,71.11,0
2026-01-04 14:00:00,Hostel B,34.39,67.4,145,136.67,934.32,53.52,10.64,61,89.64,0
2026-01-04 15:00:00,Admin Block,31.21,74.85,320,115.91,563.51,82.61,79.56,89,79.93,0
2026-01-04 16:00:00,Library,31.45,71.18,292,178.32,856.9,98.01,63.95,90,71.16,0
2026-01-04 17:00:00,Engineering Block,22.34,65.02,206,89.12,1060.42,66.04,70.56,219,38.1,0
2026-01-04 18:00:00,Auditorium,23.4,70.87,161,95.9,734.61,83.94,11.99,122,50.38,0
2026-01-04 19:00:00,Library,16.64,42.84,391,128.37,1015.43,50.41,44.08,16,38.47,0
2026-01-04 20:00:00,Engineering Block,24.76,54.78,157,91.8,723.66,48.22,57.86,209,68.36,0
2026-01-04 21:00:00,Hostel B,31.83,50.89,481,143.55,767.56,68.73,72.8,38,60.66,0
2026-01-04 22:00:00,Hostel B,30.07,72.25,356,166.0,954.04,101.38,86.01,221,60.12,0
2026-01-04 23:00:00,Hostel B,27.11,56.17,248,101.81,1018.09,62.52,35.79,198,49.8,0
2026-01-05 00:00:00,Engineering Block,27.91,68.45,233,123.08,536.51,75.49,91.63,173,87.22,0
2026-01-05 01:00:00,Library,25.24,65.36,293,142.91,520.36,56.72,70.49,186,59.75,0
2026-01-05 02:00:00,Hostel B,28.82,51.38,310,150.92,468.77,53.18,45.87,25,49.64,0
2026-01-05 03:00:00,Hostel A,31.06,54.13,451,241.72,1269.14,91.25,69.57,124,48.49,0
2026-01-05 04:00:00,Laboratory,21.54,72.94,77,72.48,741.15,65.62,69.5,99,51.53,0
2026-01-05 05:00:00,Engineering Block,29.2,52.25,390,172.3,675.31,45.02,29.23,150,88.03,0
2026-01-05 06:00:00,Engineering Block,31.73,61.25,37,97.51,923.04,43.76,10.55,212,55.66,0
2026-01-05 07:00:00,Library,26.34,52.17,199,98.99,436.18,105.04,21.04,210,47.07,0
2026-01-05 08:00:00,Engineering Block,30.8,56.86,177,125.0,756.44,38.28,95.95,101,92.25,0
2026-01-05 09:00:00,Engineering Block,39.26,59.54,275,122.17,851.78,108.09,87.25,50,92.67,0
2026-01-05 10:00:00,Hostel B,27.58,52.17,56,163.78,607.01,96.07,25.51,11,77.68,0
2026-01-05 11:00:00,Library,29.57,50.4,315,68.53,560.98,69.04,69.35,170,87.82,0
2026-01-05 12:00:00,Hostel B,25.05,62.86,281,20.0,755.71,98.05,92.46,24,88.21,0
2026-01-05 13:00:00,Laboratory,28.73,51.55,98,187.68,727.33,74.95,92.45,136,78.78,0
2026-01-05 14:00:00,Auditorium,29.84,51.89,438,69.6,720.19,90.33,60.8,15,62.57,0
2026-01-05 15:00:00,Laboratory,28.78,50.61,173,155.18,476.67,33.15,75.11,10,96.19,0
2026-01-05 16:00:00,Auditorium,23.92,59.22,380,168.82,474.83,83.64,45.47,107,52.99,0
2026-01-05 17:00:00,Hostel B,28.83,69.44,366,159.71,1164.62,70.98,16.49,246,85.41,0
2026-01-05 18:00:00,Laboratory,33.85,75.07,177,137.9,522.39,67.58,57.59,139,45.92,0
2026-01-05 19:00:00,Library,29.79,52.74,94,146.1,798.36,102.3,38.63,49,75.6,0
2026-01-05 20:00:00,Admin Block,31.85,81.5,391,101.71,808.95,132.71,46.63,34,88.09,0
2026-01-05 21:00:00,Hostel B,27.05,49.95,427,53.0,730.02,112.48,25.65,110,80.64,0
2026-01-05 22:00:00,Auditorium,31.0,70.84,397,107.84,809.23,109.09,76.16,219,79.56,0
2026-01-05 23:00:00,Hostel A,29.12,52.78,74,100.97,760.93,59.27,95.34,32,62.6,0
2026-01-06 00:00:00,Auditorium,24.2,51.29,225,86.94,746.19,96.69,73.07,106,93.0,0
2026-01-06 01:00:00,Hostel A,29.27,52.55,234,121.73,1113.36,70.44,54.31,231,51.93,0
2026-01-06 02:00:00,Engineering Block,24.03,59.48,28,89.93221509196984,937.5685860537077,123.3393555355339,47.74,60,93.45,1
2026-01-06 03:00:00,Laboratory,25.47,65.8,125,388.7653544284391,1206.5058277367777,230.09468821309565,59.59,133,32.59,1
2026-01-06 04:00:00,Hostel A,28.76,66.7,337,277.6966664845872,1944.45219308288,47.883940124126404,68.62,92,72.01,1
2026-01-06 05:00:00,Auditorium,29.19,50.56,386,102.71,702.45,92.04,21.41,64,73.59,0
2026-01-06 06:00:00,Engineering Block,23.24,50.1,421,109.17,737.92,90.35,81.16,180,48.39,0
2026-01-06 07:00:00,Admin Block,32.22,50.83,264,114.52,699.16,100.93,10.49,32,82.8,0
2026-01-06 08:00:00,Library,30.29,58.89,326,83.73,1112.05,100.33,86.06,187,43.44,0
2026-01-06 09:00:00,Library,25.18,57.9,122,83.6,1072.01,92.81,55.21,102,58.92,0
2026-01-06 10:00:00,Library,21.85,50.5,294,74.23,553.51,90.35,49.11,85,92.95,0
2026-01-06 11:00:00,Hostel A,27.42,62.7,344,70.32,1203.38,60.71,20.88,92,57.6,0
2026-01-06 12:00:00,Admin Block,26.22,82.63,392,90.04,308.69,81.58,62.58,35,87.84,0
2026-01-06 13:00:00,Hostel A,28.45,54.95,357,114.84,431.21,101.09,18.01,152,36.92,0
2026-01-06 14:00:00,Laboratory,26.55,55.66,398,264.20147435784907,927.6489391745744,96.87927909611588,87.94,191,38.0,1
2026-01-06 15:00:00,Hostel A,19.97,65.6,52,64.83,574.35,89.41,37.21,33,42.46,0
2026-01-06 16:00:00,Admin Block,26.45,54.41,127,152.04,742.0,101.38,25.53,32,41.55,0
2026-01-06 17:00:00,Admin Block,26.78,66.69,441,63.7,582.02,71.91,32.61,82,98.49,0
2026-01-06 18:00:00,Laboratory,30.53,52.81,288,123.38,547.63,119.09,57.98,174,37.82,0
2026-01-06 19:00:00,Admin Block,25.21,78.32,452,66.9,965.48,94.35,60.4,196,40.46,0
2026-01-06 20:00:00,Auditorium,34.71,63.45,92,75.74,758.91,40.53,40.46,128,41.93,0
2026-01-06 21:00:00,Admin Block,20.35,53.8,365,131.07,1033.34,82.38,80.95,158,71.89,0
2026-01-06 22:00:00,Library,33.24,54.11,200,130.67,1065.45,60.52,44.01,237,64.48,0
2026-01-06 23:00:00,Auditorium,27.1,54.86,404,146.21,873.92,54.48,49.38,132,80.63,0
2026-01-07 00:00:00,Auditorium,31.44,73.73,287,162.4671650876983,2153.602012910802,85.69726016521872,21.71,240,54.01,1
2026-01-07 01:00:00,Laboratory,28.32,47.31,171,154.88,786.72,127.79,22.21,15,32.86,0
2026-01-07 02:00:00,Computer Science Block,32.56,53.32,404,174.72,522.65,60.08,19.11,148,54.23,0
2026-01-07 03:00:00,Computer Science Block,26.45,54.38,87,128.16,481.05,76.35,23.19,168,84.18,0
2026-01-07 04:00:00,Admin Block,23.61,59.84,410,57.46,348.31,88.18,91.02,33,87.01,0
2026-01-07 05:00:00,Auditorium,33.68,57.29,391,52.48,1023.84,62.42,71.65,95,79.95,0
2026-01-07 06:00:00,Computer Science Block,27.55,45.09,367,125.36,870.07,59.39,70.48,33,58.28,0
2026-01-07 07:00:00,Computer Science Block,28.89,56.0,216,99.97,100.0,64.44,23.13,160,72.72,0
2026-01-07 08:00:00,Admin Block,32.94,59.0,314,182.0467010431369,1850.1393539079315,120.40485688892255,56.75,100,40.04,1
2026-01-07 09:00:00,Computer Science Block,23.87,53.72,51,114.15,847.23,93.27,53.98,159,47.63,0
2026-01-07 10:00:00,Hostel A,30.38,66.87,452,107.47,604.37,58.67,35.88,15,47.28,0
2026-01-07 11:00:00,Engineering Block,25.64,69.19,434,114.39,601.19,118.38,34.31,177,35.28,0
2026-01-07 12:00:00,Laboratory,27.47,59.22,127,89.19,760.84,74.64,78.62,204,95.77,0
2026-01-07 13:00:00,Engineering Block,28.29,62.31,98,189.28,1129.0,120.55,36.83,188,60.21,0
2026-01-07 14:00:00,Admin Block,22.0,38.39,278,81.94,841.3,78.44,63.32,181,91.18,0
2026-01-07 15:00:00,Library,24.88,55.79,385,110.58,651.87,42.85,92.75,57,45.53,0
2026-01-07 16:00:00,Laboratory,33.4,70.05,194,48.54,1386.86,64.2,56.25,111,83.75,0
2026-01-07 17:00:00,Admin Block,31.54,55.77,386,79.52,1079.12,93.36,64.36,72,86.29,0
2026-01-07 18:00:00,Auditorium,27.75,52.63,34,74.45,1074.54,53.95,88.77,184,30.32,0
2026-01-07 19:00:00,Library,28.97,82.78,70,101.17,1091.76,79.01,74.89,125,32.39,0
2026-01-07 20:00:00,Engineering Block,26.82,78.19,126,111.29,1145.45,88.75,11.21,208,94.47,0
2026-01-07 21:00:00,Admin Block,33.43,64.68,229,105.24,955.17,89.41,23.04,164,69.82,0
2026-01-07 22:00:00,Auditorium,27.2,71.39,488,100.85,855.09,94.29,34.21,191,49.92,0
2026-01-07 23:00:00,Laboratory,28.93,37.74,221,127.5,876.68,85.9,48.74,208,43.02,0
2026-01-08 00:00:00,Laboratory,32.58,52.12,296,130.18,504.85,54.89,34.85,247,87.25,0
2026-01-08 01:00:00,Hostel B,24.89,55.3,237,36.64,289.72,73.17,51.52,196,43.55,0
2026-01-08 02:00:00,Auditorium,34.24,57.64,60,157.02,1027.34,80.31,80.54,60,89.06,0
2026-01-08 03:00:00,Hostel A,21.88,55.1,395,129.14,1304.98,91.13,97.57,192,73.56,0
2026-01-08 04:00:00,Computer Science Block,34.52,34.5,278,51.43,755.45,61.67,66.64,157,76.21,0
2026-01-08 05:00:00,Library,26.51,63.86,404,151.45,1196.98,78.97,88.31,220,60.62,0
2026-01-08 06:00:00,Auditorium,27.03,65.44,424,323.6234607477307,1974.8873225609248,191.5500287099194,40.94,88,32.53,1
2026-01-08 07:00:00,Hostel B,20.44,76.02,222,50.4,720.98,103.28,22.32,54,68.83,0
2026-01-08 08:00:00,Computer Science Block,26.18,52.12,355,109.07,1152.3,102.05,84.97,238,79.96,0
2026-01-08 09:00:00,Computer Science Block,23.84,51.3,118,129.23,1008.18,78.56,79.45,11,30.21,0
2026-01-08 10:00:00,Admin Block,25.57,33.2,168,157.44,768.76,84.73,31.26,100,31.82,0
2026-01-08 11:00:00,Computer Science Block,27.45,57.06,124,137.2,982.95,80.41,58.47,119,93.49,0
2026-01-08 12:00:00,Hostel A,31.83,69.01,222,100.29,921.51,92.05,99.44,10,77.62,0
2026-01-08 13:00:00,Laboratory,28.83,53.88,114,82.11,359.21,49.13,97.47,215,85.35,0
2026-01-08 14:00:00,Hostel B,29.23,81.43,196,68.25,1472.24,60.07,50.7,56,31.86,0
2026-01-08 15:00:00,Computer Science Block,23.62,57.43,84,87.51,581.48,44.88,35.53,150,58.05,0
2026-01-08 16:00:00,Admin Block,24.48,61.47,60,138.82,898.99,98.69,36.42,16,82.3,0
2026-01-08 17:00:00,Hostel A,35.19,46.37,243,152.23,1308.61,98.19,89.03,239,36.41,0
2026-01-08 18:00:00,Engineering Block,25.06,62.87,86,106.8,781.96,63.78,70.21,115,43.19,0
2026-01-08 19:00:00,Laboratory,34.62,40.21,399,158.37,664.48,62.4,63.94,169,65.62,0
2026-01-08 20:00:00,Laboratory,27.03,66.94,274,134.27,882.47,98.34,34.11,14,92.54,0
2026-01-08 21:00:00,Hostel B,28.01,67.24,499,208.48,763.54,97.75,46.58,91,53.02,0
2026-01-08 22:00:00,Laboratory,32.28,73.59,317,55.86,1155.95,120.61,60.19,214,87.95,0
2026-01-08 23:00:00,Computer Science Block,33.09,49.8,88,112.35,640.94,59.43,56.9,25,30.64,0
2026-01-09 00:00:00,Admin Block,27.56,61.61,460,127.43,706.98,77.15,14.74,186,42.74,0
2026-01-09 01:00:00,Laboratory,26.45,65.64,190,184.67,827.88,83.12,53.81,243,50.32,0
2026-01-09 02:00:00,Laboratory,27.78,64.42,120,69.08,527.87,94.15,64.95,122,79.64,0
2026-01-09 03:00:00,Engineering Block,29.35,51.35,159,86.19,712.15,104.18,80.89,145,70.55,0
2026-01-09 04:00:00,Engineering Block,31.57,36.08,225,121.93,714.25,77.03,21.58,198,48.51,0
2026-01-09 05:00:00,Library,28.02,63.47,339,77.19,533.11,85.49,84.21,70,70.7,0
2026-01-09 06:00:00,Hostel A,30.48,58.48,383,111.3,694.89,72.15,18.36,150,92.28,0
2026-01-09 07:00:00,Computer Science Block,34.55,54.33,326,62.76,1034.92,43.99,54.94,39,62.86,0
2026-01-09 08:00:00,Laboratory,29.53,67.64,92,161.83,349.73,58.85,17.64,116,78.73,0
2026-01-09 09:00:00,Auditorium,29.25,59.55,79,178.77,1103.65,68.29,83.56,102,54.19,0
2026-01-09 10:00:00,Laboratory,21.92,46.81,474,180.04,718.89,94.0,51.74,237,79.88,0
2026-01-09 11:00:00,Admin Block,17.48,40.69,355,125.36,931.75,27.37,65.85,206,90.69,0
2026-01-09 12:00:00,Library,29.55,48.71,175,245.10479612107977,1629.3339477500735,136.8716374563487,54.9,105,69.67,1
2026-01-09 13:00:00,Hostel A,27.62,83.93,143,203.52092549098538,1073.632341380852,186.985253491637,51.5,164,57.03,1
2026-01-09 14:00:00,Auditorium,25.94,67.23,474,150.14,962.5,68.58,26.44,29,82.8,0
2026-01-09 15:00:00,Library,28.97,61.89,33,164.15,522.68,127.6,94.91,156,96.93,0
2026-01-09 16:00:00,Hostel B,27.76,58.18,435,144.97,500.57,86.34,75.58,217,34.77,0
2026-01-09 17:00:00,Hostel A,32.51,57.53,283,128.49,788.56,86.02,61.01,241,66.15,0
2026-01-09 18:00:00,Laboratory,28.34,71.67,46,144.69,809.97,75.94,28.53,43,42.74,0
2026-01-09 19:00:00,Laboratory,25.01,55.09,264,119.63,1091.15,34.29,46.04,64,49.18,0
2026-01-09 20:00:00,Hostel A,31.96,65.77,69,73.05,481.23,63.73,40.81,230,74.53,0
2026-01-09 21:00:00,Laboratory,27.13,56.52,206,99.3,997.59,60.21,78.0,30,97.19,0
2026-01-09 22:00:00,Computer Science Block,30.11,79.4,76,127.45,745.73,96.5,27.36,46,89.71,0
2026-01-09 23:00:00,Hostel A,26.09,67.42,278,89.54,814.58,66.83,70.05,43,48.03,0
2026-01-10 00:00:00,Library,25.4,72.46,174,87.11,313.6,87.53,91.23,73,31.69,0
2026-01-10 01:00:00,Hostel A,28.34,54.16,497,141.64,791.97,39.48,85.46,74,71.95,0
2026-01-10 02:00:00,Auditorium,28.05,70.58,53,143.82,1033.83,114.11,40.55,100,67.37,0
2026-01-10 03:00:00,Laboratory,29.92,56.87,45,130.35,769.58,97.88,23.66,45,62.22,0
2026-01-10 04:00:00,Computer Science Block,26.93,61.1,269,102.58,754.06,79.38,42.63,164,63.27,0
2026-01-10 05:00:00,Computer Science Block,20.65,76.35,443,263.1915577370754,2841.7455675383803,128.31420233139485,45.5,12,71.42,1
2026-01-10 06:00:00,Hostel B,26.27,49.57,390,144.5,832.51,100.83,58.36,22,57.79,0
2026-01-10 07:00:00,Library,31.18,62.03,105,88.44,398.91,67.07,14.07,190,41.99,0
2026-01-10 08:00:00,Engineering Block,26.81,64.38,179,69.08,450.87,66.87,55.97,122,48.14,0
2026-01-10 09:00:00,Engineering Block,27.01,65.2,444,137.75,1212.46,74.27,64.45,133,34.47,0
2026-01-10 10:00:00,Hostel A,31.95,55.49,405,115.82,718.41,116.58,94.77,156,33.92,0
2026-01-10 11:00:00,Hostel B,25.15,80.86,386,165.75,1046.39,64.3,75.22,179,90.72,0
2026-01-10 12:00:00,Admin Block,21.83,47.05,219,82.72,749.8,97.01,12.54,85,38.78,0
2026-01-10 13:00:00,Hostel A,27.36,74.59,125,157.61,944.16,60.77,25.77,67,34.82,0
2026-01-10 14:00:00,Hostel B,26.06,72.15,410,99.57,731.84,27.24,52.79,150,87.85,0
2026-01-10 15:00:00,Library,24.14,79.01,294,147.37,809.24,89.86,97.83,152,96.75,0
2026-01-10 16:00:00,Library,27.3,44.12,308,74.91,959.1,58.35,64.11,30,44.4,0
2026-01-10 17:00:00,Library,29.97,51.31,277,63.82,531.18,72.6,85.98,118,83.01,0
2026-01-10 18:00:00,Library,27.96,74.92,470,132.28,917.59,101.02,19.36,226,41.38,0
2026-01-10 19:00:00,Library,29.23,41.23,239,110.37,892.98,57.26,49.34,105,77.65,0
2026-01-10 20:00:00,Hostel B,35.25,43.94,481,125.58,459.88,69.62,12.01,95,77.58,0
2026-01-10 21:00:00,Hostel B,26.63,55.12,34,85.86,1516.3,96.07,32.35,171,60.05,0
2026-01-10 22:00:00,Computer Science Block,29.11,61.92,40,131.48,755.88,68.57,83.02,27,91.74,0
2026-01-10 23:00:00,Auditorium,25.96,75.92,353,164.59,583.1,82.18,66.0,94,38.47,0
2026-01-11 00:00:00,Engineering Block,24.61,58.15,78,158.38,1217.54,76.34,35.39,9,63.36,0
2026-01-11 01:00:00,Laboratory,25.66,53.92,379,96.38,534.37,76.4,85.78,18,72.12,0
2026-01-11 02:00:00,Library,26.08,63.11,101,76.03,693.77,74.8,76.16,103,83.13,0
2026-01-11 03:00:00,Admin Block,29.44,64.7,137,119.89,885.1,91.17,55.15,121,39.99,0
2026-01-11 04:00:00,Laboratory,37.4,64.41,132,149.66,699.75,32.27,13.98,228,67.45,0
2026-01-11 05:00:00,Hostel B,25.14,58.22,314,108.99484708915602,1497.097174086681,143.66124386855387,91.57,177,61.85,1
2026-01-11 06:00:00,Admin Block,26.33,40.45,295,141.33,985.42,60.33,70.22,200,59.15,0
2026-01-11 07:00:00,Admin Block,27.75,50.82,276,190.36,653.67,96.98,83.21,26,55.15,0
2026-01-11 08:00:00,Admin Block,29.58,74.2,348,142.39,1216.71,109.8,94.23,117,99.78,0
2026-01-11 09:00:00,Computer Science Block,29.05,61.87,284,65.56,772.22,79.5,22.45,37,41.91,0
2026-01-11 10:00:00,Hostel B,33.14,56.77,254,80.35,899.82,75.84,77.76,17,82.71,0
2026-01-11 11:00:00,Admin Block,18.29,71.18,70,95.85,752.29,92.49,23.91,76,56.38,0
2026-01-11 12:00:00,Library,18.45,48.7,185,114.92,738.48,83.17,56.41,106,75.44,0
2026-01-11 13:00:00,Hostel A,26.02,57.75,250,132.22,831.95,76.05,75.43,178,99.18,0
2026-01-11 14:00:00,Admin Block,32.39,61.38,240,145.22,1311.56,86.03,56.83,205,63.44,0
2026-01-11 15:00:00,Computer Science Block,21.74,55.59,290,109.55,954.72,71.6,52.53,190,87.71,0
2026-01-11 16:00:00,Laboratory,15.97,61.01,103,128.96,586.52,97.96,35.5,112,35.32,0
2026-01-11 17:00:00,Hostel B,30.28,58.12,249,82.15,869.73,123.76,79.12,160,68.82,0
2026-01-11 18:00:00,Auditorium,28.97,46.01,316,95.29,709.48,75.67,18.05,133,56.75,0
2026-01-11 19:00:00,Computer Science Block,23.64,61.81,241,150.97,1092.7,90.71,30.86,147,78.94,0
2026-01-11 20:00:00,Admin Block,24.06,46.72,450,135.82,821.95,30.76,14.07,139,32.58,0
2026-01-11 21:00:00,Hostel B,24.12,61.66,173,140.19,494.41,36.49,25.94,149,61.34,0
2026-01-11 22:00:00,Hostel A,28.44,73.74,73,83.62,951.7,85.5,46.69,208,64.62,0
2026-01-11 23:00:00,Admin Block,25.49,57.19,138,118.67,642.52,70.73,12.68,59,89.13,0
2026-01-12 00:00:00,Computer Science Block,29.98,48.29,217,122.99,950.82,61.95,30.42,195,56.93,0
2026-01-12 01:00:00,Engineering Block,16.58,58.73,442,131.3,1089.14,91.2,13.66,123,52.44,0
2026-01-12 02:00:00,Library,24.57,51.68,292,155.6,778.55,72.73,88.82,225,57.24,0
2026-01-12 03:00:00,Auditorium,23.5,65.95,217,121.58,809.6,91.1,90.1,60,60.65,0
2026-01-12 04:00:00,Laboratory,26.97,58.52,147,175.66,892.65,83.12,72.87,18,47.82,0
2026-01-12 05:00:00,Computer Science Block,25.85,77.1,111,51.22,684.38,98.72,63.51,81,33.17,0
2026-01-12 06:00:00,Hostel B,31.19,71.63,28,109.21,872.45,76.71,81.63,121,99.32,0
2026-01-12 07:00:00,Auditorium,20.56,58.47,494,156.13,902.12,79.5,35.33,60,83.58,0
2026-01-12 08:00:00,Auditorium,28.18,67.16,246,93.88,628.32,72.77,76.78,164,98.98,0
2026-01-12 09:00:00,Auditorium,30.23,56.07,65,149.18,1149.5,68.31,39.72,238,76.39,0
2026-01-12 10:00:00,Admin Block,35.43,60.34,153,123.43,419.74,91.1,49.86,129,91.81,0
2026-01-12 11:00:00,Library,26.07,56.39,471,186.44,1051.85,56.6,98.21,121,61.52,0
2026-01-12 12:00:00,Admin Block,29.3,67.66,35,114.71,1194.87,106.34,86.13,29,54.44,0
2026-01-12 13:00:00,Hostel B,20.78,74.33,234,115.13,1047.24,55.51,47.68,95,99.56,0
2026-01-12 14:00:00,Admin Block,18.43,67.99,131,183.04,585.58,71.77,91.45,156,41.87,0
2026-01-12 15:00:00,Engineering Block,31.38,69.22,362,107.35,1066.27,69.68,18.76,145,45.17,0
2026-01-12 16:00:00,Library,27.98,69.23,176,156.97,1376.07,94.26,91.26,97,76.77,0
2026-01-12 17:00:00,Library,32.71,65.51,444,130.77,805.01,110.57,90.04,162,47.87,0
2026-01-12 18:00:00,Hostel B,22.51,48.61,471,158.05,849.85,87.77,68.21,223,60.16,0
2026-01-12 19:00:00,Laboratory,30.08,77.01,337,107.78,1042.76,118.74,39.22,11,95.25,0
2026-01-12 20:00:00,Engineering Block,35.48,78.04,379,116.27,631.85,62.65,84.0,145,48.6,0
2026-01-12 21:00:00,Computer Science Block,29.68,57.66,395,107.14,466.5,73.29,34.5,139,65.75,0
2026-01-12 22:00:00,Admin Block,29.11,56.29,443,50.92,955.3,45.3,22.8,103,81.57,0
2026-01-12 23:00:00,Hostel A,28.03,66.12,465,110.72,859.13,52.2,59.61,202,35.03,0
2026-01-13 00:00:00,Admin Block,21.72,65.51,427,232.07,590.91,103.26,21.59,26,35.05,0
2026-01-13 01:00:00,Auditorium,33.42,57.98,409,94.37,946.3,74.94,42.16,63,82.21,0
2026-01-13 02:00:00,Admin Block,25.56,47.5,315,125.11,762.82,68.13,62.18,146,94.4,0
2026-01-13 03:00:00,Computer Science Block,30.02,63.06,217,161.69,943.91,57.74,28.68,25,71.43,0
2026-01-13 04:00:00,Admin Block,21.75,65.51,77,138.25,897.16,97.02,47.24,22,32.67,0
2026-01-13 05:00:00,Engineering Block,23.28,67.26,417,117.29,883.58,69.7,37.73,52,61.63,0
2026-01-13 06:00:00,Engineering Block,33.74,63.49,97,180.16354379212157,1234.2045251196776,81.56557342786608,23.89,97,80.43,1
2026-01-13 07:00:00,Library,26.61,57.29,261,170.48,411.63,80.62,67.05,30,74.23,0
2026-01-13 08:00:00,Hostel B,33.81,69.94,448,158.8,474.21,92.72,64.02,43,43.87,0
2026-01-13 09:00:00,Laboratory,27.69,60.66,386,169.65,1299.33,75.91,60.31,169,33.72,0
2026-01-13 10:00:00,Hostel A,20.63,55.35,118,166.15,1196.08,66.84,93.81,194,92.25,0
2026-01-13 11:00:00,Auditorium,31.57,58.19,25,70.04,780.69,81.46,93.39,196,45.81,0
2026-01-13 12:00:00,Admin Block,25.64,42.54,298,107.69,957.25,45.85,61.51,118,99.7,0
2026-01-13 13:00:00,Admin Block,30.79,58.18,337,130.88,432.39,96.26,76.48,241,38.08,0
2026-01-13 14:00:00,Computer Science Block,28.1,66.88,231,86.71,478.28,89.37,82.44,194,38.0,0
2026-01-13 15:00:00,Hostel B,21.83,63.4,292,215.7536145673569,205.9410715383073,207.77132877402542,19.89,232,76.77,1
2026-01-13 16:00:00,Engineering Block,28.66,75.21,103,289.47462601135624,1101.0173088850672,88.7069612355662,86.05,160,48.91,1
2026-01-13 17:00:00,Hostel A,36.78,57.37,131,140.98,687.47,40.64,10.46,143,98.21,0
2026-01-13 18:00:00,Library,29.97,64.87,217,181.63,1026.76,42.78,10.18,149,46.59,0
2026-01-13 19:00:00,Engineering Block,27.77,67.93,379,94.76,791.71,55.01,37.93,16,73.65,0
2026-01-13 20:00:00,Auditorium,32.3,83.43,400,87.45,916.44,49.95,81.37,32,58.45,0
2026-01-13 21:00:00,Hostel B,28.84,61.45,47,193.44,757.52,93.08,92.93,220,36.32,0
2026-01-13 22:00:00,Auditorium,28.84,49.56,160,111.4,816.28,67.77,45.93,35,79.56,0
2026-01-13 23:00:00,Laboratory,23.63,68.48,432,53.49,758.72,73.87,66.79,233,85.33,0
2026-01-14 00:00:00,Library,28.94,78.66,192,133.99,914.78,64.88,52.53,188,87.86,0
2026-01-14 01:00:00,Laboratory,32.14,56.77,39,82.37,165.53,75.7,35.17,245,64.3,0
2026-01-14 02:00:00,Computer Science Block,24.66,68.41,461,106.48,848.96,96.56,88.1,188,98.31,0
2026-01-14 03:00:00,Auditorium,33.7,72.29,484,70.38,811.08,118.66,62.82,161,85.98,0
2026-01-14 04:00:00,Computer Science Block,27.63,70.17,136,158.9,1266.74,102.33,72.04,137,60.81,0
2026-01-14 05:00:00,Admin Block,24.45,61.26,73,134.29,906.83,80.76,65.55,123,36.96,0
2026-01-14 06:00:00,Laboratory,31.99,53.02,246,74.86,1247.44,72.55,17.56,39,47.81,0
2026-01-14 07:00:00,Hostel B,26.85,59.19,128,126.94,653.28,110.21,84.66,129,84.05,0
2026-01-14 08:00:00,Auditorium,31.04,64.59,250,143.49,661.46,56.48,13.46,145,91.58,0
2026-01-14 09:00:00,Hostel A,26.83,69.08,339,112.59,1269.61,79.59,72.17,119,76.37,0
2026-01-14 10:00:00,Library,27.76,63.34,327,177.94,790.68,50.88,22.72,177,57.15,0
2026-01-14 11:00:00,Engineering Block,29.97,56.2,248,156.45,647.98,109.23,59.27,77,54.92,0
2026-01-14 12:00:00,Hostel B,29.16,65.55,318,103.14,855.33,114.73,21.46,163,55.12,0
2026-01-14 13:00:00,Hostel B,20.02,68.6,106,112.07,897.65,47.61,97.25,219,64.4,0
2026-01-14 14:00:00,Computer Science Block,23.52,63.8,293,76.72,1158.49,45.78,48.92,127,80.81,0
2026-01-14 15:00:00,Laboratory,31.72,51.64,247,60.62,649.32,67.36,81.4,148,41.42,0
2026-01-14 16:00:00,Auditorium,27.47,58.19,359,89.54,1035.26,93.96,81.69,186,31.46,0
2026-01-14 17:00:00,Auditorium,25.91,69.48,329,95.4,1288.05,59.87,20.92,216,35.35,0
2026-01-14 18:00:00,Admin Block,22.57,46.17,335,166.43,1129.4,61.18,60.96,249,76.61,0
2026-01-14 19:00:00,Admin Block,23.68,39.07,398,71.88,1302.07,95.5,99.92,51,89.41,0
2026-01-14 20:00:00,Library,19.91,75.08,90,123.41,853.02,86.2,44.39,140,58.46,0
2026-01-14 21:00:00,Computer Science Block,27.59,65.11,247,127.51,1001.06,77.54,18.6,180,53.64,0
2026-01-14 22:00:00,Hostel B,25.61,66.07,404,95.25,656.53,81.12,78.79,213,31.4,0
2026-01-14 23:00:00,Auditorium,24.13,49.23,132,155.68,1465.6,86.38,63.47,196,34.26,0
2026-01-15 00:00:00,Hostel A,27.73,67.38,312,109.06,1074.31,100.14,74.3,54,82.83,0
2026-01-15 01:00:00,Computer Science Block,29.46,62.75,324,99.26,907.52,100.85,57.88,151,36.27,0
2026-01-15 02:00:00,Library,36.37,44.16,310,177.48,836.37,66.59,34.22,47,87.99,0
2026-01-15 03:00:00,Library,21.95,74.24,124,90.53,316.89,76.9,52.13,233,84.68,0
2026-01-15 04:00:00,Computer Science Block,32.64,61.59,470,147.25,307.42,64.64,62.71,113,87.36,0
2026-01-15 05:00:00,Library,31.89,56.04,310,100.13,576.7,90.15,31.38,95,78.02,0
2026-01-15 06:00:00,Computer Science Block,24.88,56.22,496,77.47,714.58,54.77,86.87,83,31.47,0
2026-01-15 07:00:00,Engineering Block,28.81,39.85,28,108.43,1012.19,51.35,47.03,92,61.04,0
2026-01-15 08:00:00,Computer Science Block,26.17,65.93,184,202.45,1052.1,67.99,74.37,201,41.0,0
2026-01-15 09:00:00,Laboratory,28.74,62.62,79,69.47,849.96,27.2,94.97,185,53.67,0
2026-01-15 10:00:00,Computer Science Block,34.04,58.06,331,95.49,930.83,20.0,47.4,179,69.02,0
2026-01-15 11:00:00,Library,30.42,72.78,125,163.02,805.06,88.98,51.52,42,81.24,0
2026-01-15 12:00:00,Auditorium,30.03,46.16,130,87.11,1124.03,91.15,26.53,61,46.25,0
2026-01-15 13:00:00,Laboratory,26.28,54.03,108,98.93,667.46,54.73,43.85,13,53.44,0
2026-01-15 14:00:00,Library,22.06,51.5,287,124.71,771.46,75.22,57.62,93,44.7,0
2026-01-15 15:00:00,Admin Block,27.17,57.21,249,112.13,897.79,116.27,30.66,147,98.9,0
2026-01-15 16:00:00,Admin Block,32.83,60.67,346,137.81,656.95,75.01,12.35,240,95.04,0
2026-01-15 17:00:00,Auditorium,21.89,64.3,90,110.8,477.16,110.3,33.2,31,75.76,0
2026-01-15 18:00:00,Auditorium,23.78,56.53,138,120.2,939.24,61.7,71.43,191,87.74,0
2026-01-15 19:00:00,Laboratory,28.51,51.23,407,115.42,1413.22,82.9,87.24,177,80.32,0
2026-01-15 20:00:00,Engineering Block,24.06,76.86,464,91.38,878.17,90.51,21.79,249,89.4,0
2026-01-15 21:00:00,Auditorium,24.83,84.12,448,55.24,1036.84,66.12,70.46,10,95.52,0
2026-01-15 22:00:00,Admin Block,26.31,61.43,370,187.27,765.36,70.85,40.6,43,95.13,0
2026-01-15 23:00:00,Computer Science Block,22.54,52.43,453,91.0,949.66,74.35,37.1,20,70.22,0
2026-01-16 00:00:00,Library,24.1,74.75,325,93.1,496.36,58.21,48.94,55,97.53,0
2026-01-16 01:00:00,Admin Block,30.81,45.53,122,126.94,580.13,83.67,88.36,33,58.53,0
2026-01-16 02:00:00,Admin Block,22.77,56.65,221,83.8,1002.56,108.64,62.26,229,43.54,0
2026-01-16 03:00:00,Engineering Block,21.61,53.04,451,152.05,790.71,107.87,67.66,86,46.2,0
2026-01-16 04:00:00,Laboratory,25.48,48.4,42,128.91,433.74,127.48,20.3,104,62.1,0
2026-01-16 05:00:00,Laboratory,30.93,57.2,109,110.51,745.22,68.0,20.86,237,47.72,0
2026-01-16 06:00:00,Hostel B,27.21,51.36,490,102.51,1080.72,65.73,55.21,5,38.9,0
2026-01-16 07:00:00,Engineering Block,26.14,60.13,112,77.98,693.62,94.13,74.65,145,57.77,0
2026-01-16 08:00:00,Computer Science Block,28.18,60.27,283,130.97,282.96,113.47,27.6,138,70.69,0
2026-01-16 09:00:00,Laboratory,21.02,53.79,486,124.77,1289.17,106.02,59.3,24,97.76,0
2026-01-16 10:00:00,Library,29.98,56.29,304,97.39,878.63,95.57,92.48,106,73.44,0
2026-01-16 11:00:00,Auditorium,29.53,57.69,190,138.34,1257.19,59.03,56.15,102,84.17,0
2026-01-16 12:00:00,Engineering Block,26.36,68.1,328,175.32,938.11,60.9,53.26,86,77.75,0
2026-01-16 13:00:00,Auditorium,32.02,58.52,409,120.51,687.55,92.23,62.68,130,56.93,0
2026-01-16 14:00:00,Admin Block,23.49,68.25,240,111.35,938.66,89.93,72.32,203,43.24,0
2026-01-16 15:00:00,Library,32.51,65.86,43,86.38,929.36,75.89,37.19,41,49.76,0
2026-01-16 16:00:00,Library,28.62,65.72,395,114.43,1308.57,91.1,40.11,212,91.36,0
2026-01-16 17:00:00,Admin Block,26.65,73.88,221,105.32,1171.31,81.87,24.09,210,40.9,0
2026-01-16 18:00:00,Engineering Block,27.92,48.81,143,83.37,1021.38,98.83,95.39,210,36.83,0
2026-01-16 19:00:00,Admin Block,27.57,55.27,161,135.79,945.92,65.56,14.28,136,89.73,0
2026-01-16 20:00:00,Auditorium,32.88,77.63,71,129.57,870.16,44.25,51.47,146,68.37,0
2026-01-16 21:00:00,Hostel B,23.69,57.43,89,122.67,705.05,47.86,71.52,69,77.78,0
2026-01-16 22:00:00,Library,24.95,31.85,279,107.32,1119.03,61.82,73.97,60,87.81,0
2026-01-16 23:00:00,Hostel A,32.15,57.97,205,152.25,744.29,65.46,66.37,165,53.8,0
2026-01-17 00:00:00,Hostel A,25.62,61.35,391,58.74,789.28,79.11,40.65,204,82.51,0
2026-01-17 01:00:00,Auditorium,31.6,33.83,226,60.39,867.16,58.61,16.95,95,74.17,0
2026-01-17 02:00:00,Computer Science Block,34.8,73.34,312,127.89,693.51,52.33,93.89,229,31.74,0
2026-01-17 03:00:00,Laboratory,26.39,52.86,323,164.25,738.16,41.58,27.14,126,80.42,0
2026-01-17 04:00:00,Admin Block,30.73,63.29,397,124.22,850.59,84.54,91.78,98,54.1,0
2026-01-17 05:00:00,Admin Block,23.39,57.74,58,124.45,830.24,79.37,30.29,152,44.56,0
2026-01-17 06:00:00,Computer Science Block,31.02,47.12,367,83.35,1213.94,84.74,16.35,138,97.28,0
2026-01-17 07:00:00,Computer Science Block,28.8,49.29,85,44.94,468.03,68.08,17.52,133,83.87,0
2026-01-17 08:00:00,Auditorium,29.89,50.65,32,85.89,990.59,124.65,42.26,13,31.71,0
2026-01-17 09:00:00,Auditorium,25.42,70.86,213,142.55,729.55,50.48,23.68,59,83.19,0
2026-01-17 10:00:00,Computer Science Block,21.36,58.52,335,150.5598494402029,1667.2009639388384,127.71090410119461,53.42,36,89.53,1
2026-01-17 11:00:00,Library,30.01,54.78,401,90.19,255.65,24.72,50.84,101,54.94,0
2026-01-17 12:00:00,Auditorium,19.75,50.65,444,65.18,663.66,90.0,85.26,22,52.85,0
2026-01-17 13:00:00,Hostel B,26.73,71.96,307,88.32,979.77,60.67,72.62,41,59.66,0
2026-01-17 14:00:00,Auditorium,31.76,74.64,455,159.9,677.02,46.43,72.86,195,62.64,0
2026-01-17 15:00:00,Admin Block,28.77,71.85,152,98.79,730.92,91.18,63.16,23,56.64,0
2026-01-17 16:00:00,Auditorium,35.79,64.92,214,152.0,773.97,49.54,14.27,101,65.43,0
2026-01-17 17:00:00,Library,32.1,62.9,341,99.66,900.64,59.02,77.25,137,98.08,0
2026-01-17 18:00:00,Computer Science Block,25.38,47.84,97,170.44,1265.69,104.25,42.27,60,32.25,0
2026-01-17 19:00:00,Admin Block,28.11,57.54,269,256.75746913574653,1787.1101768250705,130.31676790571052,85.26,144,98.78,1
2026-01-17 20:00:00,Auditorium,27.81,53.16,251,103.87,1572.61,70.25,32.2,197,89.46,0
2026-01-17 21:00:00,Library,21.67,41.74,199,114.34,1496.4,83.4,70.31,202,85.81,0
2026-01-17 22:00:00,Hostel B,24.24,70.57,401,69.55,1259.76,69.68,64.34,213,61.52,0
2026-01-17 23:00:00,Auditorium,25.76,53.04,196,102.11,1104.42,95.96,20.08,140,35.26,0
2026-01-18 00:00:00,Library,19.86,71.96,48,169.72,936.58,75.87,22.27,137,73.32,0
2026-01-18 01:00:00,Hostel B,28.19,68.82,185,132.58,1229.65,56.14,99.99,231,92.6,0
2026-01-18 02:00:00,Computer Science Block,27.0,65.57,345,46.93,1378.05,42.69,40.2,32,59.75,0
2026-01-18 03:00:00,Auditorium,21.31,66.13,245,114.01,877.91,107.99,46.67,211,34.85,0
2026-01-18 04:00:00,Hostel B,29.62,53.85,155,125.88,916.75,44.6,86.99,64,30.38,0
2026-01-18 05:00:00,Admin Block,30.86,78.58,206,146.27,1042.8,98.57,66.79,96,38.36,0
2026-01-18 06:00:00,Computer Science Block,28.91,60.43,74,106.88,824.73,58.1,71.12,92,72.42,0
2026-01-18 07:00:00,Admin Block,26.7,63.02,385,115.8,1219.34,63.38,67.28,94,99.36,0
2026-01-18 08:00:00,Hostel A,30.37,53.51,21,156.15,542.08,110.94,39.11,76,79.85,0
2026-01-18 09:00:00,Engineering Block,30.72,50.69,429,111.49,936.23,62.95,84.63,103,41.0,0
2026-01-18 10:00:00,Auditorium,29.23,64.77,338,94.5,553.1,73.01,13.04,84,90.39,0
2026-01-18 11:00:00,Hostel B,24.7,62.18,36,149.25,840.29,108.91,43.07,75,76.22,0
2026-01-18 12:00:00,Engineering Block,29.11,52.11,78,149.9,665.94,95.09,95.91,21,51.11,0
2026-01-18 13:00:00,Engineering Block,32.78,45.62,107,44.37,836.05,96.43,44.07,55,65.12,0
2026-01-18 14:00:00,Hostel B,25.61,47.3,242,129.06,430.98,59.26,11.51,187,58.21,0
2026-01-18 15:00:00,Computer Science Block,36.39,71.96,291,84.74,999.73,57.97,27.28,103,90.98,0
2026-01-18 16:00:00,Auditorium,25.9,53.87,77,134.0,753.8,93.77,94.97,68,96.73,0
2026-01-18 17:00:00,Hostel A,28.13,56.61,211,153.34,1115.61,79.97,86.43,163,38.66,0
2026-01-18 18:00:00,Admin Block,25.31,74.5,69,141.67,836.36,78.7,27.59,191,40.32,0
2026-01-18 19:00:00,Library,28.89,48.78,232,145.13,1060.25,49.14,97.97,75,35.77,0
2026-01-18 20:00:00,Admin Block,21.03,52.73,249,96.89,733.67,62.44,24.3,55,56.6,0
2026-01-18 21:00:00,Library,25.82,52.31,173,103.98,1050.19,37.12,99.31,71,97.97,0
2026-01-18 22:00:00,Admin Block,23.63,76.18,292,140.74,1377.23,83.04,86.01,22,99.11,0
2026-01-18 23:00:00,Hostel B,28.54,79.93,389,122.48,659.1,90.56,92.14,121,71.72,0
2026-01-19 00:00:00,Hostel A,31.98,67.52,65,65.98,1052.73,102.96,22.57,159,62.45,0
2026-01-19 01:00:00,Auditorium,30.58,67.83,381,151.2,539.0,43.8,37.16,213,51.17,0
2026-01-19 02:00:00,Library,18.51,54.2,402,68.78,815.68,96.82,73.18,164,30.03,0
2026-01-19 03:00:00,Auditorium,36.17,79.47,471,131.37,388.1,78.19,55.47,79,48.4,0
2026-01-19 04:00:00,Auditorium,29.18,62.68,325,127.25,1015.96,105.88,36.24,208,40.24,0
2026-01-19 05:00:00,Auditorium,24.89,68.53,446,161.36,702.23,34.92,72.59,178,30.14,0
2026-01-19 06:00:00,Laboratory,28.63,58.94,137,111.75,1036.82,119.24,80.17,168,92.72,0
2026-01-19 07:00:00,Computer Science Block,28.7,57.32,195,48.99,926.15,74.63,35.69,80,35.9,0
2026-01-19 08:00:00,Admin Block,25.33,76.63,87,125.02,789.8,84.83,17.72,144,79.6,0
2026-01-19 09:00:00,Auditorium,28.79,65.4,270,131.64,1044.39,59.12,61.69,63,94.72,0
2026-01-19 10:00:00,Admin Block,25.57,74.51,422,157.58,1115.53,55.26,45.69,216,38.9,0
2026-01-19 11:00:00,Auditorium,26.38,62.55,249,101.52,745.24,92.47,89.0,174,46.83,0
2026-01-19 12:00:00,Library,25.25,51.52,428,144.61,1125.09,71.5,14.05,71,46.45,0
2026-01-19 13:00:00,Computer Science Block,22.27,54.17,219,151.4,793.35,120.41,67.41,35,36.03,0
2026-01-19 14:00:00,Computer Science Block,28.58,61.03,165,94.37,164.7,72.62,14.27,9,93.68,0
2026-01-19 15:00:00,Hostel B,30.34,53.73,70,131.1,903.98,100.77,20.19,88,89.43,0
2026-01-19 16:00:00,Laboratory,30.06,48.93,421,68.48,688.03,74.41,43.19,236,56.65,0
2026-01-19 17:00:00,Hostel B,31.28,72.01,387,139.74,754.2,20.0,30.58,111,83.86,0
2026-01-19 18:00:00,Hostel B,29.3,54.55,205,127.78,345.55,69.33,24.56,179,65.66,0
2026-01-19 19:00:00,Hostel B,25.87,61.38,339,76.65,924.76,98.53,81.38,174,77.54,0
2026-01-19 20:00:00,Hostel B,31.36,62.96,218,106.11,677.61,83.61,30.9,5,78.24,0
2026-01-19 21:00:00,Hostel B,22.57,54.12,460,157.97,719.24,67.26,42.82,188,84.27,0
2026-01-19 22:00:00,Hostel A,24.4,74.51,164,126.99,1114.27,85.48,91.71,143,92.94,0
2026-01-19 23:00:00,Computer Science Block,24.14,48.83,78,96.1,323.2,111.7,80.7,241,85.24,0
2026-01-20 00:00:00,Hostel B,32.32,62.62,214,93.13,942.95,106.49,57.16,173,79.46,0
2026-01-20 01:00:00,Auditorium,31.77,62.46,489,155.11,947.83,43.55,18.45,40,73.54,0
2026-01-20 02:00:00,Computer Science Block,29.95,59.46,162,102.81,909.35,80.62,95.09,127,44.64,0
2026-01-20 03:00:00,Computer Science Block,32.29,47.03,242,127.72,1126.44,84.11,73.82,35,49.82,0
2026-01-20 04:00:00,Engineering Block,24.48,68.71,119,105.55,1071.05,52.53,13.16,67,35.28,0
2026-01-20 05:00:00,Hostel A,29.39,67.44,45,42.57,882.49,60.2,95.39,92,48.04,0
2026-01-20 06:00:00,Hostel B,27.5,53.24,451,97.14,662.03,55.87,16.46,195,68.08,0
2026-01-20 07:00:00,Admin Block,31.39,67.07,33,159.83,737.89,57.6,64.27,147,96.76,0
2026-01-20 08:00:00,Library,27.54,63.75,141,195.04,844.21,41.63,45.45,61,38.88,0
2026-01-20 09:00:00,Laboratory,26.46,47.19,484,92.93,266.77,75.16,98.28,134,61.0,0
2026-01-20 10:00:00,Auditorium,30.16,51.46,284,131.67,724.91,97.36,93.08,33,82.56,0
2026-01-20 11:00:00,Admin Block,31.5,71.38,26,201.51,1148.91,64.26,63.89,63,85.56,0
2026-01-20 12:00:00,Hostel A,25.33,63.09,238,162.03,752.2,120.84,73.11,45,43.37,0
2026-01-20 13:00:00,Library,27.76,54.36,239,77.57,1051.82,112.07,83.95,90,42.48,0
2026-01-20 14:00:00,Hostel A,23.77,51.42,202,110.74,1068.14,72.13,83.83,45,72.75,0
2026-01-20 15:00:00,Auditorium,18.01,54.85,415,129.02,1152.88,73.49,63.92,143,93.98,0
2026-01-20 16:00:00,Computer Science Block,28.8,55.56,420,164.54,770.51,111.56,32.65,99,86.31,0
2026-01-20 17:00:00,Library,30.44,51.54,476,77.89,786.78,62.26,38.14,130,56.91,0
2026-01-20 18:00:00,Computer Science Block,29.05,42.58,127,147.1,927.28,85.97,69.91,216,76.09,0
2026-01-20 19:00:00,Auditorium,20.2,71.4,411,144.62,651.08,103.28,71.91,111,47.84,0
2026-01-20 20:00:00,Admin Block,26.6,69.71,366,109.36,674.76,67.21,43.43,171,63.02,0
2026-01-20 21:00:00,Auditorium,19.13,47.27,143,195.05,1100.2,77.9,89.9,211,67.48,0
2026-01-20 22:00:00,Admin Block,33.48,61.36,189,88.1,676.18,48.51,46.01,103,74.64,0
2026-01-20 23:00:00,Library,23.66,50.98,479,132.74,977.63,51.24,72.86,213,58.03,0
2026-01-21 00:00:00,Library,33.02,57.38,440,126.98,949.34,117.81,28.85,136,32.24,0
2026-01-21 01:00:00,Hostel B,31.78,56.55,423,133.16,847.59,89.5,41.78,248,94.96,0
2026-01-21 02:00:00,Hostel A,24.4,55.72,276,160.44,916.77,97.39,59.15,35,96.94,0
2026-01-21 03:00:00,Hostel B,23.47,80.03,28,73.01,1020.48,89.92,13.39,225,78.09,0
2026-01-21 04:00:00,Hostel A,29.4,55.6,386,125.55,1209.51,83.03,13.77,34,48.65,0
2026-01-21 05:00:00,Hostel B,24.62,51.92,299,188.93,614.97,66.91,34.28,193,71.63,0
2026-01-21 06:00:00,Computer Science Block,28.41,52.37,144,147.94,606.12,123.79,84.5,201,49.33,0
2026-01-21 07:00:00,Library,26.07,70.44,181,96.87,825.23,47.87,29.49,97,78.92,0
2026-01-21 08:00:00,Admin Block,20.88,43.48,55,92.0,938.44,50.16,89.73,24,55.22,0
2026-01-21 09:00:00,Hostel A,19.08,52.37,23,138.12,920.44,64.17,74.45,205,69.02,0
2026-01-21 10:00:00,Auditorium,28.91,74.47,432,102.87,1279.88,89.81,72.0,249,34.13,0
2026-01-21 11:00:00,Hostel A,25.75,62.44,106,115.0,610.34,84.2,70.67,105,99.73,0
2026-01-21 12:00:00,Admin Block,25.79,61.92,419,93.98,437.0,59.55,97.87,18,76.35,0
2026-01-21 13:00:00,Hostel B,30.78,81.32,283,192.59,978.45,71.46,67.03,123,95.8,0
2026-01-21 14:00:00,Hostel A,32.69,62.46,110,132.13,905.77,68.71,68.43,48,82.12,0
2026-01-21 15:00:00,Laboratory,26.91,52.92,314,121.85,815.83,85.77,50.81,22,69.33,0
2026-01-21 16:00:00,Computer Science Block,26.64,57.18,77,62.87,1051.86,68.26,88.51,181,81.55,0
2026-01-21 17:00:00,Library,30.0,48.65,159,91.11,441.61,121.63,15.17,213,62.85,0
2026-01-21 18:00:00,Admin Block,22.57,72.56,191,117.87,417.08,72.69,40.99,85,97.15,0
2026-01-21 19:00:00,Library,28.89,65.75,279,274.99954293426947,566.70090028445,103.85870310132448,35.8,190,84.2,1
2026-01-21 20:00:00,Laboratory,30.21,71.24,44,178.13,672.62,97.6,45.82,74,38.47,0
2026-01-21 21:00:00,Hostel A,30.72,72.13,217,264.80880199871166,1695.1814562888392,159.76492178633262,53.19,25,96.55,1
2026-01-21 22:00:00,Hostel A,20.25,55.86,86,156.34,479.21,108.38,96.05,186,70.3,0
2026-01-21 23:00:00,Auditorium,24.95,50.55,442,126.28,859.68,103.86,93.2,242,61.53,0
2026-01-22 00:00:00,Laboratory,24.49,59.48,137,150.14,926.23,74.13,65.01,46,85.45,0
2026-01-22 01:00:00,Admin Block,28.4,51.27,299,61.62,1236.77,108.62,11.79,14,46.01,0
2026-01-22 02:00:00,Auditorium,29.92,61.65,488,76.02,634.49,69.83,60.01,112,97.07,0
2026-01-22 03:00:00,Computer Science Block,33.99,71.32,25,152.33,624.48,52.47,16.16,96,41.64,0
2026-01-22 04:00:00,Auditorium,26.02,58.32,116,172.38,1108.76,78.98,42.38,105,50.7,0
2026-01-22 05:00:00,Engineering Block,26.01,61.5,91,60.27,581.93,89.51,37.4,49,92.23,0
2026-01-22 06:00:00,Admin Block,32.6,59.06,436,120.43,1152.37,85.38,68.33,187,72.58,0
2026-01-22 07:00:00,Engineering Block,29.19,68.03,451,67.52,939.23,91.24,11.61,25,89.82,0
2026-01-22 08:00:00,Laboratory,33.07,53.32,470,96.75,408.6,60.28,80.98,197,43.95,0
2026-01-22 09:00:00,Hostel B,29.15,38.04,399,53.47,1013.3,95.13,84.38,45,86.26,0
2026-01-22 10:00:00,Engineering Block,23.37,64.71,277,115.85,962.92,114.49,12.91,72,42.49,0
2026-01-22 11:00:00,Computer Science Block,22.67,69.88,57,113.54,789.48,60.52,17.36,233,82.03,0
2026-01-22 12:00:00,Auditorium,21.79,64.46,315,113.12,693.48,102.36,92.86,241,40.82,0
2026-01-22 13:00:00,Hostel B,30.65,53.6,75,109.76,1253.88,89.59,65.44,184,54.01,0
2026-01-22 14:00:00,Auditorium,32.75,48.65,122,142.22,237.83,96.89,96.43,116,63.33,0
2026-01-22 15:00:00,Engineering Block,35.4,64.94,122,180.01,471.83,60.27,51.18,138,94.32,0
2026-01-22 16:00:00,Auditorium,31.37,61.41,235,77.69,717.87,83.44,27.16,29,81.22,0
2026-01-22 17:00:00,Laboratory,32.65,58.74,40,90.58,970.88,80.94,43.32,69,49.72,0
2026-01-22 18:00:00,Hostel B,25.68,78.22,134,124.53,849.38,79.27,93.61,232,61.25,0
2026-01-22 19:00:00,Laboratory,23.37,50.53,229,110.62,673.36,85.83,20.38,238,54.5,0
2026-01-22 20:00:00,Engineering Block,31.4,77.75,310,108.92,982.49,93.39,90.3,167,95.79,0
2026-01-22 21:00:00,Laboratory,29.67,60.32,222,74.06,415.61,115.25,57.68,7,42.22,0
2026-01-22 22:00:00,Computer Science Block,28.43,41.64,478,104.05,940.87,105.48,16.3,112,94.1,0
2026-01-22 23:00:00,Engineering Block,29.55,58.21,342,104.4,775.0,102.97,45.98,44,87.95,0
2026-01-23 00:00:00,Engineering Block,29.29,69.59,207,127.66,1017.76,113.32,31.89,68,39.01,0
2026-01-23 01:00:00,Engineering Block,33.14,56.35,170,88.24,973.4,85.02,61.78,220,49.12,0
2026-01-23 02:00:00,Admin Block,33.18,45.25,468,151.23,1040.45,57.97,23.72,91,79.73,0
2026-01-23 03:00:00,Auditorium,30.18,58.35,210,75.74,697.33,84.66,94.71,94,79.51,0
2026-01-23 04:00:00,Admin Block,31.38,51.43,426,174.4,665.81,91.12,29.02,201,46.36,0
2026-01-23 05:00:00,Admin Block,30.06,64.92,233,91.38,898.61,100.71,66.96,38,74.35,0
2026-01-23 06:00:00,Computer Science Block,26.16,67.73,398,170.48,485.55,93.58,84.81,249,78.12,0
2026-01-23 07:00:00,Hostel B,31.03,49.44,61,93.75,1403.82,75.56,63.63,184,35.04,0
2026-01-23 08:00:00,Auditorium,22.42,52.94,497,149.07,1251.95,110.1,69.0,210,56.67,0
2026-01-23 09:00:00,Laboratory,32.22,67.57,467,107.23,460.9,87.59,46.84,28,93.44,0
2026-01-23 10:00:00,Hostel A,23.22,51.41,213,122.82,907.03,74.78,19.17,130,93.03,0
2026-01-23 11:00:00,Engineering Block,29.14,49.18,269,141.06,1145.56,36.6,21.82,170,76.33,0
2026-01-23 12:00:00,Laboratory,24.62,48.21,100,108.33,751.88,91.52,73.19,101,75.69,0
2026-01-23 13:00:00,Engineering Block,30.21,63.52,60,53.38,662.52,50.92,81.75,185,89.88,0
2026-01-23 14:00:00,Computer Science Block,27.86,63.09,389,97.74,1145.16,54.92,85.81,188,53.95,0
2026-01-23 15:00:00,Engineering Block,21.62,53.16,39,102.31,1188.23,91.4,42.65,21,33.48,0
2026-01-23 16:00:00,Admin Block,29.68,60.05,28,180.5,446.99,91.94,97.2,229,89.25,0
2026-01-23 17:00:00,Auditorium,25.69,75.27,332,118.35,879.35,52.03,67.75,240,51.85,0
2026-01-23 18:00:00,Hostel A,31.52,50.26,143,125.97,819.82,70.15,23.82,240,77.09,0
2026-01-23 19:00:00,Library,28.01,40.48,222,115.95,410.38,78.37,16.06,147,64.17,0
2026-01-23 20:00:00,Engineering Block,29.58,64.55,420,127.63,448.35,100.44,59.04,103,40.13,0
2026-01-23 21:00:00,Laboratory,24.17,58.9,97,76.68,619.78,65.54,76.7,18,59.29,0
2026-01-23 22:00:00,Admin Block,25.64,52.9,229,95.95,853.94,99.39,11.63,193,48.38,0
2026-01-23 23:00:00,Library,26.17,66.52,37,292.50996661056365,2312.1961857081405,104.8330010374515,12.03,197,30.58,1
2026-01-24 00:00:00,Hostel A,31.43,68.39,255,192.44544345707877,303.0032699476524,95.12026100168579,62.05,178,66.67,1
2026-01-24 01:00:00,Library,34.71,37.92,338,116.45,879.66,107.15,99.09,18,69.48,0
2026-01-24 02:00:00,Admin Block,24.78,53.47,219,119.29,611.88,115.98,76.38,106,51.42,0
2026-01-24 03:00:00,Auditorium,32.31,83.18,368,144.08,982.81,109.11,23.64,241,50.59,0
2026-01-24 04:00:00,Auditorium,19.32,65.83,475,97.57,1104.54,97.64,17.85,169,61.29,0
2026-01-24 05:00:00,Hostel B,23.22,66.76,301,123.5,1112.01,82.62,83.29,80,73.24,0
2026-01-24 06:00:00,Auditorium,24.16,71.73,495,44.64,825.61,94.08,82.88,121,97.8,0
2026-01-24 07:00:00,Hostel B,22.59,60.17,475,63.59,766.05,93.08,51.12,231,63.44,0
2026-01-24 08:00:00,Library,21.67,67.97,271,174.5363205370089,1828.4582462373921,225.18940324564355,13.22,36,95.35,1
2026-01-24 09:00:00,Computer Science Block,29.65,67.18,359,81.32,767.21,62.03,78.96,6,98.25,0
2026-01-24 10:00:00,Laboratory,27.14,65.39,258,154.41,864.01,65.59,47.08,101,72.58,0
2026-01-24 11:00:00,Laboratory,29.52,56.78,475,82.62,734.46,57.63,83.48,150,69.24,0
2026-01-24 12:00:00,Library,30.76,61.72,481,115.53,933.79,113.84,22.97,115,34.22,0
2026-01-24 13:00:00,Engineering Block,29.06,54.12,288,148.08,508.32,80.26,51.69,148,45.62,0
2026-01-24 14:00:00,Engineering Block,30.63,60.13,138,137.26,776.61,62.2,57.37,93,99.87,0
2026-01-24 15:00:00,Auditorium,27.72,48.32,420,100.93,873.05,31.78,43.27,94,82.23,0
2026-01-24 16:00:00,Laboratory,23.25,52.09,390,106.35,1108.47,59.51,99.09,9,76.76,0
2026-01-24 17:00:00,Laboratory,32.23,57.18,301,324.20487865320786,1523.6989356113486,170.8158793233813,78.66,148,69.67,1
2026-01-24 18:00:00,Hostel B,25.64,50.56,409,309.69877372184726,390.3525020321513,54.54500570258895,84.71,112,77.8,1
2026-01-24 19:00:00,Computer Science Block,24.26,54.95,356,285.911897014443,1337.0307139815698,94.8455817369224,31.7,84,77.65,1
2026-01-24 20:00:00,Admin Block,27.29,58.36,407,148.18,1214.74,80.92,44.62,15,45.51,0
2026-01-24 21:00:00,Engineering Block,24.35,64.02,364,341.04032537183105,1918.1349231843826,138.12430080533622,19.97,12,84.93,1
2026-01-24 22:00:00,Laboratory,26.33,69.49,26,131.99,668.96,50.45,99.85,199,62.57,0
2026-01-24 23:00:00,Hostel B,29.38,55.36,292,124.23,597.77,59.94,33.18,57,79.11,0
2026-01-25 00:00:00,Hostel A,29.39,73.35,272,107.02,943.39,73.8,19.05,64,54.33,0
2026-01-25 01:00:00,Hostel B,24.41,69.39,361,137.45,678.21,89.0,28.47,212,70.42,0
2026-01-25 02:00:00,Engineering Block,26.05,65.04,147,111.72,856.84,94.26,61.44,11,81.46,0
2026-01-25 03:00:00,Engineering Block,32.3,61.54,393,231.88498872721755,1261.1074778179798,110.2938338444109,40.21,224,72.82,1
2026-01-25 04:00:00,Hostel B,29.99,63.19,111,145.28,626.93,112.24,24.76,134,74.33,0
2026-01-25 05:00:00,Admin Block,36.3,71.87,325,136.46,753.6,67.83,52.15,119,42.97,0
2026-01-25 06:00:00,Library,32.72,72.24,403,98.22,819.27,53.53,70.34,103,65.41,0
2026-01-25 07:00:00,Engineering Block,32.58,73.35,25,116.91,836.07,34.83,69.83,35,49.2,0
2026-01-25 08:00:00,Hostel B,22.45,60.41,433,157.93,780.41,95.88,11.33,15,55.91,0
2026-01-25 09:00:00,Laboratory,31.06,65.55,93,60.26,1124.36,77.79,77.99,237,86.13,0
2026-01-25 10:00:00,Hostel B,27.79,73.44,75,126.65,747.89,43.38,31.7,207,33.34,0
2026-01-25 11:00:00,Computer Science Block,25.8,53.76,314,146.5,1209.93,86.5,93.0,69,48.02,0
2026-01-25 12:00:00,Library,28.67,56.82,417,135.21,809.55,102.05,22.46,65,85.24,0
2026-01-25 13:00:00,Hostel A,31.78,60.16,329,192.43,684.55,86.31,45.95,189,89.24,0
2026-01-25 14:00:00,Admin Block,30.0,69.0,257,63.58,924.16,63.98,38.1,98,44.91,0
2026-01-25 15:00:00,Auditorium,24.49,69.15,41,78.57,1037.05,51.84,54.22,98,41.57,0
2026-01-25 16:00:00,Hostel A,30.97,57.69,460,126.38,645.61,86.09,38.22,37,85.95,0
2026-01-25 17:00:00,Library,25.45,44.91,60,152.62,491.41,80.89,79.41,144,80.21,0
2026-01-25 18:00:00,Library,28.87,62.46,365,122.01,1099.14,140.33,44.38,206,69.42,0
2026-01-25 19:00:00,Library,26.79,50.82,285,166.13,1184.92,55.22,41.51,187,62.06,0
2026-01-25 20:00:00,Hostel A,27.12,45.1,277,99.8,984.43,89.69,97.41,240,91.27,0
2026-01-25 21:00:00,Laboratory,31.06,47.36,470,110.45,663.66,66.31,46.31,242,49.55,0
2026-01-25 22:00:00,Library,23.84,63.26,67,146.69,812.09,63.05,21.7,47,75.33,0
2026-01-25 23:00:00,Hostel B,35.78,73.61,317,107.62,550.33,52.41,34.12,200,95.1,0
2026-01-26 00:00:00,Hostel A,20.72,60.39,158,152.79,1107.5,105.57,75.11,110,42.04,0
2026-01-26 01:00:00,Auditorium,25.61,62.11,221,144.32,904.7,105.2,33.57,124,43.52,0
2026-01-26 02:00:00,Library,29.48,71.83,159,105.43,962.27,101.63,71.24,245,38.31,0
2026-01-26 03:00:00,Hostel B,30.34,44.56,161,130.48,882.41,68.81,92.33,229,48.69,0
2026-01-26 04:00:00,Laboratory,27.6,65.2,305,103.27,850.93,92.36,43.67,106,69.82,0
2026-01-26 05:00:00,Computer Science Block,27.77,59.88,252,88.77,902.23,111.46,27.34,99,53.06,0
2026-01-26 06:00:00,Laboratory,29.64,65.66,335,106.3,849.88,22.79,74.51,227,69.15,0
2026-01-26 07:00:00,Auditorium,27.08,55.17,480,113.72,1141.83,92.69,49.4,9,63.81,0
2026-01-26 08:00:00,Library,33.57,51.82,177,123.91,499.34,102.64,14.15,67,67.17,0
2026-01-26 09:00:00,Auditorium,31.36,61.41,57,116.2,633.29,96.88,62.06,217,96.63,0
2026-01-26 10:00:00,Hostel A,31.49,76.49,94,58.57,759.32,59.38,62.24,22,44.49,0
2026-01-26 11:00:00,Engineering Block,24.14,68.61,340,154.68,803.68,58.35,71.35,86,76.95,0
2026-01-26 12:00:00,Library,27.68,54.92,494,60.42,1100.47,87.67,76.17,136,63.24,0
2026-01-26 13:00:00,Engineering Block,26.8,46.59,194,126.61,509.24,81.1,68.11,182,77.57,0
2026-01-26 14:00:00,Hostel B,23.98,43.18,58,94.07,985.62,101.58,40.45,24,71.87,0
2026-01-26 15:00:00,Computer Science Block,29.44,73.16,452,125.11,815.24,101.34,85.18,57,82.94,0
2026-01-26 16:00:00,Admin Block,25.85,50.45,92,112.15,1063.27,67.12,94.17,152,67.36,0
2026-01-26 17:00:00,Auditorium,30.62,56.74,77,132.17,948.54,41.09,37.19,244,79.12,0
2026-01-26 18:00:00,Laboratory,23.72,73.21,382,138.22,818.13,47.7,35.36,58,81.47,0
2026-01-26 19:00:00,Computer Science Block,34.88,43.86,493,347.0154226814774,985.4749136671227,78.8216428071846,56.17,32,42.47,1
2026-01-26 20:00:00,Library,24.41,74.92,108,147.06,935.62,67.84,98.72,243,94.74,0
2026-01-26 21:00:00,Engineering Block,28.88,57.46,292,121.45,751.01,87.02,24.7,81,80.72,0
2026-01-26 22:00:00,Laboratory,31.17,48.51,153,153.01,823.17,72.3,54.55,167,36.77,0
2026-01-26 23:00:00,Engineering Block,25.72,57.53,162,102.19,1045.66,50.64,27.48,150,90.26,0
2026-01-27 00:00:00,Hostel A,31.41,52.77,470,178.83,1218.92,94.73,46.89,165,43.35,0
2026-01-27 01:00:00,Engineering Block,23.08,64.41,114,99.2,442.31,72.8,44.1,41,71.05,0
2026-01-27 02:00:00,Hostel A,33.81,53.52,175,103.56,1046.68,64.06,61.38,232,51.92,0
2026-01-27 03:00:00,Hostel B,28.06,40.88,220,56.41,1174.62,60.99,13.12,141,70.3,0
2026-01-27 04:00:00,Laboratory,25.61,57.79,447,236.32645369553578,1467.7884446596158,167.73728283169308,82.65,30,92.17,1
2026-01-27 05:00:00,Laboratory,26.8,46.43,421,110.65,561.73,73.55,73.84,5,92.35,0
2026-01-27 06:00:00,Admin Block,31.24,62.04,179,110.47,939.87,65.81,99.99,157,85.02,0
2026-01-27 07:00:00,Library,25.66,48.13,230,178.9,804.29,51.41,33.02,92,87.03,0
2026-01-27 08:00:00,Hostel A,25.0,55.12,472,140.47,1728.05,65.75,88.1,162,65.54,0
2026-01-27 09:00:00,Admin Block,27.11,61.83,191,152.87,933.53,85.71,64.93,46,90.79,0
2026-01-27 10:00:00,Engineering Block,23.29,57.88,89,120.0,728.87,94.44,30.79,80,62.69,0
2026-01-27 11:00:00,Engineering Block,35.28,62.5,338,95.46,482.61,102.17,36.61,240,44.58,0
2026-01-27 12:00:00,Admin Block,25.73,66.8,479,196.26,606.96,63.44,11.84,147,92.86,0
2026-01-27 13:00:00,Laboratory,31.33,48.42,333,276.0614317920472,1842.4287433070617,76.3827438141979,40.92,216,62.17,1
2026-01-27 14:00:00,Engineering Block,28.84,59.36,450,142.56,416.63,93.52,90.95,223,72.05,0
2026-01-27 15:00:00,Auditorium,24.06,26.7,401,86.84,425.09,83.63,16.77,97,73.85,0
2026-01-27 16:00:00,Hostel B,27.98,62.47,164,79.03,1099.08,46.14,93.53,70,35.76,0
2026-01-27 17:00:00,Hostel B,31.14,56.99,186,172.35,756.15,97.72,44.16,19,54.78,0
2026-01-27 18:00:00,Auditorium,27.25,50.17,462,135.14,783.52,20.0,76.68,103,55.12,0
2026-01-27 19:00:00,Admin Block,32.77,63.16,410,112.21,994.65,55.45,69.27,14,80.17,0
2026-01-27 20:00:00,Auditorium,32.09,71.73,338,113.4,790.15,120.54,70.52,189,77.41,0
2026-01-27 21:00:00,Hostel A,31.68,55.24,136,83.77,451.25,149.39,59.35,158,99.22,0
2026-01-27 22:00:00,Hostel A,26.16,50.55,204,100.36,684.99,102.69,51.79,166,81.17,0
2026-01-27 23:00:00,Admin Block,23.68,61.65,222,134.9,967.25,71.7,93.54,12,45.59,0
2026-01-28 00:00:00,Auditorium,25.55,46.64,181,121.6,866.7,88.96,71.2,190,54.2,0
2026-01-28 01:00:00,Hostel A,28.78,53.4,328,146.35,1224.8,29.2,65.31,69,41.69,0
2026-01-28 02:00:00,Laboratory,30.18,72.22,469,24.07,952.95,68.98,47.64,147,90.34,0
2026-01-28 03:00:00,Auditorium,19.31,60.62,481,126.1,634.71,39.59,30.26,200,89.21,0
2026-01-28 04:00:00,Laboratory,27.97,41.21,357,147.29,1201.58,107.77,10.16,199,93.95,0
2026-01-28 05:00:00,Hostel A,28.63,42.03,451,42.78,1218.36,99.54,98.26,241,76.18,0
2026-01-28 06:00:00,Hostel B,26.89,61.62,207,83.81,673.97,95.47,78.07,46,48.82,0
2026-01-28 07:00:00,Hostel A,33.17,68.62,62,69.39,990.69,100.01,99.46,134,92.77,0
2026-01-28 08:00:00,Laboratory,29.69,43.82,220,165.38,1016.58,66.31,79.32,151,49.09,0
2026-01-28 09:00:00,Computer Science Block,33.24,64.5,250,122.52,934.94,79.02,14.1,151,56.89,0
2026-01-28 10:00:00,Library,27.14,73.3,23,124.94,505.67,63.04,49.97,50,31.53,0
2026-01-28 11:00:00,Engineering Block,31.75,78.88,259,159.71,1597.08,80.93,20.51,109,70.46,0
2026-01-28 12:00:00,Auditorium,34.54,63.31,225,116.12,743.07,77.59,82.11,87,60.49,0
2026-01-28 13:00:00,Computer Science Block,33.25,65.07,350,97.26,940.01,89.22,26.74,88,75.35,0
2026-01-28 14:00:00,Hostel A,23.63,38.67,113,125.99,1079.73,52.62,69.19,181,97.76,0
2026-01-28 15:00:00,Hostel B,26.99,81.0,251,135.06,746.67,80.27,69.27,190,34.01,0
2026-01-28 16:00:00,Admin Block,26.62,54.25,382,80.42,1159.99,79.93,67.5,169,36.4,0
2026-01-28 17:00:00,Hostel A,29.96,50.67,366,174.82,849.79,84.6,89.05,70,69.49,0
2026-01-28 18:00:00,Hostel B,30.75,57.45,368,53.74,691.19,56.79,75.32,29,99.85,0
2026-01-28 19:00:00,Library,24.64,75.12,455,131.43,493.13,64.75,39.47,107,50.16,0
2026-01-28 20:00:00,Hostel A,28.27,82.08,179,178.58,755.63,59.29,38.33,218,67.55,0
2026-01-28 21:00:00,Laboratory,19.92,61.25,132,124.24,940.75,128.73,12.01,166,44.26,0
2026-01-28 22:00:00,Admin Block,33.77,69.98,271,48.08,771.18,109.88,91.75,90,67.08,0
2026-01-28 23:00:00,Hostel B,25.95,60.43,241,172.03,1013.65,78.33,19.31,208,42.84,0
2026-01-29 00:00:00,Hostel B,28.22,49.62,365,103.16,1263.85,91.12,53.12,242,42.4,0
2026-01-29 01:00:00,Hostel B,26.76,74.77,113,147.33,774.12,118.39,55.77,171,53.71,0
2026-01-29 02:00:00,Library,32.58,53.78,454,134.66,1136.07,120.07,50.31,242,95.77,0
2026-01-29 03:00:00,Hostel A,16.65,75.36,413,119.43,894.75,89.96,61.69,144,76.16,0
2026-01-29 04:00:00,Library,27.93,72.99,415,95.3222171592191,1751.262960641861,92.37888090610451,75.63,180,56.02,1
2026-01-29 05:00:00,Auditorium,27.58,66.14,485,134.24,852.85,110.19,27.66,114,74.71,0
2026-01-29 06:00:00,Engineering Block,26.19,78.29,186,145.83,948.54,85.84,16.63,131,43.96,0
2026-01-29 07:00:00,Engineering Block,34.9,82.32,483,63.97,645.35,71.52,87.17,249,74.62,0
2026-01-29 08:00:00,Auditorium,24.45,58.25,471,178.61,667.74,96.94,54.53,227,94.42,0
2026-01-29 09:00:00,Hostel A,31.09,51.91,157,106.48,699.86,63.9,21.46,121,95.59,0
2026-01-29 10:00:00,Laboratory,29.43,41.36,367,183.57,412.6,41.63,70.49,64,71.05,0
2026-01-29 11:00:00,Library,33.05,82.45,380,351.90362557047894,1021.9565559639719,222.5462732789444,30.08,228,91.57,1
2026-01-29 12:00:00,Admin Block,25.33,55.6,229,120.83,827.1,91.21,17.36,104,57.11,0
2026-01-29 13:00:00,Hostel B,25.07,71.35,275,123.67,706.28,100.67,35.43,146,91.99,0
2026-01-29 14:00:00,Hostel B,32.38,52.59,92,154.47,838.53,33.85,36.72,158,53.39,0
2026-01-29 15:00:00,Hostel A,29.7,75.38,233,173.48,1006.45,90.46,88.16,224,79.22,0
2026-01-29 16:00:00,Laboratory,21.82,53.0,285,85.98,912.12,87.26,37.66,5,94.32,0
2026-01-29 17:00:00,Engineering Block,25.84,48.08,379,99.05,822.58,71.38,80.22,142,69.55,0
2026-01-29 18:00:00,Engineering Block,29.55,57.91,170,178.03,388.26,71.6,61.95,219,49.22,0
2026-01-29 19:00:00,Hostel B,31.35,54.68,254,89.12,862.41,67.35,18.52,167,78.86,0
2026-01-29 20:00:00,Hostel A,25.28,65.96,480,120.77,680.9,119.38,24.08,211,37.89,0
2026-01-29 21:00:00,Library,16.34,59.49,235,95.94,1023.14,100.96,17.21,57,54.2,0
2026-01-29 22:00:00,Engineering Block,30.09,66.28,416,145.87,650.7,73.44,46.13,129,92.71,0
2026-01-29 23:00:00,Library,23.12,57.09,323,33.77,563.82,63.94,97.29,177,81.59,0
2026-01-30 00:00:00,Laboratory,19.93,53.35,128,145.71,1205.05,79.45,26.27,140,33.83,0
2026-01-30 01:00:00,Engineering Block,16.67,54.16,364,160.61,399.19,79.79,40.79,6,70.16,0
2026-01-30 02:00:00,Engineering Block,31.26,80.45,319,143.01,1272.43,53.92,83.8,152,47.37,0
2026-01-30 03:00:00,Computer Science Block,28.51,62.25,368,90.9,876.49,107.66,88.82,173,30.95,0
2026-01-30 04:00:00,Engineering Block,27.1,40.16,483,20.0,765.87,73.57,76.18,111,48.71,0
2026-01-30 05:00:00,Auditorium,33.56,54.8,339,96.29,741.86,81.81,52.04,33,84.18,0
2026-01-30 06:00:00,Admin Block,30.55,60.97,315,142.81,1070.0,100.23,68.4,67,58.17,0
2026-01-30 07:00:00,Auditorium,34.47,78.45,409,119.14,904.36,119.41,50.5,134,48.61,0
2026-01-30 08:00:00,Hostel A,22.43,70.29,139,150.76,893.48,82.78,86.38,44,99.92,0
2026-01-30 09:00:00,Hostel A,27.86,50.78,347,112.26,833.58,44.37,46.89,173,70.39,0
2026-01-30 10:00:00,Library,21.53,84.18,117,110.49,734.79,94.84,83.6,176,45.54,0
2026-01-30 11:00:00,Auditorium,27.08,59.69,229,176.01,1162.52,84.03,62.71,132,44.2,0
2026-01-30 12:00:00,Auditorium,27.01,72.46,446,95.83,731.28,66.68,56.91,183,37.23,0
2026-01-30 13:00:00,Auditorium,30.51,48.45,51,142.63,529.25,89.6,69.08,211,72.82,0
2026-01-30 14:00:00,Laboratory,28.18,36.02,452,147.44,926.43,63.84,36.29,57,91.55,0
2026-01-30 15:00:00,Engineering Block,30.49,45.92,349,203.0,492.22,41.53,45.29,72,90.2,0
2026-01-30 16:00:00,Admin Block,30.81,27.5,245,177.95,1218.5,83.31,82.45,238,95.79,0
2026-01-30 17:00:00,Library,36.62,81.12,234,139.22,952.8,56.42,44.56,17,31.62,0
2026-01-30 18:00:00,Auditorium,26.74,62.15,142,144.84,320.87,73.09,68.82,160,69.29,0
2026-01-30 19:00:00,Auditorium,24.24,50.75,166,164.17,945.21,94.53,69.72,44,94.18,0
2026-01-30 20:00:00,Computer Science Block,28.98,64.53,359,97.54,756.7,27.35,88.28,111,93.02,0
2026-01-30 21:00:00,Library,24.79,61.89,71,181.65,1168.6,70.7,49.93,233,48.97,0
2026-01-30 22:00:00,Auditorium,33.93,66.21,199,118.91,814.88,56.17,91.23,153,65.14,0
2026-01-30 23:00:00,Library,26.87,72.1,309,143.86,820.5,42.56,99.38,211,36.72,0
2026-01-31 00:00:00,Engineering Block,25.74,57.1,206,132.65,749.94,80.87,25.23,66,49.19,0
2026-01-31 01:00:00,Computer Science Block,26.11,51.2,356,93.5,776.09,67.31,74.39,37,99.44,0
2026-01-31 02:00:00,Library,30.87,68.28,127,106.67,329.2,95.34,72.85,185,70.96,0
2026-01-31 03:00:00,Admin Block,27.37,68.02,145,92.09,707.7,90.18,51.05,245,99.91,0
2026-01-31 04:00:00,Admin Block,25.43,61.01,280,127.67,599.01,93.84,37.34,208,31.16,0
2026-01-31 05:00:00,Hostel A,34.66,81.78,213,66.38,745.1,31.78,12.45,34,97.99,0
2026-01-31 06:00:00,Computer Science Block,24.58,55.62,316,85.39,1123.09,83.28,67.26,200,54.77,0
2026-01-31 07:00:00,Computer Science Block,28.14,51.0,53,104.48,1254.69,84.3,38.41,43,35.8,0
2026-01-31 08:00:00,Hostel A,30.61,64.18,457,114.48,902.28,48.78,59.7,143,36.27,0
2026-01-31 09:00:00,Library,21.47,53.25,295,290.03180143849653,1426.2464515790914,129.6009222383737,20.99,112,54.07,1
2026-01-31 10:00:00,Computer Science Block,29.92,64.96,201,154.82,496.14,85.83,13.98,223,63.16,0
2026-01-31 11:00:00,Admin Block,23.78,51.67,258,115.89,727.19,80.69,82.21,116,35.97,0
2026-01-31 12:00:00,Admin Block,31.29,56.0,341,183.5,537.97,95.25,21.06,214,89.61,0
2026-01-31 13:00:00,Auditorium,24.15,78.91,367,317.5611676349665,1378.9371610450003,130.56896539702325,22.36,210,64.02,1
2026-01-31 14:00:00,Engineering Block,30.77,55.94,165,143.59,835.24,95.79,61.35,147,55.54,0
2026-01-31 15:00:00,Computer Science Block,32.42,52.01,63,53.81,896.73,46.43,75.8,53,66.51,0
2026-01-31 16:00:00,Library,31.45,71.71,378,152.8004362405375,1819.1704809227901,91.02700224699332,10.72,166,64.13,1
2026-01-31 17:00:00,Hostel A,29.01,49.49,323,156.67,368.39,69.65,49.79,219,37.22,0
2026-01-31 18:00:00,Hostel A,27.07,53.07,310,142.92,610.02,75.62,66.81,231,33.51,0
2026-01-31 19:00:00,Library,25.69,65.77,482,182.83,614.71,39.13,76.43,201,77.5,0
2026-01-31 20:00:00,Laboratory,33.88,69.38,386,322.80354546422336,1249.8114098637473,125.49844141247897,95.31,197,64.14,1
2026-01-31 21:00:00,Hostel B,25.2,72.2,314,101.43,875.47,98.17,11.45,222,31.72,0
2026-01-31 22:00:00,Engineering Block,23.85,52.53,278,160.29,657.63,45.6,90.88,142,76.67,0
2026-01-31 23:00:00,Hostel A,30.66,65.96,38,85.61,1640.18,41.7,97.0,83,79.4,0
2026-02-01 00:00:00,Computer Science Block,24.82,55.34,234,64.42,1157.04,110.35,87.92,228,97.9,0
2026-02-01 01:00:00,Engineering Block,24.2,53.94,230,131.17,590.79,89.42,95.4,46,74.1,0
2026-02-01 02:00:00,Computer Science Block,22.23,72.03,400,146.79,1181.99,128.15,20.67,92,49.25,0
2026-02-01 03:00:00,Laboratory,26.07,54.5,421,131.72,1266.2,83.19,99.3,40,46.71,0
2026-02-01 04:00:00,Admin Block,27.67,62.78,497,153.47,537.34,76.9,78.87,49,62.02,0
2026-02-01 05:00:00,Engineering Block,28.97,61.56,250,99.64,553.82,61.05,16.25,84,36.47,0
2026-02-01 06:00:00,Auditorium,31.81,49.29,358,155.66,881.21,138.43,71.1,14,64.72,0
2026-02-01 07:00:00,Hostel A,30.11,69.66,24,101.8,1115.07,109.68,73.28,102,52.95,0
2026-02-01 08:00:00,Engineering Block,27.24,65.6,330,203.61,931.72,91.71,66.64,108,88.09,0
2026-02-01 09:00:00,Engineering Block,27.21,40.14,288,149.96,419.34,87.02,88.72,126,78.65,0
2026-02-01 10:00:00,Engineering Block,30.04,62.77,181,175.21,651.53,50.93,77.39,146,47.97,0
2026-02-01 11:00:00,Hostel B,33.09,52.27,235,76.44,702.91,80.01,24.56,201,63.5,0
2026-02-01 12:00:00,Engineering Block,28.51,70.97,293,105.28,1060.1,52.16,32.52,22,80.18,0
2026-02-01 13:00:00,Computer Science Block,26.12,45.55,343,117.0,494.95,72.2,51.71,125,42.11,0
2026-02-01 14:00:00,Admin Block,24.03,56.44,119,79.34,534.96,82.54,45.53,186,97.83,0
2026-02-01 15:00:00,Laboratory,22.22,63.62,475,176.51,864.87,84.45,69.67,12,36.42,0
2026-02-01 16:00:00,Library,30.67,60.54,190,121.99,849.06,54.33,22.28,99,96.73,0
2026-02-01 17:00:00,Engineering Block,30.31,67.63,468,67.16,1075.58,92.79,41.89,112,31.17,0
2026-02-01 18:00:00,Hostel A,30.31,44.82,271,102.62,694.36,77.51,31.85,64,63.84,0
2026-02-01 19:00:00,Engineering Block,27.49,76.52,188,80.68,1120.01,98.82,36.43,86,50.17,0
2026-02-01 20:00:00,Hostel A,33.63,65.25,57,146.08,1078.26,94.57,73.98,145,97.74,0
2026-02-01 21:00:00,Computer Science Block,26.06,73.6,247,141.25,824.19,110.54,17.24,233,89.89,0
2026-02-01 22:00:00,Hostel A,31.82,68.74,441,142.67,715.28,60.13,89.86,143,93.18,0
2026-02-01 23:00:00,Auditorium,27.85,59.88,416,154.32,1271.72,129.33,67.69,7,64.42,0
2026-02-02 00:00:00,Library,25.57,47.16,144,196.9,966.84,51.94,47.05,148,37.41,0
2026-02-02 01:00:00,Admin Block,30.37,54.36,297,183.51,777.93,71.28,53.72,76,47.3,0
2026-02-02 02:00:00,Hostel A,29.64,75.9,304,104.32,607.44,84.51,72.84,213,67.16,0
2026-02-02 03:00:00,Hostel A,29.43,73.85,156,194.53,1175.58,93.93,75.77,61,57.23,0
2026-02-02 04:00:00,Admin Block,28.33,53.8,494,240.04455132503423,1336.134487138955,106.99511866920892,82.42,234,52.94,1
2026-02-02 05:00:00,Library,27.85,31.82,385,123.67,715.49,78.21,33.73,17,51.2,0
2026-02-02 06:00:00,Engineering Block,37.55,57.87,127,122.49,661.0,129.68,87.21,53,46.39,0
2026-02-02 07:00:00,Hostel A,32.74,57.12,87,143.26,755.87,63.64,84.75,39,67.65,0
2026-02-02 08:00:00,Admin Block,30.89,57.5,123,54.66,950.05,54.54,86.96,49,78.18,0
2026-02-02 09:00:00,Auditorium,28.45,65.29,420,120.87,721.73,47.73,17.27,108,78.38,0
2026-02-02 10:00:00,Auditorium,32.03,68.76,265,130.34,825.46,64.68,22.93,140,33.13,0
2026-02-02 11:00:00,Computer Science Block,30.07,69.9,184,61.03,673.64,20.0,66.23,87,31.89,0
2026-02-02 12:00:00,Admin Block,28.1,64.46,211,60.38,972.03,79.96,95.77,174,36.11,0
2026-02-02 13:00:00,Computer Science Block,26.79,41.99,214,91.1,824.81,122.49,19.89,124,31.24,0
2026-02-02 14:00:00,Auditorium,27.68,56.59,151,94.08,542.13,78.49,76.5,83,60.83,0
2026-02-02 15:00:00,Library,15.32,83.04,315,121.5,818.72,110.34,22.25,67,33.76,0
2026-02-02 16:00:00,Engineering Block,28.84,63.74,163,115.34,908.27,70.33,95.54,203,60.49,0
2026-02-02 17:00:00,Admin Block,26.05,63.68,414,161.09,746.82,123.82,82.01,246,53.58,0
2026-02-02 18:00:00,Laboratory,34.37,63.59,238,106.7,330.4,90.18,35.95,133,34.1,0
2026-02-02 19:00:00,Auditorium,28.08,64.15,45,107.35,1162.98,79.17,14.28,63,35.93,0
2026-02-02 20:00:00,Auditorium,23.24,36.17,270,155.14,598.42,55.46,49.3,81,84.05,0
2026-02-02 21:00:00,Laboratory,27.8,57.6,114,53.41,1004.03,84.58,57.26,65,80.71,0
2026-02-02 22:00:00,Hostel B,23.82,59.62,373,182.08,755.12,124.44,57.44,181,50.03,0
2026-02-02 23:00:00,Auditorium,29.89,72.81,219,66.71,826.06,31.99,86.67,23,39.09,0
2026-02-03 00:00:00,Hostel A,29.16,60.48,122,155.73,800.38,77.31,98.28,187,54.94,0
2026-02-03 01:00:00,Library,31.83,43.53,212,149.55,1100.75,70.8,48.87,61,63.88,0
2026-02-03 02:00:00,Admin Block,24.84,64.3,400,174.78,908.29,45.43,24.74,67,66.22,0
2026-02-03 03:00:00,Laboratory,28.14,51.96,21,95.0,886.2,61.42,43.93,198,31.72,0
2026-02-03 04:00:00,Hostel A,22.54,47.83,266,121.47,545.5,100.42,74.09,154,72.07,0
2026-02-03 05:00:00,Laboratory,30.81,51.66,110,79.69,1224.44,66.52,62.53,12,74.11,0
2026-02-03 06:00:00,Admin Block,30.08,65.43,64,117.85,470.01,107.9,17.81,47,75.01,0
2026-02-03 07:00:00,Computer Science Block,29.98,72.59,446,116.42,1175.2,72.0,28.89,157,73.85,0
2026-02-03 08:00:00,Admin Block,28.01,64.83,22,174.38,393.44,78.06,72.42,30,96.98,0
2026-02-03 09:00:00,Hostel B,29.66,66.32,437,138.81,1303.05,102.15,72.83,208,79.69,0
2026-02-03 10:00:00,Admin Block,34.42,64.73,355,118.81,953.1,76.83,64.81,7,52.18,0
2026-02-03 11:00:00,Admin Block,26.86,61.01,468,118.36,721.12,87.06,36.46,25,86.85,0
2026-02-03 12:00:00,Hostel B,28.55,66.97,83,103.93,504.18,67.72,24.69,201,60.22,0
2026-02-03 13:00:00,Library,23.66,35.81,154,111.63,846.0,72.49,30.59,144,34.23,0
2026-02-03 14:00:00,Auditorium,24.53,61.11,310,122.87,964.69,99.82,82.68,31,75.42,0
2026-02-03 15:00:00,Admin Block,28.39,49.55,297,187.86,864.34,61.52,53.97,133,56.76,0
2026-02-03 16:00:00,Hostel B,32.42,71.63,195,134.06,748.19,52.91,41.61,175,95.12,0
2026-02-03 17:00:00,Hostel A,26.97,58.53,435,83.76,668.22,72.59,22.23,199,53.92,0
2026-02-03 18:00:00,Computer Science Block,27.06,60.31,301,211.28,1145.33,79.39,45.33,186,33.15,0
2026-02-03 19:00:00,Computer Science Block,26.37,44.95,139,156.21,770.09,55.48,47.6,58,96.28,0
2026-02-03 20:00:00,Admin Block,25.86,70.17,281,154.02,942.55,115.75,89.74,184,88.27,0
2026-02-03 21:00:00,Library,29.18,66.27,193,112.44,986.62,84.78,94.61,195,98.55,0
2026-02-03 22:00:00,Library,22.01,65.57,458,147.91,539.6,59.73,85.55,121,42.67,0
2026-02-03 23:00:00,Hostel A,33.12,51.87,478,130.65,824.66,93.08,44.94,78,31.49,0
2026-02-04 00:00:00,Admin Block,25.34,52.26,498,72.43,1178.31,103.78,60.33,17,96.58,0
2026-02-04 01:00:00,Computer Science Block,30.89,62.24,137,135.88,922.65,52.62,85.71,23,81.96,0
2026-02-04 02:00:00,Library,22.92,53.06,458,76.08,961.43,92.26,14.54,99,89.99,0
2026-02-04 03:00:00,Admin Block,30.68,64.35,360,130.43,744.0,67.08,57.95,209,30.28,0
2026-02-04 04:00:00,Laboratory,30.69,38.39,204,133.7,1121.94,91.96,45.88,120,75.99,0
2026-02-04 05:00:00,Library,29.54,55.12,262,88.07,1337.99,131.79,44.29,98,79.79,0
2026-02-04 06:00:00,Hostel B,24.02,77.97,233,124.11,656.03,61.1,41.51,210,54.04,0
2026-02-04 07:00:00,Laboratory,29.0,64.39,140,140.81,1046.39,86.81,67.64,62,63.14,0
2026-02-04 08:00:00,Auditorium,23.27,61.67,82,102.06,505.92,29.79,47.56,36,39.3,0
2026-02-04 09:00:00,Library,26.99,79.85,404,136.0,1002.12,129.52,39.0,110,35.6,0
2026-02-04 10:00:00,Computer Science Block,32.12,36.64,168,164.53,960.1,27.21,60.97,53,86.74,0
2026-02-04 11:00:00,Engineering Block,31.19,51.85,295,149.48,563.97,84.22,43.58,106,87.55,0
2026-02-04 12:00:00,Laboratory,28.06,55.99,476,109.15,1081.39,105.53,13.12,105,46.12,0
2026-02-04 13:00:00,Auditorium,24.1,68.58,494,170.86,600.98,77.88,47.59,146,87.18,0
2026-02-04 14:00:00,Hostel A,30.58,68.76,48,146.35,1333.2,70.63,27.65,50,55.49,0
2026-02-04 15:00:00,Hostel A,28.08,51.34,318,114.08,885.9,76.81,18.99,105,50.23,0
2026-02-04 16:00:00,Computer Science Block,18.72,69.98,244,207.16078947330456,1557.4169609418036,144.48787473222234,88.53,96,85.45,1
2026-02-04 17:00:00,Library,31.13,55.97,192,141.66,683.17,38.82,72.26,193,79.47,0
2026-02-04 18:00:00,Admin Block,27.9,72.12,263,157.99,1001.97,20.0,44.28,24,74.46,0
2026-02-04 19:00:00,Library,32.81,49.67,340,159.69,935.29,108.25,98.67,157,85.69,0
2026-02-04 20:00:00,Computer Science Block,23.62,58.77,150,141.57,885.6,59.75,43.05,207,90.42,0
2026-02-04 21:00:00,Hostel A,15.29,55.1,371,108.07,662.42,79.37,32.0,193,96.4,0
2026-02-04 22:00:00,Library,29.12,70.56,39,139.88,783.04,48.53,52.62,31,73.65,0
2026-02-04 23:00:00,Hostel A,29.17,54.77,100,89.87,665.57,72.2,95.1,161,36.37,0
2026-02-05 00:00:00,Laboratory,21.24,59.58,312,130.15,421.29,100.12,69.76,73,54.77,0
2026-02-05 01:00:00,Auditorium,24.09,65.07,313,182.94,815.06,66.92,75.75,219,39.22,0
2026-02-05 02:00:00,Admin Block,39.02,65.45,477,84.74,571.58,111.99,24.88,247,38.51,0
2026-02-05 03:00:00,Laboratory,26.78,68.87,254,100.63,1354.63,83.44,13.61,243,99.24,0
2026-02-05 04:00:00,Hostel A,30.92,62.11,320,153.14,1319.27,80.73,58.34,53,42.94,0
2026-02-05 05:00:00,Hostel A,25.4,55.82,240,89.33,938.25,87.85,39.73,21,81.65,0
2026-02-05 06:00:00,Engineering Block,19.64,56.5,189,173.72,392.44,86.51,13.84,135,84.73,0
2026-02-05 07:00:00,Engineering Block,27.32,60.26,65,154.16,964.44,94.63,90.65,247,64.4,0
2026-02-05 08:00:00,Laboratory,26.94,62.5,79,155.62,795.45,75.41,12.26,201,30.32,0
2026-02-05 09:00:00,Hostel B,26.4,58.53,115,159.83,1128.64,57.73,11.14,188,80.94,0
2026-02-05 10:00:00,Laboratory,27.54,60.19,288,74.77,1104.73,112.01,36.93,186,96.64,0
2026-02-05 11:00:00,Engineering Block,29.06,44.83,50,82.14,660.81,104.78,54.75,140,83.88,0
2026-02-05 12:00:00,Hostel A,27.4,66.67,399,166.2,758.7,89.05,50.57,59,67.0,0
2026-02-05 13:00:00,Computer Science Block,22.94,61.81,343,109.26,740.39,103.78,42.4,229,71.13,0
2026-02-05 14:00:00,Laboratory,29.94,70.02,135,117.47,745.7,49.68,87.74,210,41.09,0
2026-02-05 15:00:00,Hostel A,20.2,60.0,81,144.78,454.01,54.73,36.78,174,91.84,0
2026-02-05 16:00:00,Computer Science Block,19.8,42.62,452,125.3,945.6,93.78,68.75,163,71.79,0
2026-02-05 17:00:00,Computer Science Block,30.96,56.42,165,157.82,870.34,47.29,45.87,12,47.37,0
2026-02-05 18:00:00,Engineering Block,30.03,58.0,350,140.25,768.37,125.0,44.98,69,37.03,0
2026-02-05 19:00:00,Laboratory,27.77,67.43,381,113.08,918.63,62.9,93.95,9,48.74,0
2026-02-05 20:00:00,Library,22.42,39.3,72,116.68,931.6,43.05,72.77,119,83.63,0
2026-02-05 21:00:00,Admin Block,25.17,60.41,421,129.04,1141.43,61.51,58.44,235,96.86,0
2026-02-05 22:00:00,Engineering Block,26.95,65.14,70,133.65,1073.95,57.41,25.72,137,46.34,0
2026-02-05 23:00:00,Engineering Block,21.62,53.39,188,236.74259962309836,2422.015044427108,132.6073869908679,22.38,38,51.68,1
2026-02-06 00:00:00,Library,25.04,60.75,376,125.79,625.53,87.39,27.43,243,86.38,0
2026-02-06 01:00:00,Admin Block,30.61,53.73,376,117.04,569.74,57.18,66.42,5,81.0,0
2026-02-06 02:00:00,Hostel A,33.71,52.7,214,113.7,1087.83,80.29,15.04,66,38.65,0
2026-02-06 03:00:00,Hostel B,26.32,55.92,468,104.88,1277.04,59.93,51.77,14,93.74,0
2026-02-06 04:00:00,Laboratory,31.03,52.89,102,176.17,1062.1,105.56,51.38,234,46.38,0
2026-02-06 05:00:00,Hostel B,20.34,66.84,398,89.44,932.46,53.37,92.6,42,83.76,0
2026-02-06 06:00:00,Hostel A,30.64,52.65,153,75.88,851.72,117.31,43.29,82,75.58,0
2026-02-06 07:00:00,Auditorium,24.78,50.97,477,151.2,1565.17,78.31,90.69,12,62.77,0
2026-02-06 08:00:00,Engineering Block,29.23,77.68,440,136.85,1058.23,97.17,65.36,157,36.12,0
2026-02-06 09:00:00,Admin Block,27.01,69.61,287,192.25,800.03,50.28,45.11,97,92.48,0
2026-02-06 10:00:00,Engineering Block,33.28,41.38,100,117.08,1345.96,74.14,57.39,182,67.13,0
2026-02-06 11:00:00,Computer Science Block,24.5,52.35,238,118.99,1280.54,128.94,18.48,65,37.93,0
2026-02-06 12:00:00,Engineering Block,30.51,62.42,21,91.17,491.75,66.67,90.07,41,63.38,0
2026-02-06 13:00:00,Engineering Block,26.88,63.24,328,123.53,543.12,89.36,66.83,217,37.27,0
2026-02-06 14:00:00,Hostel A,27.37,45.1,428,59.32,798.46,69.9,49.21,35,56.16,0
2026-02-06 15:00:00,Hostel A,27.26,71.59,270,53.93,1168.95,68.39,79.82,114,38.28,0
2026-02-06 16:00:00,Hostel A,24.62,68.25,255,100.98,705.07,110.2,46.4,174,48.35,0
2026-02-06 17:00:00,Hostel B,27.94,64.82,175,122.32,595.04,114.99,51.49,156,86.8,0
2026-02-06 18:00:00,Computer Science Block,27.75,73.57,448,99.46,1053.51,33.2,47.98,109,46.28,0
2026-02-06 19:00:00,Auditorium,28.96,64.52,56,99.75,367.58,66.35,99.69,89,74.66,0
2026-02-06 20:00:00,Auditorium,28.34,64.49,248,67.21,762.18,54.23,79.32,249,46.12,0
2026-02-06 21:00:00,Hostel A,31.19,75.58,164,142.1,581.54,88.17,93.59,199,73.13,0
2026-02-06 22:00:00,Admin Block,31.69,71.01,344,95.06,847.94,91.12,44.17,228,82.09,0
2026-02-06 23:00:00,Hostel B,23.8,51.58,75,178.08,613.08,60.99,54.12,194,37.23,0
2026-02-07 00:00:00,Library,31.48,66.33,140,117.58,812.07,66.15,28.12,138,89.34,0
2026-02-07 01:00:00,Admin Block,23.25,53.36,333,83.2,955.38,84.39,10.91,203,93.96,0
2026-02-07 02:00:00,Laboratory,30.35,65.04,230,39.3,882.44,73.3,27.53,55,56.07,0
2026-02-07 03:00:00,Laboratory,30.48,64.77,279,77.01,715.69,103.45,93.6,147,91.43,0
2026-02-07 04:00:00,Admin Block,20.35,46.17,122,117.78,764.53,61.69,51.07,166,38.13,0
2026-02-07 05:00:00,Hostel A,28.37,58.78,458,36.83,1413.64,93.5,21.78,196,59.78,0
2026-02-07 06:00:00,Library,26.13,62.65,324,92.26,1070.71,74.68,50.73,178,41.28,0
2026-02-07 07:00:00,Library,24.96,55.64,254,101.38,792.03,107.14,81.35,242,97.29,0
2026-02-07 08:00:00,Hostel B,33.4,63.15,57,94.09,894.58,88.63,55.07,80,84.2,0
2026-02-07 09:00:00,Library,25.39,68.06,320,99.54,962.88,45.32,94.31,214,73.4,0
2026-02-07 10:00:00,Laboratory,24.77,59.69,127,103.71,659.52,54.7,90.85,157,34.98,0
2026-02-07 11:00:00,Computer Science Block,28.3,62.25,433,92.52,850.54,54.83,52.59,170,41.61,0
2026-02-07 12:00:00,Hostel A,30.74,73.83,243,171.45,581.66,73.98,17.47,194,54.54,0
2026-02-07 13:00:00,Library,27.43,64.73,312,98.41,601.57,71.89,73.4,70,45.94,0
2026-02-07 14:00:00,Hostel B,32.67,62.01,203,28.01,1068.86,82.83,42.07,89,51.78,0
2026-02-07 15:00:00,Laboratory,30.12,50.42,174,62.73,1101.4,115.76,80.72,27,97.79,0
2026-02-07 16:00:00,Computer Science Block,19.29,66.71,51,141.07,1138.34,94.85,37.8,165,86.11,0
2026-02-07 17:00:00,Engineering Block,25.88,63.3,253,135.77,832.11,74.98,39.76,194,34.9,0
2026-02-07 18:00:00,Engineering Block,25.75,72.84,414,101.62,726.66,64.12,58.81,31,33.93,0
2026-02-07 19:00:00,Computer Science Block,29.92,60.47,269,70.6,852.66,104.9,12.24,65,33.21,0
2026-02-07 20:00:00,Laboratory,17.5,41.84,77,312.40293312574045,853.7963373965199,188.52498579094186,25.27,124,80.36,1
2026-02-07 21:00:00,Hostel B,38.2,43.0,352,64.45,1196.97,126.76,86.63,239,65.96,0
2026-02-07 22:00:00,Computer Science Block,30.12,67.36,182,133.08,172.74,100.07,96.09,161,40.36,0
2026-02-07 23:00:00,Hostel A,28.6,54.3,36,104.98,1093.27,76.37,27.29,51,95.78,0
2026-02-08 00:00:00,Hostel A,32.73,64.37,433,137.49,602.63,103.59,79.52,42,44.06,0
2026-02-08 01:00:00,Engineering Block,37.37,61.14,273,233.21438084331373,1750.0724263404607,202.38656828052396,20.07,85,80.53,1
2026-02-08 02:00:00,Library,31.48,58.33,165,171.11,637.22,66.82,52.54,76,99.89,0
2026-02-08 03:00:00,Hostel B,31.8,59.04,248,55.43,641.03,61.0,55.76,65,99.34,0
2026-02-08 04:00:00,Engineering Block,28.52,51.35,259,140.14,239.89,53.6,60.74,25,73.35,0
2026-02-08 05:00:00,Library,27.43,59.84,305,107.89,532.55,76.68,42.53,27,40.72,0
2026-02-08 06:00:00,Library,26.1,54.16,365,95.36,1077.6,67.1,87.05,62,99.5,0
2026-02-08 07:00:00,Auditorium,24.7,56.28,394,163.93,543.8,77.86,37.31,184,80.87,0
2026-02-08 08:00:00,Hostel A,25.25,56.76,35,84.38,533.19,74.41,53.67,150,87.88,0
2026-02-08 09:00:00,Laboratory,22.6,57.73,94,128.19,822.99,93.33,27.45,48,98.69,0
2026-02-08 10:00:00,Admin Block,27.7,69.22,457,124.27,267.9,102.96,61.56,76,44.22,0
2026-02-08 11:00:00,Laboratory,21.26,58.7,279,76.94,762.3,88.29,27.75,184,52.55,0
2026-02-08 12:00:00,Admin Block,28.76,70.24,402,148.89,914.62,85.22,31.74,194,47.22,0
2026-02-08 13:00:00,Computer Science Block,27.85,75.38,380,190.74,942.75,84.45,49.36,92,99.37,0
2026-02-08 14:00:00,Hostel A,28.59,68.55,418,176.69,590.65,58.46,35.0,13,75.81,0
2026-02-08 15:00:00,Library,25.91,65.34,479,133.9,1151.98,95.5,13.61,225,51.74,0
2026-02-08 16:00:00,Hostel B,40.31,63.27,430,112.02,1105.31,85.15,81.68,207,55.92,0
2026-02-08 17:00:00,Admin Block,33.44,68.65,23,148.57,418.09,22.86,83.81,49,61.78,0
2026-02-08 18:00:00,Laboratory,23.02,60.89,438,153.88,1028.6,88.61,91.06,168,60.7,0
2026-02-08 19:00:00,Library,28.93,69.85,270,123.18,887.9,76.92,98.19,76,42.15,0
2026-02-08 20:00:00,Admin Block,25.57,66.14,104,36.36,977.48,93.72,20.19,200,89.95,0
2026-02-08 21:00:00,Admin Block,23.94,56.4,82,65.53,695.94,94.08,34.71,50,84.07,0
2026-02-08 22:00:00,Auditorium,22.64,68.96,119,136.09,526.77,112.38,66.76,92,93.95,0
2026-02-08 23:00:00,Admin Block,29.73,60.91,341,131.36,812.82,62.35,88.87,53,66.79,0
2026-02-09 00:00:00,Hostel B,25.27,58.94,262,103.83,944.56,41.57,24.61,134,77.04,0
2026-02-09 01:00:00,Hostel A,31.87,55.24,314,129.61,949.14,115.13,53.52,80,82.78,0
2026-02-09 02:00:00,Hostel B,31.98,61.66,431,68.75,935.64,105.21,98.09,208,71.6,0
2026-02-09 03:00:00,Engineering Block,33.5,69.96,181,113.73,581.14,63.27,39.79,158,79.29,0
2026-02-09 04:00:00,Library,24.59,68.89,436,108.24,1192.65,68.47,54.2,87,67.38,0
2026-02-09 05:00:00,Hostel A,29.9,63.53,197,51.26,1148.19,82.41,72.44,246,57.96,0
2026-02-09 06:00:00,Auditorium,30.53,66.0,463,123.05,911.66,81.05,47.96,222,98.8,0
2026-02-09 07:00:00,Hostel A,26.1,72.72,347,66.61,611.74,57.84,74.58,92,63.43,0
2026-02-09 08:00:00,Hostel A,24.91,58.5,347,150.65,915.64,98.8,23.29,195,88.65,0
2026-02-09 09:00:00,Laboratory,34.44,48.85,271,131.72,743.04,84.91,30.75,174,71.86,0
2026-02-09 10:00:00,Hostel A,28.91,73.01,61,96.61,761.93,45.04,44.82,64,49.06,0
2026-02-09 11:00:00,Auditorium,30.54,54.7,261,84.38,1017.64,81.66,98.55,63,37.9,0
2026-02-09 12:00:00,Hostel B,24.71,53.1,361,71.29,745.22,95.64,41.39,29,94.05,0
2026-02-09 13:00:00,Hostel A,23.12,42.04,110,167.46072321388027,1835.4744549151333,93.03942636681862,92.4,237,53.61,1
2026-02-09 14:00:00,Computer Science Block,25.72,65.71,47,147.04,1007.63,74.15,88.74,148,50.67,0
2026-02-09 15:00:00,Library,27.5,43.79,478,108.15,1101.96,83.59,78.02,197,82.31,0
2026-02-09 16:00:00,Hostel A,23.74,52.5,174,113.98,625.88,32.29,43.33,129,75.22,0
2026-02-09 17:00:00,Library,27.96,65.88,138,81.32,695.7,75.09,39.74,164,76.25,0
2026-02-09 18:00:00,Computer Science Block,21.25,67.22,404,102.32,539.08,88.27,67.57,180,39.22,0
2026-02-09 19:00:00,Computer Science Block,23.52,53.48,239,112.1,1180.06,82.69,30.93,61,47.37,0
2026-02-09 20:00:00,Library,30.68,58.66,366,124.34,1569.85,113.79,42.45,156,64.71,0
2026-02-09 21:00:00,Admin Block,30.42,51.27,283,113.84,980.12,97.97,83.36,236,90.82,0
2026-02-09 22:00:00,Engineering Block,26.43,54.52,140,135.71,914.76,69.71,28.96,247,59.78,0
2026-02-09 23:00:00,Laboratory,23.93,62.66,65,142.92,730.75,77.76,84.53,124,39.93,0
2026-02-10 00:00:00,Admin Block,23.89,54.98,299,173.5,1254.2,88.77,59.68,166,58.02,0
2026-02-10 01:00:00,Admin Block,26.51,57.56,134,127.7,838.8,20.0,56.04,182,50.41,0
2026-02-10 02:00:00,Hostel B,30.58,45.35,187,134.73,688.06,40.36,65.23,216,99.62,0
2026-02-10 03:00:00,Laboratory,31.71,71.33,454,101.71,480.9,78.91,66.83,219,56.31,0
2026-02-10 04:00:00,Laboratory,26.01,65.1,265,173.85,588.81,125.08,60.25,96,73.09,0
2026-02-10 05:00:00,Admin Block,23.39,67.93,394,103.54,867.56,74.83,73.13,56,70.23,0
2026-02-10 06:00:00,Hostel A,29.07,72.9,299,141.07,391.74,105.43,42.22,86,41.91,0
2026-02-10 07:00:00,Hostel B,24.71,51.75,253,102.75,543.42,44.22,82.97,100,39.11,0
2026-02-10 08:00:00,Hostel B,25.93,56.42,41,114.94,1265.81,68.12,29.91,66,31.24,0
2026-02-10 09:00:00,Computer Science Block,33.3,41.05,221,120.7,1057.35,61.44,74.29,121,39.62,0
2026-02-10 10:00:00,Auditorium,31.31,91.4,87,51.63,768.69,87.22,44.69,188,80.87,0
2026-02-10 11:00:00,Laboratory,28.63,58.5,155,126.94,1085.76,101.89,72.54,50,74.29,0
2026-02-10 12:00:00,Admin Block,22.91,70.39,250,117.19,658.74,74.56,12.92,43,49.88,0
2026-02-10 13:00:00,Computer Science Block,28.85,47.62,77,96.41,1044.87,70.43,45.13,43,45.07,0
2026-02-10 14:00:00,Library,32.25,69.96,34,84.84,759.27,114.17,96.68,189,32.2,0
2026-02-10 15:00:00,Engineering Block,26.5,78.58,283,97.58,1342.33,134.64,61.56,32,49.82,0
2026-02-10 16:00:00,Auditorium,33.4,59.4,496,82.81,565.59,69.22,54.94,169,53.54,0
2026-02-10 17:00:00,Auditorium,33.17,49.89,189,102.49,1232.58,77.74,32.27,248,90.56,0
2026-02-10 18:00:00,Auditorium,34.65,58.61,442,198.97672166308217,1398.0738035151007,170.21881405073708,54.23,94,30.96,1
2026-02-10 19:00:00,Hostel B,29.22,37.73,310,107.81,380.43,89.92,84.11,223,48.48,0
2026-02-10 20:00:00,Library,30.35,59.62,188,146.65,927.32,85.85,40.46,240,96.71,0
2026-02-10 21:00:00,Auditorium,33.66,68.21,67,88.18,1024.73,29.51,60.84,195,89.63,0
2026-02-10 22:00:00,Library,29.79,59.64,481,99.58,1224.81,90.62,70.62,127,91.73,0
2026-02-10 23:00:00,Hostel A,26.0,57.16,115,124.08,1040.35,128.55,46.08,159,30.2,0
2026-02-11 00:00:00,Auditorium,26.21,65.28,346,171.2639917005959,1093.72629260876,63.03646561284289,35.47,49,55.36,1
2026-02-11 01:00:00,Engineering Block,28.95,66.04,63,146.67,1109.56,39.98,24.0,127,63.67,0
2026-02-11 02:00:00,Library,22.84,43.4,372,86.23,863.51,47.88,19.11,213,37.54,0
2026-02-11 03:00:00,Library,27.43,60.89,259,124.7,454.7,95.73,31.7,147,35.62,0
2026-02-11 04:00:00,Engineering Block,32.39,84.36,310,157.17,828.9,35.19,11.76,116,55.01,0
2026-02-11 05:00:00,Auditorium,19.23,46.65,302,85.57,555.82,108.61,78.41,145,94.45,0
2026-02-11 06:00:00,Engineering Block,34.14,59.15,468,92.01,815.07,53.47,20.06,90,58.03,0
2026-02-11 07:00:00,Library,32.49,79.42,89,104.22,1032.12,100.51,90.91,47,82.97,0
2026-02-11 08:00:00,Engineering Block,26.16,71.04,272,120.67,568.37,65.45,55.96,231,71.86,0
2026-02-11 09:00:00,Library,30.17,54.87,85,115.44,923.56,61.71,51.13,58,92.12,0
2026-02-11 10:00:00,Library,28.01,62.06,346,119.4,1120.83,92.37,15.83,155,53.34,0
2026-02-11 11:00:00,Hostel A,32.92,59.98,475,137.72,693.76,94.5,22.0,197,39.32,0
2026-02-11 12:00:00,Admin Block,31.93,52.52,466,113.45,778.94,60.83,87.11,67,39.58,0
2026-02-11 13:00:00,Library,22.4,59.26,496,68.71,1117.1,86.54,70.55,106,43.18,0
2026-02-11 14:00:00,Auditorium,30.35,57.2,355,164.57,1128.5,96.55,18.51,204,86.61,0
2026-02-11 15:00:00,Computer Science Block,27.18,61.13,304,135.1,560.37,33.1,71.31,121,69.99,0
2026-02-11 16:00:00,Hostel B,28.33,52.52,50,75.42,589.84,78.27,21.79,201,68.2,0
2026-02-11 17:00:00,Laboratory,25.09,47.23,467,113.55,1047.58,77.82,75.94,171,38.61,0
2026-02-11 18:00:00,Admin Block,34.99,59.59,233,147.49,792.23,34.01,95.01,124,42.44,0
2026-02-11 19:00:00,Admin Block,32.16,77.15,200,88.2,811.22,79.81,78.25,66,44.37,0
2026-02-11 20:00:00,Admin Block,25.04,60.82,221,152.35,410.64,78.58,84.14,123,82.69,0
2026-02-11 21:00:00,Hostel A,22.66,56.68,87,86.11,734.67,100.65,65.86,103,78.69,0
2026-02-11 22:00:00,Library,26.46,67.54,44,135.04,809.14,91.67,10.33,186,70.85,0
2026-02-11 23:00:00,Hostel A,29.74,58.42,267,30.34,1030.77,115.16,80.67,237,37.12,0
2026-02-12 00:00:00,Library,28.96,78.68,392,153.01,756.85,89.31,46.37,82,40.79,0
2026-02-12 01:00:00,Auditorium,33.01,59.96,416,53.97,1031.52,55.6,88.57,134,48.01,0
2026-02-12 02:00:00,Hostel A,31.16,67.0,356,161.69,806.92,68.7,61.55,7,88.16,0
2026-02-12 03:00:00,Hostel A,31.88,52.45,443,79.2,1163.95,105.04,27.24,151,80.56,0
2026-02-12 04:00:00,Hostel B,29.31,65.03,475,185.92,846.4,100.49,14.94,206,94.04,0
2026-02-12 05:00:00,Computer Science Block,22.44,62.75,362,123.6,721.1,98.41,59.96,70,32.38,0
2026-02-12 06:00:00,Hostel A,27.22,59.43,410,155.59,667.23,100.95,61.02,49,87.49,0
2026-02-12 07:00:00,Hostel B,32.24,54.98,179,113.48,590.65,87.85,87.41,146,31.68,0
2026-02-12 08:00:00,Engineering Block,27.79,53.62,299,66.73,928.42,83.8,13.49,215,76.58,0
2026-02-12 09:00:00,Computer Science Block,30.01,62.82,276,87.27,1340.02,76.07,83.91,241,75.49,0
2026-02-12 10:00:00,Auditorium,26.73,66.29,130,136.31,1046.42,105.9,46.51,11,48.76,0
2026-02-12 11:00:00,Hostel A,23.88,58.73,66,221.51,953.17,88.06,57.55,7,82.42,0
2026-02-12 12:00:00,Laboratory,27.51,62.87,198,170.48,541.97,29.69,58.01,133,59.56,0
2026-02-12 13:00:00,Admin Block,29.24,59.62,55,123.08,554.78,89.56,44.41,184,74.34,0
2026-02-12 14:00:00,Engineering Block,25.38,60.99,430,153.06,1087.61,102.75,26.74,65,74.12,0
2026-02-12 15:00:00,Engineering Block,27.06,58.0,217,127.6,965.25,58.35,17.09,155,91.71,0
2026-02-12 16:00:00,Auditorium,24.24,60.18,61,111.88,691.17,66.41,28.63,145,77.19,0
2026-02-12 17:00:00,Hostel B,32.48,86.98,498,122.02,421.15,80.33,74.28,65,76.94,0
2026-02-12 18:00:00,Engineering Block,26.82,63.12,351,100.1,800.37,115.05,71.4,170,71.75,0
2026-02-12 19:00:00,Computer Science Block,33.81,66.45,109,122.45,625.31,72.01,70.79,176,37.01,0
2026-02-12 20:00:00,Hostel A,34.11,64.38,364,132.57,717.91,72.33,91.69,14,51.07,0
2026-02-12 21:00:00,Hostel A,27.68,57.37,87,117.65,529.06,92.18,51.12,231,62.16,0
2026-02-12 22:00:00,Laboratory,23.97,72.94,89,103.25,1051.61,85.15,78.32,163,47.52,0
2026-02-12 23:00:00,Auditorium,19.66,57.09,129,101.35,697.41,63.34,70.14,165,41.59,0
2026-02-13 00:00:00,Admin Block,22.11,70.55,401,110.23,977.8,81.21,94.33,156,65.82,0
2026-02-13 01:00:00,Hostel B,22.5,56.66,416,123.78,946.65,81.38,70.28,17,88.46,0
2026-02-13 02:00:00,Admin Block,33.51,50.4,428,102.84,704.56,111.62,26.22,230,74.39,0
2026-02-13 03:00:00,Engineering Block,28.46,63.65,370,138.28,803.71,56.34,76.98,249,78.63,0
2026-02-13 04:00:00,Auditorium,29.56,48.95,41,62.71,1289.94,82.06,42.22,23,39.9,0
2026-02-13 05:00:00,Laboratory,19.12,65.36,296,127.2,592.7,93.91,32.95,216,85.83,0
2026-02-13 06:00:00,Admin Block,23.21,48.06,418,153.93,639.98,106.84,35.03,66,37.77,0
2026-02-13 07:00:00,Computer Science Block,31.55,56.81,214,181.81,324.99,65.04,84.26,199,49.74,0
2026-02-13 08:00:00,Hostel A,29.15,45.68,440,117.24,813.25,126.54,50.76,87,91.39,0
2026-02-13 09:00:00,Engineering Block,27.41,88.24,64,142.62,325.81,38.08,52.22,179,94.53,0
2026-02-13 10:00:00,Laboratory,30.26,43.46,429,202.641636128688,1116.232889689465,70.54030182909673,10.96,35,36.14,1
2026-02-13 11:00:00,Admin Block,34.54,60.1,130,155.52,397.89,85.4,34.31,151,41.35,0
2026-02-13 12:00:00,Hostel B,27.12,71.43,228,111.39,1031.56,39.07,89.5,46,55.09,0
2026-02-13 13:00:00,Computer Science Block,28.28,70.36,249,137.15,807.93,64.25,54.83,223,80.15,0
2026-02-13 14:00:00,Computer Science Block,28.77,68.51,458,43.97,100.0,92.45,47.47,15,40.44,0
2026-02-13 15:00:00,Admin Block,37.57,56.83,197,154.4,608.06,115.79,16.66,243,40.83,0
2026-02-13 16:00:00,Hostel A,19.6,73.51,438,124.21,730.81,87.0,36.41,44,68.18,0
2026-02-13 17:00:00,Admin Block,30.73,69.13,269,95.42,981.71,89.47,21.81,79,71.31,0
2026-02-13 18:00:00,Engineering Block,27.54,62.12,444,129.4,1067.2,96.82,24.8,213,36.16,0
2026-02-13 19:00:00,Admin Block,30.27,62.41,347,169.21,948.67,40.2,40.49,102,58.36,0
2026-02-13 20:00:00,Computer Science Block,25.37,56.96,391,86.21,925.69,95.34,16.04,118,81.26,0
2026-02-13 21:00:00,Laboratory,27.8,50.9,30,88.43,953.51,80.09,80.05,205,53.91,0
2026-02-13 22:00:00,Admin Block,30.85,72.37,271,62.73,1012.07,60.05,65.97,171,46.95,0
2026-02-13 23:00:00,Hostel A,40.45,73.12,363,88.48,852.86,55.97,81.98,238,38.0,0
2026-02-14 00:00:00,Auditorium,31.23,51.16,254,86.36,795.9,77.95,41.31,91,62.53,0
2026-02-14 01:00:00,Laboratory,24.61,58.46,155,112.86,896.09,100.41,29.99,140,95.81,0
2026-02-14 02:00:00,Hostel B,26.3,58.57,273,121.44,1141.31,107.17,63.1,81,72.98,0
2026-02-14 03:00:00,Library,26.19,59.67,73,70.66,262.17,76.85,11.98,166,34.66,0
2026-02-14 04:00:00,Admin Block,20.82,60.64,497,130.9,276.45,106.16,18.01,174,48.09,0
2026-02-14 05:00:00,Hostel A,26.68,69.47,148,128.65,990.05,52.9,76.73,213,81.85,0
2026-02-14 06:00:00,Laboratory,30.93,52.53,245,127.86,625.53,68.88,89.86,180,82.98,0
2026-02-14 07:00:00,Hostel A,22.9,51.54,39,89.22,867.45,122.78,28.49,112,56.3,0
2026-02-14 08:00:00,Hostel B,32.19,72.37,119,187.2,842.14,109.9,81.19,106,34.69,0
2026-02-14 09:00:00,Computer Science Block,29.95,55.37,309,142.03,1390.68,59.87,44.53,147,67.58,0
2026-02-14 10:00:00,Hostel A,25.06,47.37,76,73.0,1018.86,98.56,47.43,35,81.28,0
2026-02-14 11:00:00,Laboratory,27.43,55.15,245,64.12,1101.17,65.81,89.56,51,53.23,0
2026-02-14 12:00:00,Hostel A,34.39,56.7,160,91.62,772.37,72.59,65.89,52,85.21,0
2026-02-14 13:00:00,Hostel A,30.93,75.55,144,123.07,648.63,78.71,83.07,135,53.06,0
2026-02-14 14:00:00,Hostel A,28.04,69.25,457,170.51,638.39,46.66,79.82,49,41.82,0
2026-02-14 15:00:00,Engineering Block,27.05,71.48,328,96.25,1156.48,87.56,61.67,182,85.92,0
2026-02-14 16:00:00,Engineering Block,28.31,68.2,71,65.72,981.12,114.35,77.31,39,39.36,0
2026-02-14 17:00:00,Computer Science Block,25.95,69.46,153,130.04,869.02,76.27,73.74,40,47.1,0
2026-02-14 18:00:00,Admin Block,19.58,53.12,311,103.49,1277.9,66.26,53.23,201,89.74,0
2026-02-14 19:00:00,Hostel A,36.17,58.01,172,123.77,815.2,65.41,23.67,158,66.6,0
2026-02-14 20:00:00,Hostel B,28.62,50.1,366,114.21,657.33,25.55,33.97,222,40.8,0
2026-02-14 21:00:00,Admin Block,29.59,57.9,205,110.47,764.43,20.0,43.87,131,73.09,0
2026-02-14 22:00:00,Hostel B,27.77,66.84,258,155.84,1118.74,126.57,62.8,56,71.02,0
2026-02-14 23:00:00,Admin Block,25.06,61.35,202,140.57,507.22,68.91,36.8,28,68.59,0
2026-02-15 00:00:00,Computer Science Block,27.26,73.11,370,127.46,838.08,57.02,28.48,10,53.84,0
2026-02-15 01:00:00,Hostel A,21.6,48.59,22,105.4549298018535,2697.0777103725945,88.8576946502251,13.2,75,58.47,1
2026-02-15 02:00:00,Hostel A,37.11,65.0,303,111.09,951.55,78.48,29.13,56,83.27,0
2026-02-15 03:00:00,Library,23.06,47.52,397,150.19,800.74,73.86,58.52,32,94.84,0
2026-02-15 04:00:00,Hostel B,23.87,60.94,215,85.86,1331.5,89.71,22.57,49,70.46,0
2026-02-15 05:00:00,Admin Block,26.24,67.4,484,111.94,937.25,47.76,12.64,82,95.27,0
2026-02-15 06:00:00,Admin Block,33.15,57.85,185,118.04,447.21,90.98,16.72,43,42.31,0
2026-02-15 07:00:00,Auditorium,28.06,65.51,309,127.86,806.96,94.45,95.69,217,50.3,0
2026-02-15 08:00:00,Auditorium,23.06,50.4,359,105.59,1153.91,72.77,13.19,143,88.51,0
2026-02-15 09:00:00,Engineering Block,33.02,43.36,160,134.52,891.97,100.45,52.51,208,97.43,0
2026-02-15 10:00:00,Library,30.92,65.57,130,133.27,1238.17,112.84,71.94,118,92.33,0
2026-02-15 11:00:00,Laboratory,30.15,77.44,280,169.7788649663012,1165.13424469801,131.55676606647958,30.08,182,64.4,1
2026-02-15 12:00:00,Auditorium,30.86,50.04,403,92.32,828.45,78.55,96.78,166,86.76,0
2026-02-15 13:00:00,Laboratory,37.58,72.22,207,125.95,939.05,88.28,12.04,39,44.08,0
2026-02-15 14:00:00,Engineering Block,36.74,60.43,363,356.2456144298385,758.423399977332,147.68025269107568,89.21,120,52.21,1
2026-02-15 15:00:00,Engineering Block,25.25,46.64,390,155.0,848.52,99.15,45.23,203,99.9,0
2026-02-15 16:00:00,Engineering Block,34.5,48.68,377,100.1,956.2,96.95,44.55,249,42.5,0
2026-02-15 17:00:00,Hostel B,29.53,60.16,292,91.81,533.91,98.33,52.5,27,46.98,0
2026-02-15 18:00:00,Hostel B,30.0,55.96,204,106.66,479.67,84.43,97.43,133,80.6,0
2026-02-15 19:00:00,Computer Science Block,21.23,46.87,306,173.69,1146.94,99.79,66.53,152,76.84,0
2026-02-15 20:00:00,Computer Science Block,27.32,43.06,111,119.42,878.98,98.87,89.07,164,80.26,0
2026-02-15 21:00:00,Engineering Block,24.75,51.53,468,126.35,263.92,76.69,12.5,102,96.51,0
2026-02-15 22:00:00,Library,31.31,61.94,213,91.11,680.15,112.84,90.72,186,38.38,0
2026-02-15 23:00:00,Admin Block,32.28,59.94,436,120.81,869.81,44.06,29.21,118,70.45,0
2026-02-16 00:00:00,Hostel B,19.7,54.99,379,66.81,281.33,83.63,38.35,152,48.0,0
2026-02-16 01:00:00,Library,27.91,62.02,368,71.46,619.57,90.21,16.62,82,57.6,0
2026-02-16 02:00:00,Hostel A,32.49,70.4,407,122.77,769.97,79.49,92.36,201,52.7,0
2026-02-16 03:00:00,Hostel B,27.25,63.94,357,128.06,770.01,125.27,57.35,220,95.15,0
2026-02-16 04:00:00,Hostel B,30.92,58.79,330,105.35,586.31,77.62,18.11,153,96.24,0
2026-02-16 05:00:00,Computer Science Block,29.4,69.28,427,131.12,814.76,114.83,45.77,80,64.88,0
2026-02-16 06:00:00,Admin Block,29.37,50.4,435,74.76,748.62,66.93,44.31,70,81.02,0
2026-02-16 07:00:00,Admin Block,26.91,57.75,348,107.81,801.48,75.31,14.57,131,44.8,0
2026-02-16 08:00:00,Auditorium,23.13,57.99,66,97.61,927.31,86.41,41.29,206,53.66,0
2026-02-16 09:00:00,Laboratory,23.51,47.63,163,116.93,384.89,76.67,36.36,145,76.08,0
2026-02-16 10:00:00,Laboratory,30.84,55.8,168,109.33,1028.48,50.57,92.75,227,77.07,0
2026-02-16 11:00:00,Laboratory,28.08,39.25,369,199.27,981.74,89.21,82.61,50,93.63,0
2026-02-16 12:00:00,Laboratory,27.45,79.12,342,86.64,971.0,82.03,24.41,156,82.81,0
2026-02-16 13:00:00,Hostel A,26.3,50.63,372,119.83,805.28,65.47,93.84,124,88.99,0
2026-02-16 14:00:00,Hostel A,26.78,75.86,434,217.56,800.03,25.04,76.88,158,87.64,0
2026-02-16 15:00:00,Hostel B,32.19,60.38,139,141.38,819.1,41.6,54.18,37,48.99,0
2026-02-16 16:00:00,Engineering Block,26.66,65.65,417,118.62,868.54,42.77,48.94,45,86.95,0
2026-02-16 17:00:00,Computer Science Block,22.64,55.11,153,148.55,1047.96,78.44,93.42,220,44.44,0
2026-02-16 18:00:00,Computer Science Block,30.97,62.08,216,142.06,1038.91,107.74,37.5,5,30.88,0
2026-02-16 19:00:00,Laboratory,27.18,66.5,432,81.36,779.48,61.41,43.35,13,73.1,0
2026-02-16 20:00:00,Hostel B,28.13,66.65,458,112.16828161367489,1999.8733838285348,135.347347075312,72.2,227,55.51,1
2026-02-16 21:00:00,Auditorium,34.43,67.75,56,123.38,972.12,54.24,78.34,191,76.9,0
2026-02-16 22:00:00,Library,27.92,56.32,206,103.22,1023.18,73.97,39.45,125,45.56,0
2026-02-16 23:00:00,Engineering Block,29.16,55.2,439,199.58,753.71,72.78,92.98,92,47.54,0
2026-02-17 00:00:00,Hostel B,23.28,44.06,232,159.17,1171.03,81.4,33.05,175,92.97,0
2026-02-17 01:00:00,Engineering Block,27.12,65.23,479,310.8901833969885,1898.2328399060254,129.02822812752694,41.27,30,76.54,1
2026-02-17 02:00:00,Engineering Block,30.44,70.82,129,37.05,577.69,81.26,27.69,43,36.25,0
2026-02-17 03:00:00,Engineering Block,21.78,76.16,206,99.35,649.68,100.24,58.34,58,54.52,0
2026-02-17 04:00:00,Hostel B,28.8,63.05,490,119.64,1229.96,92.92,99.93,121,75.52,0
2026-02-17 05:00:00,Laboratory,28.4,52.34,97,94.27,386.15,85.47,74.62,154,80.16,0
2026-02-17 06:00:00,Computer Science Block,28.17,43.03,467,98.12,843.56,84.62,52.42,101,64.79,0
2026-02-17 07:00:00,Computer Science Block,32.15,70.42,446,111.0,1374.99,60.39,98.46,228,47.64,0
2026-02-17 08:00:00,Laboratory,29.34,42.04,393,124.36,1118.62,68.35,14.43,229,76.84,0
2026-02-17 09:00:00,Engineering Block,33.91,56.59,317,214.72,1106.41,81.88,35.73,205,35.87,0
2026-02-17 10:00:00,Library,24.03,57.76,349,96.48,551.98,84.54,85.43,147,85.45,0
2026-02-17 11:00:00,Admin Block,28.54,59.31,144,149.6,1048.84,50.22,57.19,218,82.91,0
2026-02-17 12:00:00,Hostel B,28.34,60.36,335,171.23,1233.43,26.07,10.42,212,50.14,0
2026-02-17 13:00:00,Admin Block,23.72,61.38,465,85.17,772.56,79.2,51.11,103,34.25,0
2026-02-17 14:00:00,Auditorium,31.83,35.85,339,190.43,850.77,55.42,11.96,93,36.25,0
2026-02-17 15:00:00,Laboratory,37.3,60.15,494,128.24,1103.12,114.77,61.61,103,59.86,0
2026-02-17 16:00:00,Library,27.93,37.7,333,56.293877606844056,1457.2790486833999,139.65914715251276,66.95,29,42.85,1
2026-02-17 17:00:00,Hostel B,30.02,67.32,21,162.76,471.22,94.63,28.13,114,60.55,0
2026-02-17 18:00:00,Laboratory,28.34,54.45,353,63.39,168.34,46.57,98.78,105,34.0,0
2026-02-17 19:00:00,Engineering Block,25.15,38.43,90,171.03,928.89,101.87,85.04,117,61.01,0
2026-02-17 20:00:00,Computer Science Block,20.72,51.86,484,154.07,724.03,64.31,51.74,127,93.19,0
2026-02-17 21:00:00,Admin Block,25.18,54.3,395,83.59,162.28,99.13,37.86,185,77.48,0
2026-02-17 22:00:00,Hostel A,22.43,71.91,231,106.35,650.43,101.6,11.11,14,34.54,0
2026-02-17 23:00:00,Hostel A,34.82,61.97,27,143.96,752.76,40.89,72.39,212,35.9,0
2026-02-18 00:00:00,Library,27.54,63.44,203,100.58,728.85,55.11,33.66,150,65.54,0
2026-02-18 01:00:00,Engineering Block,26.62,71.81,487,180.9,1132.5,116.55,45.52,113,48.46,0
2026-02-18 02:00:00,Auditorium,31.56,59.04,183,152.01,1014.56,42.89,48.58,54,60.91,0
2026-02-18 03:00:00,Admin Block,23.51,67.54,472,67.68,813.71,93.46,86.84,33,83.77,0
2026-02-18 04:00:00,Engineering Block,24.93,66.84,288,113.86,531.48,53.44,86.63,149,57.53,0
2026-02-18 05:00:00,Admin Block,28.27,47.14,314,321.62229241896495,1485.2522245216844,209.13764983901805,79.86,62,51.04,1
2026-02-18 06:00:00,Library,32.12,74.73,377,92.71,1217.41,74.45,79.01,8,92.67,0
2026-02-18 07:00:00,Library,30.01,45.8,100,158.21,1282.93,78.21,54.53,72,79.95,0
2026-02-18 08:00:00,Auditorium,28.99,69.17,281,141.51,781.71,108.61,81.2,185,74.41,0
2026-02-18 09:00:00,Hostel A,28.31,44.83,294,145.14,998.02,122.03,87.23,83,35.03,0
2026-02-18 10:00:00,Engineering Block,29.6,66.01,428,108.97,688.63,77.17,54.86,136,65.06,0
2026-02-18 11:00:00,Hostel B,28.81,78.62,406,84.34,643.76,93.17,91.04,17,92.63,0
2026-02-18 12:00:00,Hostel A,23.88,57.87,124,162.62,1030.72,79.28,99.13,182,87.57,0
2026-02-18 13:00:00,Engineering Block,28.18,57.44,328,277.7486074241931,939.3381604342055,237.1309305266609,25.78,57,34.51,1
2026-02-18 14:00:00,Hostel A,23.71,66.1,47,156.16,728.84,116.84,98.11,60,82.57,0
2026-02-18 15:00:00,Hostel B,28.32,56.71,429,151.19,1137.02,82.79,32.12,74,91.17,0
2026-02-18 16:00:00,Computer Science Block,26.08,78.18,66,122.19,724.76,96.03,94.06,73,47.08,0
2026-02-18 17:00:00,Computer Science Block,38.16,61.92,411,95.2,591.73,107.0,86.6,59,66.47,0
2026-02-18 18:00:00,Auditorium,27.84,56.8,332,145.96,1348.41,63.49,92.45,37,91.99,0
2026-02-18 19:00:00,Computer Science Block,22.38,54.6,74,98.06,991.08,75.97,51.49,202,91.64,0
2026-02-18 20:00:00,Computer Science Block,27.46,50.67,98,155.07,440.19,105.29,23.6,166,58.89,0
2026-02-18 21:00:00,Laboratory,30.08,53.72,20,129.52,933.89,46.83,30.04,73,65.5,0
2026-02-18 22:00:00,Admin Block,34.69,56.49,187,68.31,819.83,96.16,37.42,244,37.43,0
2026-02-18 23:00:00,Laboratory,25.64,55.12,42,121.96,1052.79,93.8,32.47,62,67.4,0
2026-02-19 00:00:00,Laboratory,21.67,53.42,247,76.49,975.63,62.31,97.06,40,90.27,0
2026-02-19 01:00:00,Auditorium,31.27,80.99,457,71.33,838.97,107.52,24.05,17,42.09,0
2026-02-19 02:00:00,Laboratory,22.48,49.7,317,42.46,916.12,90.36,71.72,96,62.08,0
2026-02-19 03:00:00,Computer Science Block,26.26,61.47,483,72.8,929.53,63.73,56.04,139,75.03,0
2026-02-19 04:00:00,Hostel B,26.97,65.93,453,163.26515849185057,2028.2651201450697,79.41139586065889,13.08,61,33.4,1
2026-02-19 05:00:00,Auditorium,27.72,66.3,279,164.5,756.02,68.5,29.04,141,32.56,0
2026-02-19 06:00:00,Auditorium,30.76,59.41,283,140.08,489.9,56.84,94.02,30,89.43,0
2026-02-19 07:00:00,Library,25.27,57.59,183,189.97,794.62,67.5,83.51,101,97.55,0
2026-02-19 08:00:00,Auditorium,26.91,64.52,29,113.18,735.87,69.36,62.74,59,83.25,0
2026-02-19 09:00:00,Library,27.94,62.67,135,74.68,834.93,109.82,16.91,27,97.42,0
2026-02-19 10:00:00,Auditorium,28.6,57.41,177,119.69,1125.8,47.1,22.47,105,40.74,0
2026-02-19 11:00:00,Admin Block,28.39,44.38,375,105.13,1213.82,53.34,75.75,188,90.91,0
2026-02-19 12:00:00,Computer Science Block,29.74,55.32,291,134.81,1029.67,69.33,78.14,158,93.41,0
2026-02-19 13:00:00,Auditorium,31.38,48.53,177,70.16,1053.1,144.64,96.23,120,50.31,0
2026-02-19 14:00:00,Computer Science Block,29.57,53.33,339,121.67,826.96,40.77,28.5,79,75.37,0
2026-02-19 15:00:00,Computer Science Block,29.81,60.33,383,167.17,753.47,29.14,68.42,181,51.41,0
2026-02-19 16:00:00,Hostel A,21.67,63.59,221,167.71,1033.98,111.96,48.78,81,37.65,0
2026-02-19 17:00:00,Auditorium,28.2,77.8,140,161.65,1093.19,67.24,20.25,56,86.91,0
2026-02-19 18:00:00,Engineering Block,29.92,54.63,158,139.29,1089.85,59.62,40.25,223,93.42,0
2026-02-19 19:00:00,Hostel A,30.92,67.75,181,152.9,814.52,89.39,43.07,198,37.7,0
2026-02-19 20:00:00,Engineering Block,25.23,63.06,227,118.65,870.84,97.36,50.81,193,75.37,0
2026-02-19 21:00:00,Computer Science Block,25.36,72.96,74,134.72,1334.48,100.73,36.37,20,97.97,0
2026-02-19 22:00:00,Computer Science Block,25.7,65.76,358,115.49,243.39,94.12,59.74,247,49.12,0
2026-02-19 23:00:00,Hostel A,30.15,49.92,279,100.86,1095.15,62.53,64.58,97,82.57,0
2026-02-20 00:00:00,Hostel A,32.14,42.77,452,129.0,764.89,96.48,47.15,152,58.86,0
2026-02-20 01:00:00,Engineering Block,26.37,63.11,63,179.53,764.95,90.06,43.61,100,34.46,0
2026-02-20 02:00:00,Library,31.63,54.72,178,129.76,778.63,113.51,69.0,219,78.98,0
2026-02-20 03:00:00,Engineering Block,28.49,50.2,323,136.91,387.14,116.7,14.88,77,47.21,0
2026-02-20 04:00:00,Hostel A,27.5,47.32,374,147.21,797.54,57.38,87.98,228,71.75,0
2026-02-20 05:00:00,Hostel B,27.15,61.61,117,131.29,1169.84,122.36,97.72,136,34.95,0
2026-02-20 06:00:00,Hostel A,30.99,75.08,45,112.29,776.55,68.59,14.98,54,38.42,0
2026-02-20 07:00:00,Hostel B,29.3,55.91,378,147.33,810.97,44.28,73.83,46,30.4,0
2026-02-20 08:00:00,Admin Block,37.1,65.9,217,94.36,627.45,121.6,32.7,115,45.25,0
2026-02-20 09:00:00,Hostel A,24.59,58.98,116,161.18,855.44,100.45,48.7,241,39.15,0
2026-02-20 10:00:00,Admin Block,30.07,47.11,258,164.1,210.25,30.4,34.36,244,50.56,0
2026-02-20 11:00:00,Library,25.88,67.35,494,118.34,651.7,67.36,29.28,142,44.29,0
2026-02-20 12:00:00,Engineering Block,24.52,49.05,31,96.83,946.74,62.12,49.69,136,48.45,0
2026-02-20 13:00:00,Hostel B,27.96,60.22,64,194.7,518.33,65.72,43.44,244,39.01,0
2026-02-20 14:00:00,Engineering Block,28.55,56.58,411,95.44,540.52,126.56,48.32,60,42.43,0
2026-02-20 15:00:00,Admin Block,39.67,68.93,28,109.68,733.29,74.67,82.73,207,49.74,0
2026-02-20 16:00:00,Hostel B,27.26,49.42,20,49.67,974.41,68.06,98.08,70,60.54,0
2026-02-20 17:00:00,Engineering Block,23.48,63.91,408,168.13,1102.81,105.47,22.9,224,48.39,0
2026-02-20 18:00:00,Hostel A,29.09,51.6,346,69.75,850.3,68.02,76.97,194,43.12,0
2026-02-20 19:00:00,Computer Science Block,19.7,54.89,229,137.07,771.58,139.72,59.42,144,74.56,0
2026-02-20 20:00:00,Admin Block,27.63,23.65,73,130.65,951.32,85.05,43.57,44,55.38,0
2026-02-20 21:00:00,Engineering Block,28.06,80.92,123,117.27,794.18,104.36,69.45,217,72.24,0
2026-02-20 22:00:00,Admin Block,31.18,65.51,171,101.02,1033.71,128.68,89.34,49,57.96,0
2026-02-20 23:00:00,Laboratory,31.89,52.33,429,135.42,1221.29,59.75,67.74,230,58.96,0
2026-02-21 00:00:00,Admin Block,25.99,48.75,29,181.0,810.57,99.46,73.33,230,56.33,0
2026-02-21 01:00:00,Hostel B,27.4,55.04,464,111.15,565.16,66.38,23.34,40,89.68,0
2026-02-21 02:00:00,Laboratory,24.94,67.17,59,139.60491767920408,1431.0404576685178,160.52354443797006,74.16,182,56.86,1
2026-02-21 03:00:00,Auditorium,23.49,41.08,63,56.6,1353.64,32.77,98.75,58,72.1,0
2026-02-21 04:00:00,Hostel B,29.24,58.58,387,113.41,929.21,66.68,96.36,199,62.68,0
2026-02-21 05:00:00,Computer Science Block,22.91,77.71,287,104.03,604.48,114.13,46.83,43,71.47,0
2026-02-21 06:00:00,Laboratory,26.34,48.66,297,174.0856843836844,1331.6003825614998,173.03758171210353,89.4,138,43.7,1
2026-02-21 07:00:00,Auditorium,24.02,60.8,174,130.01,831.78,72.49,63.22,69,38.32,0
2026-02-21 08:00:00,Hostel A,30.2,82.03,470,103.07,642.23,82.77,20.65,237,71.34,0
2026-02-21 09:00:00,Admin Block,35.21,66.32,101,216.6,1165.33,98.79,98.04,16,98.82,0
2026-02-21 10:00:00,Engineering Block,22.79,61.26,216,133.39,1004.46,99.44,65.19,235,48.05,0
2026-02-21 11:00:00,Library,20.59,65.07,417,151.57,1139.9,90.54,19.53,5,30.11,0
2026-02-21 12:00:00,Admin Block,27.5,55.99,428,114.53,100.0,105.3,61.5,88,93.9,0
2026-02-21 13:00:00,Auditorium,28.06,73.0,71,114.76,920.01,75.69,74.93,168,39.21,0
2026-02-21 14:00:00,Admin Block,28.87,56.01,242,99.22,869.56,43.42,31.35,170,90.7,0
2026-02-21 15:00:00,Computer Science Block,26.21,40.41,488,122.63,604.25,55.86,71.42,180,66.0,0
2026-02-21 16:00:00,Hostel A,27.2,56.09,387,66.66,959.44,68.84,96.93,179,42.52,0
2026-02-21 17:00:00,Library,29.47,50.33,393,63.77,608.78,31.43,30.85,7,43.78,0
2026-02-21 18:00:00,Laboratory,32.16,57.19,78,98.29,448.4,52.0,54.18,182,66.9,0
2026-02-21 19:00:00,Laboratory,20.18,57.41,313,86.88,1031.59,55.69,38.26,183,85.63,0
2026-02-21 20:00:00,Laboratory,26.52,71.97,295,98.31,811.26,47.38,44.91,177,86.75,0
2026-02-21 21:00:00,Auditorium,28.86,66.95,353,108.22,440.5,38.62,85.34,152,46.66,0
2026-02-21 22:00:00,Hostel B,24.33,62.63,295,109.88,1209.16,123.2,84.12,242,79.77,0
2026-02-21 23:00:00,Hostel B,34.92,59.97,459,148.44,865.05,103.16,10.75,178,63.57,0
2026-02-22 00:00:00,Engineering Block,25.46,49.41,376,147.05,648.98,73.28,20.99,76,73.43,0
2026-02-22 01:00:00,Library,27.83,38.19,129,119.0,441.95,84.25,41.41,143,39.08,0
2026-02-22 02:00:00,Laboratory,30.22,61.13,49,189.48,573.99,69.55,37.27,112,60.4,0
2026-02-22 03:00:00,Hostel B,25.63,67.95,126,103.67,441.5,69.2,18.42,188,38.63,0
2026-02-22 04:00:00,Auditorium,20.61,58.92,316,149.13,1278.23,102.86,71.89,133,65.18,0
2026-02-22 05:00:00,Engineering Block,26.29,54.65,359,137.7,1349.96,85.49,67.84,34,34.3,0
2026-02-22 06:00:00,Hostel A,32.12,64.65,346,112.39,1156.58,54.36,32.33,64,39.35,0
2026-02-22 07:00:00,Engineering Block,26.65,59.17,338,115.45,435.01,108.56,42.55,173,52.76,0
2026-02-22 08:00:00,Hostel B,24.61,76.86,472,104.56,985.22,90.7,53.92,184,65.78,0
2026-02-22 09:00:00,Computer Science Block,31.7,72.33,114,146.55,1433.38,102.25,14.08,210,38.02,0
2026-02-22 10:00:00,Auditorium,26.68,69.6,304,355.874421381806,1402.1453878756772,165.51596413566017,23.93,24,91.53,1
2026-02-22 11:00:00,Computer Science Block,25.96,67.58,226,121.28,827.35,81.97,68.21,114,49.62,0
2026-02-22 12:00:00,Laboratory,28.6,47.1,492,54.64,1298.86,76.67,53.71,34,70.87,0
2026-02-22 13:00:00,Computer Science Block,31.08,66.63,352,139.12,937.09,93.12,64.04,49,39.94,0
2026-02-22 14:00:00,Laboratory,37.53,63.76,191,113.73,1017.01,50.4,97.6,208,81.7,0
2026-02-22 15:00:00,Laboratory,31.31,66.06,491,83.07,678.88,93.49,78.0,16,67.78,0
2026-02-22 16:00:00,Hostel B,32.64,64.93,98,122.64,484.3,40.43,97.14,120,95.39,0
2026-02-22 17:00:00,Computer Science Block,25.98,64.53,491,107.82,970.42,64.62,63.19,43,78.11,0
2026-02-22 18:00:00,Laboratory,23.9,87.01,269,81.62,726.23,116.15,10.13,70,98.71,0
2026-02-22 19:00:00,Library,28.25,59.24,237,112.26,686.15,52.67,18.44,219,86.87,0
2026-02-22 20:00:00,Hostel A,28.43,69.36,358,169.39,650.95,65.77,72.73,126,67.1,0
2026-02-22 21:00:00,Engineering Block,23.69,55.29,76,124.96,1056.71,67.11,37.46,207,45.75,0
2026-02-22 22:00:00,Engineering Block,27.3,67.91,427,120.9,969.68,59.95,47.24,180,53.83,0
2026-02-22 23:00:00,Hostel B,29.6,69.39,166,135.64,1328.61,73.98,70.79,17,56.28,0
2026-02-23 00:00:00,Computer Science Block,29.44,63.64,253,128.24,1139.23,83.67,40.01,66,93.92,0
2026-02-23 01:00:00,Computer Science Block,30.02,76.69,36,110.17,888.43,115.2,88.63,22,48.02,0
2026-02-23 02:00:00,Laboratory,29.16,51.16,387,126.83,876.1,105.77,44.87,151,80.55,0
2026-02-23 03:00:00,Auditorium,25.97,55.13,216,122.94,1114.98,94.68,13.99,159,71.17,0
2026-02-23 04:00:00,Admin Block,25.94,62.12,208,44.84,887.46,76.65,98.58,143,42.03,0
2026-02-23 05:00:00,Laboratory,23.2,68.81,151,138.52,1160.89,62.35,54.08,249,48.78,0
2026-02-23 06:00:00,Hostel A,35.14,61.79,267,121.57,895.1,94.24,41.55,34,49.88,0
2026-02-23 07:00:00,Library,28.05,72.86,169,138.95,1017.37,90.3,90.92,133,42.54,0
2026-02-23 08:00:00,Engineering Block,27.1,53.38,221,119.33,1226.59,92.35,87.48,209,84.91,0
2026-02-23 09:00:00,Laboratory,24.28,48.59,232,107.72,460.66,70.34,13.4,191,51.93,0
2026-02-23 10:00:00,Admin Block,39.74,63.08,236,86.62,1202.33,83.6,82.76,140,67.36,0
2026-02-23 11:00:00,Admin Block,23.71,59.23,25,125.64,1218.55,85.62,54.1,67,81.58,0
2026-02-23 12:00:00,Laboratory,26.28,65.43,177,125.5,793.32,65.2,70.61,154,97.81,0
2026-02-23 13:00:00,Hostel B,29.66,59.73,368,167.24,880.56,107.89,23.14,152,93.71,0
2026-02-23 14:00:00,Engineering Block,30.4,56.6,94,103.1,774.62,40.24,70.07,82,44.85,0
2026-02-23 15:00:00,Hostel B,31.83,59.25,414,157.68,712.08,63.39,30.71,146,92.59,0
2026-02-23 16:00:00,Library,35.23,60.29,270,147.81,1170.15,58.03,20.56,84,89.23,0
2026-02-23 17:00:00,Admin Block,30.02,56.95,323,93.07,501.37,70.43,22.12,151,32.09,0
2026-02-23 18:00:00,Admin Block,23.78,57.97,65,71.59,889.89,65.98,36.99,43,91.92,0
2026-02-23 19:00:00,Hostel A,26.97,55.96,430,155.51,530.98,65.54,99.25,128,67.41,0
2026-02-23 20:00:00,Library,29.23,68.57,422,136.07,723.51,100.22,14.89,97,43.41,0
2026-02-23 21:00:00,Admin Block,36.27,61.94,361,148.72,574.58,85.76,39.78,42,99.67,0
2026-02-23 22:00:00,Library,22.41,82.57,367,125.21,877.71,59.19,57.26,205,51.83,0
2026-02-23 23:00:00,Engineering Block,32.81,61.61,334,84.21,987.35,93.09,28.62,54,43.14,0
2026-02-24 00:00:00,Computer Science Block,28.72,54.49,399,126.31,1149.9,90.93,96.54,138,42.11,0
2026-02-24 01:00:00,Admin Block,31.35,86.71,471,142.8,851.12,32.68,51.45,30,66.84,0
2026-02-24 02:00:00,Hostel A,27.59,64.14,248,42.08,1344.5,68.2,72.34,181,42.23,0
2026-02-24 03:00:00,Engineering Block,24.63,69.9,201,136.79,744.15,95.28,42.4,104,66.39,0
2026-02-24 04:00:00,Laboratory,31.0,65.92,102,149.0,1047.27,89.39,27.48,24,81.61,0
2026-02-24 05:00:00,Library,30.62,66.23,164,152.61,1199.81,94.95,37.32,109,96.4,0
2026-02-24 06:00:00,Laboratory,31.89,65.36,69,136.0,768.9,59.43,35.17,157,55.73,0
2026-02-24 07:00:00,Hostel B,27.95,48.98,443,105.27,999.89,89.76,86.28,140,98.31,0
2026-02-24 08:00:00,Engineering Block,25.6,63.68,119,117.72,229.15,35.78,11.33,115,99.22,0
2026-02-24 09:00:00,Laboratory,21.76,46.75,362,68.29,1137.81,74.93,90.43,108,71.16,0
2026-02-24 10:00:00,Auditorium,31.28,58.26,389,156.77,648.35,123.3,45.36,159,51.17,0
2026-02-24 11:00:00,Auditorium,29.7,52.74,239,147.71,1242.45,101.98,65.51,132,89.71,0
2026-02-24 12:00:00,Admin Block,24.14,63.57,158,108.3,844.02,84.67,82.5,25,33.73,0
2026-02-24 13:00:00,Library,25.85,63.34,397,140.88,1095.31,65.93,51.49,207,60.85,0
2026-02-24 14:00:00,Computer Science Block,26.13,64.81,33,141.73,704.1,111.2,18.33,215,74.36,0
2026-02-24 15:00:00,Engineering Block,22.07,62.87,32,81.59,1645.17,79.83,58.75,145,98.69,0
2026-02-24 16:00:00,Admin Block,24.73,53.93,363,458.660974128748,1845.3416795992023,139.8081014740658,20.94,179,78.68,1
2026-02-24 17:00:00,Hostel A,23.46,57.39,269,90.62,1439.87,113.6,84.22,137,46.18,0
2026-02-24 18:00:00,Hostel B,26.35,69.2,355,45.79,853.62,81.62,68.31,94,89.74,0
2026-02-24 19:00:00,Library,25.05,70.68,431,134.08,769.12,88.85,63.29,75,76.04,0
2026-02-24 20:00:00,Engineering Block,21.49,48.53,497,131.79,1022.73,44.24,10.03,145,90.51,0
2026-02-24 21:00:00,Auditorium,36.09,44.69,191,106.18,1158.44,67.58,96.41,244,78.71,0
2026-02-24 22:00:00,Engineering Block,33.01,52.73,338,127.35,1083.09,98.23,21.73,92,54.33,0
2026-02-24 23:00:00,Computer Science Block,24.88,70.45,378,92.54,993.14,78.55,26.51,116,38.16,0
2026-02-25 00:00:00,Auditorium,29.09,72.15,125,60.25,865.11,77.1,98.75,156,78.42,0
2026-02-25 01:00:00,Computer Science Block,29.67,50.75,208,154.14,1068.01,52.95,18.06,230,44.22,0
2026-02-25 02:00:00,Hostel A,32.76,63.07,494,130.69,957.34,102.05,76.75,43,34.58,0
2026-02-25 03:00:00,Hostel B,24.73,78.34,36,107.0,817.73,70.81,18.55,200,50.49,0
2026-02-25 04:00:00,Hostel A,32.37,64.15,69,181.08,813.61,85.87,75.95,88,52.19,0
2026-02-25 05:00:00,Admin Block,25.81,74.22,268,109.68,1213.8,114.25,90.04,209,99.48,0
2026-02-25 06:00:00,Admin Block,22.66,69.99,429,140.74,524.0,123.13,41.47,61,69.44,0
2026-02-25 07:00:00,Hostel A,30.9,50.9,410,85.72,1072.56,60.11,38.11,59,99.3,0
2026-02-25 08:00:00,Hostel B,33.16,58.1,398,42.77,1045.67,72.46,93.97,64,84.07,0
2026-02-25 09:00:00,Hostel A,38.35,60.35,246,319.7989272406163,3072.035001650368,181.628186834554,16.72,57,64.61,1
2026-02-25 10:00:00,Hostel B,23.2,61.04,98,262.54666668407185,164.64318478684814,112.26687261789897,41.28,226,49.89,1
2026-02-25 11:00:00,Hostel B,30.8,69.16,291,187.01,466.43,104.9,68.76,105,45.69,0
2026-02-25 12:00:00,Laboratory,26.36,64.09,232,80.64,629.59,96.49,71.87,155,46.4,0
2026-02-25 13:00:00,Auditorium,31.13,30.64,36,61.29,692.78,95.41,50.77,176,90.3,0
2026-02-25 14:00:00,Library,22.12,46.87,365,98.51,1088.14,74.67,86.83,194,57.75,0
2026-02-25 15:00:00,Hostel B,22.95,38.13,438,139.39,518.75,82.02,86.41,81,61.58,0
2026-02-25 16:00:00,Computer Science Block,24.9,61.75,270,43.36,778.83,92.8,83.54,237,73.2,0
2026-02-25 17:00:00,Hostel B,28.32,62.4,359,122.79,678.66,84.96,25.37,116,33.92,0
2026-02-25 18:00:00,Hostel B,25.44,62.83,103,103.82,778.26,42.45,68.2,170,63.23,0
2026-02-25 19:00:00,Hostel B,30.64,50.41,426,106.03,1199.97,113.95,86.59,62,31.12,0
2026-02-25 20:00:00,Laboratory,32.11,66.74,216,89.3,993.9,83.71,18.48,123,82.14,0
2026-02-25 21:00:00,Auditorium,30.4,67.16,284,158.86,697.21,80.48,32.01,113,31.6,0
2026-02-25 22:00:00,Laboratory,34.48,47.45,490,64.19,504.8,110.64,98.02,146,79.36,0
2026-02-25 23:00:00,Admin Block,29.66,45.34,37,153.19,984.55,77.54,51.57,168,44.06,0
2026-02-26 00:00:00,Laboratory,23.13,60.0,240,136.93,686.86,54.76,57.72,189,86.88,0
2026-02-26 01:00:00,Computer Science Block,33.45,77.92,350,103.26,783.13,72.34,41.52,60,52.15,0
2026-02-26 02:00:00,Computer Science Block,25.58,77.0,254,173.94,788.77,110.47,45.3,173,93.32,0
2026-02-26 03:00:00,Laboratory,31.64,65.63,195,81.72658018435523,1904.0509447098416,94.48594040263411,90.51,137,81.71,1
2026-02-26 04:00:00,Auditorium,34.29,52.7,91,154.96,763.05,32.56,28.83,79,44.7,0
2026-02-26 05:00:00,Hostel A,29.83,68.87,110,81.47,747.51,65.54,35.12,148,91.93,0
2026-02-26 06:00:00,Library,22.02,55.48,341,103.97,621.97,91.33,55.06,80,31.43,0
2026-02-26 07:00:00,Auditorium,24.33,52.32,42,130.9,660.49,109.34,37.95,21,73.45,0
2026-02-26 08:00:00,Laboratory,33.29,38.56,232,156.62,1079.2,85.27,90.34,163,88.89,0
2026-02-26 09:00:00,Hostel B,27.32,61.02,413,86.55,851.87,70.86,66.97,204,39.07,0
2026-02-26 10:00:00,Engineering Block,28.32,53.7,313,139.97,801.24,44.46,55.34,144,33.17,0
2026-02-26 11:00:00,Library,31.04,60.96,147,104.64,518.96,66.72,64.37,140,92.21,0
2026-02-26 12:00:00,Library,30.79,37.01,78,90.1,591.48,32.53,11.78,17,50.75,0
2026-02-26 13:00:00,Computer Science Block,29.12,61.7,343,62.44,984.03,107.01,76.76,123,76.57,0
2026-02-26 14:00:00,Library,27.17,35.69,104,106.71,795.85,53.22,40.19,155,88.63,0
2026-02-26 15:00:00,Laboratory,26.75,70.88,248,75.2,795.63,60.48,64.74,9,37.72,0
2026-02-26 16:00:00,Hostel B,31.43,65.22,394,77.22,939.17,48.39,84.9,204,56.42,0
2026-02-26 17:00:00,Hostel B,30.21,57.21,446,102.96,1011.23,75.96,41.09,7,80.88,0
2026-02-26 18:00:00,Admin Block,26.97,65.63,287,111.68,1023.5,87.12,13.33,131,35.37,0
2026-02-26 19:00:00,Hostel B,32.33,50.22,131,244.48932687112287,1643.0650609549698,211.90522585951467,10.09,239,82.39,1
2026-02-26 20:00:00,Auditorium,27.48,60.72,135,122.43,820.44,78.24,87.38,201,91.64,0
2026-02-26 21:00:00,Hostel B,24.59,67.95,456,178.98,981.79,62.09,59.19,244,85.64,0
2026-02-26 22:00:00,Computer Science Block,24.96,29.06,257,96.52,291.01,104.17,68.54,46,46.74,0
2026-02-26 23:00:00,Hostel B,24.09,55.53,417,88.73,891.15,88.66,63.71,46,88.7,0
2026-02-27 00:00:00,Admin Block,26.91,59.77,71,87.24,1028.0,79.04,25.21,29,78.31,0
2026-02-27 01:00:00,Engineering Block,32.93,58.04,103,55.56424578462467,1166.0835534176265,110.14691043982003,13.44,100,82.3,1
2026-02-27 02:00:00,Laboratory,24.78,74.57,130,97.78,531.08,56.98,31.89,84,82.33,0
2026-02-27 03:00:00,Computer Science Block,28.75,48.76,219,182.35,1207.15,95.59,99.18,79,61.49,0
2026-02-27 04:00:00,Auditorium,25.37,53.79,238,122.45,652.4,78.59,47.6,156,93.08,0
2026-02-27 05:00:00,Engineering Block,26.96,40.84,248,105.85,839.53,41.82,93.26,109,38.67,0
2026-02-27 06:00:00,Computer Science Block,21.96,75.1,336,138.4,927.76,73.88,33.42,92,97.11,0
2026-02-27 07:00:00,Hostel A,27.12,57.54,444,104.96,622.57,103.12,74.39,130,30.47,0
2026-02-27 08:00:00,Library,27.23,55.62,40,254.80613458529723,784.3994711232739,254.30060049206912,12.34,186,83.78,1
2026-02-27 09:00:00,Hostel A,30.16,59.48,195,115.62,920.3,73.53,11.18,171,43.03,0
2026-02-27 10:00:00,Hostel B,28.89,66.36,75,360.87435215158126,1082.3251011106724,149.34552358796628,51.93,64,34.52,1
2026-02-27 11:00:00,Engineering Block,23.21,63.47,310,316.65416532631644,1821.1799235040442,117.77957124991391,68.42,129,64.95,1
2026-02-27 12:00:00,Hostel B,32.34,86.48,319,138.53,812.63,82.64,96.6,50,65.96,0
2026-02-27 13:00:00,Library,28.84,64.54,314,114.67,1386.87,88.1,12.67,193,76.81,0
2026-02-27 14:00:00,Computer Science Block,28.79,55.35,162,153.92,885.72,115.21,98.91,178,71.62,0
2026-02-27 15:00:00,Library,27.96,54.39,415,179.38,671.37,108.1,52.46,154,32.19,0
2026-02-27 16:00:00,Admin Block,25.93,56.07,392,138.79,1047.44,95.51,78.97,86,44.31,0
2026-02-27 17:00:00,Library,28.87,44.98,245,236.18339461195743,2449.663601584773,103.23682744265001,68.17,213,80.12,1
2026-02-27 18:00:00,Admin Block,29.9,60.4,27,154.12,513.78,92.53,32.3,69,95.97,0
2026-02-27 19:00:00,Library,21.01,67.83,143,103.52,958.0,117.73,39.93,144,83.63,0
2026-02-27 20:00:00,Laboratory,25.84,53.87,265,169.59,936.16,94.1,63.2,91,98.99,0
2026-02-27 21:00:00,Admin Block,26.98,51.93,120,102.24,1091.94,97.48,18.67,12,38.7,0
2026-02-27 22:00:00,Engineering Block,29.02,75.16,497,117.46,593.69,83.67,79.72,101,97.09,0
2026-02-27 23:00:00,Hostel B,32.77,45.74,342,150.44,1030.23,72.17,81.96,16,56.18,0
2026-02-28 00:00:00,Auditorium,24.91,39.32,369,48.47,953.19,93.45,83.86,85,69.23,0
2026-02-28 01:00:00,Hostel B,26.01,48.47,112,131.02,789.61,74.86,86.37,226,98.35,0
2026-02-28 02:00:00,Hostel A,25.95,44.6,404,125.57,1518.17,40.81,72.02,107,61.33,0
2026-02-28 03:00:00,Hostel B,24.79,63.86,273,103.72,553.08,113.87,76.95,239,52.03,0
2026-02-28 04:00:00,Computer Science Block,26.61,56.39,99,108.65,789.38,96.74,62.98,81,85.35,0
2026-02-28 05:00:00,Laboratory,31.08,57.8,317,90.42,626.21,30.85,30.4,192,79.33,0
2026-02-28 06:00:00,Library,23.78,71.53,50,86.34,934.59,20.0,17.47,153,31.53,0
2026-02-28 07:00:00,Hostel A,29.71,53.09,397,250.58541430577992,2617.886262154453,121.29378501116801,26.07,129,63.96,1
2026-02-28 08:00:00,Computer Science Block,21.19,67.75,349,85.14,1208.12,95.31,27.38,13,94.62,0
2026-02-28 09:00:00,Computer Science Block,25.75,75.11,433,137.86,193.02,64.95,78.21,123,68.3,0
2026-02-28 10:00:00,Admin Block,26.68,55.44,318,94.83,1244.8,57.57,95.3,32,72.94,0
2026-02-28 11:00:00,Hostel B,34.7,67.37,301,147.95,725.03,76.28,83.3,203,64.15,0
2026-02-28 12:00:00,Engineering Block,26.9,57.58,31,86.87,675.19,76.28,99.3,214,71.02,0
2026-02-28 13:00:00,Auditorium,19.2,69.24,146,186.77947822521176,1445.2213088007927,113.41413055122742,13.93,246,50.7,1
2026-02-28 14:00:00,Engineering Block,20.0,44.29,379,112.33,778.58,51.16,12.89,174,44.23,0
2026-02-28 15:00:00,Hostel A,28.14,43.54,206,79.49,765.65,84.28,71.52,37,57.45,0
2026-02-28 16:00:00,Laboratory,30.46,56.09,88,115.2,666.43,80.22,12.3,50,46.26,0
2026-02-28 17:00:00,Engineering Block,29.5,51.11,348,92.39,930.24,42.51,90.17,68,93.74,0
2026-02-28 18:00:00,Library,28.67,54.83,30,75.86,1154.45,91.93,52.5,155,40.4,0
2026-02-28 19:00:00,Engineering Block,32.65,57.8,322,76.31,886.46,70.6,93.2,185,46.8,0
2026-02-28 20:00:00,Hostel A,25.84,67.2,42,161.08,825.19,60.14,32.49,69,85.25,0
2026-02-28 21:00:00,Auditorium,31.58,55.92,356,144.54,1004.71,84.32,67.82,59,37.14,0
2026-02-28 22:00:00,Engineering Block,21.47,51.76,446,74.14,1166.92,72.22,72.91,171,85.78,0
2026-02-28 23:00:00,Library,24.38,56.48,352,92.25,881.96,70.81,35.85,196,70.48,0
2026-03-01 00:00:00,Admin Block,20.77,52.31,228,172.02,810.0,59.53,43.05,126,62.24,0
2026-03-01 01:00:00,Laboratory,26.9,50.66,234,118.98,1008.27,86.74,59.63,215,90.94,0
2026-03-01 02:00:00,Hostel A,27.81,43.87,142,107.99,678.31,109.86,44.53,151,57.91,0
2026-03-01 03:00:00,Admin Block,28.46,60.69,442,123.76,336.77,78.13,54.24,8,49.14,0
2026-03-01 04:00:00,Admin Block,28.25,54.31,92,129.23,1002.88,63.23,51.04,11,68.01,0
2026-03-01 05:00:00,Admin Block,24.29,69.66,229,119.62,745.35,101.68,69.94,161,69.04,0
2026-03-01 06:00:00,Computer Science Block,27.24,45.53,330,91.91,717.8,81.84,17.32,116,38.6,0
2026-03-01 07:00:00,Laboratory,22.01,54.58,293,50.4,374.46,45.27,96.1,235,84.97,0
2026-03-01 08:00:00,Auditorium,33.45,78.13,113,119.3,663.13,85.37,19.26,79,56.19,0
2026-03-01 09:00:00,Hostel B,26.79,50.6,445,55.27,761.71,63.02,40.43,97,38.83,0
2026-03-01 10:00:00,Laboratory,26.04,57.63,255,102.89,1210.09,99.29,10.78,12,36.96,0
2026-03-01 11:00:00,Computer Science Block,34.36,47.84,173,97.07,1288.34,31.44,83.44,49,69.56,0
2026-03-01 12:00:00,Hostel B,23.03,46.52,293,94.63,804.67,77.09,20.13,205,56.17,0
2026-03-01 13:00:00,Laboratory,23.5,75.47,232,134.85,987.05,107.91,35.06,9,52.21,0
2026-03-01 14:00:00,Admin Block,23.62,61.71,147,112.53,563.12,71.15,50.66,227,62.2,0
2026-03-01 15:00:00,Hostel A,27.73,61.34,252,136.57,881.21,76.65,85.96,67,85.46,0
2026-03-01 16:00:00,Hostel B,29.73,43.04,60,57.11,747.32,61.79,79.05,78,41.94,0
2026-03-01 17:00:00,Library,30.96,63.59,445,146.48,455.38,75.42,23.49,175,38.31,0
2026-03-01 18:00:00,Library,38.29,71.57,308,152.2,1132.91,44.76,50.2,92,90.96,0
2026-03-01 19:00:00,Engineering Block,19.0,71.49,62,118.25,899.74,49.24,39.95,149,86.8,0
2026-03-01 20:00:00,Hostel B,30.43,66.68,289,187.75,1023.31,47.7,95.36,243,41.45,0
2026-03-01 21:00:00,Hostel A,25.77,48.71,458,143.63,752.3,115.5,87.02,79,69.1,0
2026-03-01 22:00:00,Auditorium,25.65,63.13,333,118.81,272.28,42.67,23.54,38,68.06,0
2026-03-01 23:00:00,Computer Science Block,25.52,66.68,413,170.12,493.4,59.76,48.67,92,84.19,0
2026-03-02 00:00:00,Admin Block,24.36,42.06,47,122.94,1078.34,41.23,50.02,12,53.04,0
2026-03-02 01:00:00,Engineering Block,34.74,48.79,289,87.68,788.75,117.83,96.48,176,34.49,0
2026-03-02 02:00:00,Library,31.37,68.88,486,148.39,1002.4,66.95,81.57,235,43.08,0
2026-03-02 03:00:00,Computer Science Block,28.09,68.76,429,172.97,743.82,44.24,82.81,156,44.84,0
2026-03-02 04:00:00,Computer Science Block,33.4,44.51,93,66.3,873.31,61.3,43.13,134,62.56,0
2026-03-02 05:00:00,Admin Block,21.95,67.95,164,103.79,850.14,56.29,72.6,140,65.25,0
2026-03-02 06:00:00,Auditorium,22.68,60.95,181,102.17,619.32,102.74,38.82,35,44.36,0
2026-03-02 07:00:00,Auditorium,19.29,67.81,265,75.36,915.11,74.3,84.21,115,52.31,0
2026-03-02 08:00:00,Hostel B,25.2,53.65,289,110.12,1235.82,50.63,96.41,48,84.89,0
2026-03-02 09:00:00,Library,28.65,66.45,429,92.61,726.93,115.64,64.91,167,33.03,0
2026-03-02 10:00:00,Auditorium,28.41,68.44,437,134.73,434.61,93.88,57.59,62,82.03,0
2026-03-02 11:00:00,Hostel A,28.6,56.49,230,254.03240153928624,1508.777174124587,96.14431724411254,88.52,8,98.44,1
2026-03-02 12:00:00,Auditorium,22.36,60.18,299,124.86,507.24,89.85,91.45,208,83.31,0
2026-03-02 13:00:00,Computer Science Block,31.21,53.51,242,127.39,603.89,41.43,18.12,123,95.23,0
2026-03-02 14:00:00,Admin Block,28.96,76.52,379,172.67,781.55,36.14,72.76,107,48.43,0
2026-03-02 15:00:00,Hostel A,30.93,58.8,89,190.53,1007.8,51.16,66.56,84,66.24,0
2026-03-02 16:00:00,Hostel B,20.43,50.78,39,141.3,971.22,99.08,28.92,26,59.02,0
2026-03-02 17:00:00,Library,29.25,52.84,442,102.28,769.84,117.2,21.24,213,49.12,0
2026-03-02 18:00:00,Hostel B,23.25,61.27,140,129.78,520.47,52.85,35.67,221,32.84,0
2026-03-02 19:00:00,Computer Science Block,26.41,67.53,192,121.08,1520.65,81.01,25.21,247,83.15,0
2026-03-02 20:00:00,Hostel A,30.14,46.64,53,143.89,895.88,122.45,31.83,190,80.72,0
2026-03-02 21:00:00,Hostel A,28.36,78.48,425,89.03,1055.01,98.86,92.58,19,69.62,0
2026-03-02 22:00:00,Hostel A,24.59,63.09,90,146.09,970.99,65.47,92.46,152,98.18,0
2026-03-02 23:00:00,Computer Science Block,28.03,64.66,52,122.87,1226.05,102.8,32.82,35,90.7,0
2026-03-03 00:00:00,Computer Science Block,21.87,59.03,281,117.04,584.64,102.31,28.19,246,69.39,0
2026-03-03 01:00:00,Hostel B,32.6,60.19,291,118.43,941.24,58.86,50.91,73,94.44,0
2026-03-03 02:00:00,Engineering Block,27.18,58.52,475,167.17,769.96,20.0,69.76,226,69.18,0
2026-03-03 03:00:00,Hostel B,32.47,70.18,128,215.74,578.88,59.25,22.41,186,88.63,0
2026-03-03 04:00:00,Library,25.89,59.92,42,124.14,1175.67,74.21,83.56,191,65.1,0
2026-03-03 05:00:00,Admin Block,25.91,67.67,165,94.4,614.1,50.18,16.62,223,86.45,0
2026-03-03 06:00:00,Hostel A,24.94,55.66,33,119.59,970.72,70.63,20.2,178,61.29,0
2026-03-03 07:00:00,Engineering Block,31.5,61.96,325,130.81,1271.55,122.87,67.28,146,70.01,0
2026-03-03 08:00:00,Admin Block,25.16,51.96,336,125.65,1266.18,90.47,28.38,242,43.71,0
2026-03-03 09:00:00,Engineering Block,30.58,72.17,55,125.94,619.35,50.76,30.62,213,73.28,0
2026-03-03 10:00:00,Auditorium,26.47,51.66,290,113.81,1093.58,50.03,88.87,226,85.86,0
2026-03-03 11:00:00,Auditorium,20.1,56.75,280,167.18,997.63,102.98,42.78,114,88.63,0
2026-03-03 12:00:00,Laboratory,25.72,56.85,72,110.56,555.04,75.8,92.91,136,83.83,0
2026-03-03 13:00:00,Auditorium,23.28,56.46,67,317.64164618428975,801.3800725916307,130.33967027459389,19.78,238,30.78,1
2026-03-03 14:00:00,Hostel B,28.14,67.22,482,67.14,851.58,88.7,93.85,200,95.28,0
2026-03-03 15:00:00,Auditorium,23.24,56.83,30,100.18,1152.27,78.38,92.32,71,34.08,0
2026-03-03 16:00:00,Computer Science Block,31.7,73.94,277,130.26,1577.48,139.65,58.58,11,79.65,0
2026-03-03 17:00:00,Hostel A,27.64,51.82,362,118.91,698.55,69.0,78.25,120,87.55,0
2026-03-03 18:00:00,Hostel B,27.29,61.69,299,162.59,895.52,47.43,49.34,43,83.7,0
2026-03-03 19:00:00,Admin Block,30.62,52.24,229,129.42,590.09,84.06,78.91,231,84.03,0
2026-03-03 20:00:00,Laboratory,31.86,64.21,343,166.36,1246.75,79.41,31.87,81,45.66,0
2026-03-03 21:00:00,Laboratory,27.92,59.84,354,137.04,930.38,88.84,91.28,40,36.08,0
2026-03-03 22:00:00,Laboratory,24.92,58.45,31,91.42,959.96,68.8,80.96,55,63.14,0
2026-03-03 23:00:00,Admin Block,20.9,71.88,462,113.26,882.42,69.57,75.93,40,74.22,0
2026-03-04 00:00:00,Admin Block,25.26,53.46,270,115.45,641.13,112.34,82.44,115,87.71,0
2026-03-04 01:00:00,Admin Block,25.53,65.87,342,164.71,1077.75,103.87,41.04,224,54.67,0
2026-03-04 02:00:00,Admin Block,28.43,52.31,179,111.34,1107.1,74.14,27.09,248,87.68,0
2026-03-04 03:00:00,Laboratory,26.62,61.13,55,115.22,1170.4,88.87,41.93,36,65.11,0
2026-03-04 04:00:00,Laboratory,30.75,48.04,168,106.03,1114.83,91.0,13.49,240,85.03,0
2026-03-04 05:00:00,Engineering Block,25.55,53.37,387,124.28,611.79,78.44,34.32,210,45.89,0
2026-03-04 06:00:00,Hostel B,27.77,59.18,217,142.83,801.13,47.15,64.66,168,83.55,0
2026-03-04 07:00:00,Hostel A,32.74,78.15,469,144.54,958.04,21.49,86.19,167,44.89,0
2026-03-04 08:00:00,Auditorium,29.37,61.01,397,269.4134326640119,1335.8939985694713,169.0611436252105,93.73,127,35.67,1
2026-03-04 09:00:00,Auditorium,27.76,76.55,265,49.95,564.28,70.16,75.0,106,85.01,0
2026-03-04 10:00:00,Computer Science Block,25.59,62.2,412,129.65,779.79,114.85,90.27,132,84.69,0
2026-03-04 11:00:00,Laboratory,25.47,56.13,223,123.56,888.25,45.45,36.22,51,37.71,0
2026-03-04 12:00:00,Computer Science Block,24.6,75.39,63,125.35,1685.76,90.73,70.99,64,59.79,0
2026-03-04 13:00:00,Hostel B,25.84,64.37,334,120.22,1173.96,50.59,97.91,201,32.17,0
2026-03-04 14:00:00,Hostel B,31.02,53.57,427,130.69,671.04,84.67,64.97,138,80.54,0
2026-03-04 15:00:00,Computer Science Block,27.11,64.71,402,49.45,667.54,64.93,48.51,144,84.53,0
2026-03-04 16:00:00,Laboratory,22.6,57.07,338,125.11,582.83,31.42,33.64,171,76.98,0
2026-03-04 17:00:00,Computer Science Block,35.07,40.11,225,85.21,1038.7,97.66,38.33,120,66.87,0
2026-03-04 18:00:00,Auditorium,29.28,69.36,260,161.46,754.57,90.51,28.22,194,39.52,0
2026-03-04 19:00:00,Engineering Block,22.37,70.95,60,124.32,816.32,92.35,73.26,111,99.12,0
2026-03-04 20:00:00,Auditorium,26.23,78.38,95,94.65,730.34,111.94,75.16,181,47.93,0
2026-03-04 21:00:00,Library,28.44,64.22,494,78.63,1423.63,99.44,80.16,16,88.7,0
2026-03-04 22:00:00,Laboratory,34.82,57.51,221,90.03,1175.69,70.26,52.07,76,35.35,0
2026-03-04 23:00:00,Laboratory,23.57,68.35,382,97.51,601.13,130.85,22.44,113,43.36,0
2026-03-05 00:00:00,Hostel A,31.9,68.5,405,121.4,564.56,94.84,47.97,86,78.11,0
2026-03-05 01:00:00,Admin Block,33.6,76.38,114,78.23,1152.07,55.09,77.37,119,32.94,0
2026-03-05 02:00:00,Library,25.49,59.55,47,128.47,611.75,72.82,87.02,150,30.5,0
2026-03-05 03:00:00,Hostel B,26.89,58.34,163,155.1,1178.69,63.93,17.3,78,73.09,0
2026-03-05 04:00:00,Laboratory,23.85,52.84,78,158.62,1031.93,127.17,31.95,202,77.17,0
2026-03-05 05:00:00,Computer Science Block,27.19,65.37,148,106.55,619.92,103.82,96.58,9,79.64,0
2026-03-05 06:00:00,Library,27.85,44.52,361,119.02,1013.48,86.8,48.88,113,90.48,0
2026-03-05 07:00:00,Hostel A,30.64,67.76,20,96.84,951.91,70.16,16.36,91,52.19,0
2026-03-05 08:00:00,Hostel B,32.36,65.88,306,77.77,454.71,129.7,28.33,93,36.07,0
2026-03-05 09:00:00,Admin Block,25.01,65.85,41,101.16,851.39,110.76,84.48,11,57.84,0
2026-03-05 10:00:00,Admin Block,20.13,61.38,245,56.82,761.17,68.86,78.35,47,47.8,0
2026-03-05 11:00:00,Hostel A,27.92,75.33,223,50.86,941.99,82.49,29.57,125,97.08,0
2026-03-05 12:00:00,Hostel A,29.17,68.72,206,130.59,808.57,93.55,19.14,49,44.06,0
2026-03-05 13:00:00,Computer Science Block,29.0,53.93,394,128.85,943.99,60.52,17.15,201,78.99,0
2026-03-05 14:00:00,Laboratory,26.69,54.11,490,162.69,695.53,61.01,54.97,35,94.56,0
2026-03-05 15:00:00,Admin Block,28.5,51.2,303,170.23,820.41,130.57,72.6,130,76.86,0
2026-03-05 16:00:00,Hostel B,34.06,65.51,391,126.37,519.95,78.6,39.14,151,34.65,0
2026-03-05 17:00:00,Library,29.53,50.0,351,86.99,749.49,71.93,17.76,119,94.83,0
2026-03-05 18:00:00,Hostel B,26.51,70.83,46,86.87,744.61,100.58,54.28,232,40.37,0
2026-03-05 19:00:00,Engineering Block,26.0,73.23,362,83.59,490.51,53.7,29.71,48,43.98,0
2026-03-05 20:00:00,Engineering Block,27.32,51.21,148,128.81,865.28,80.39,26.28,118,81.02,0
2026-03-05 21:00:00,Hostel A,34.55,58.14,399,229.98660595195747,2699.5913080904693,221.91823082112353,79.72,39,64.49,1
2026-03-05 22:00:00,Computer Science Block,27.27,60.17,382,70.82,672.5,41.31,64.4,175,84.46,0
2026-03-05 23:00:00,Engineering Block,27.92,68.84,405,134.73,1141.34,63.56,38.36,132,41.51,0
2026-03-06 00:00:00,Admin Block,26.07,76.09,114,150.11,921.14,74.04,51.45,77,89.97,0
2026-03-06 01:00:00,Hostel B,32.4,43.15,85,93.87,359.58,61.07,30.15,128,51.29,0
2026-03-06 02:00:00,Hostel B,35.84,56.82,196,118.79,1466.75,108.93,60.55,220,66.49,0
2026-03-06 03:00:00,Hostel A,29.8,57.34,492,171.16,621.48,111.02,78.13,150,37.95,0
2026-03-06 04:00:00,Laboratory,28.33,45.99,294,152.67,855.66,91.34,48.56,65,54.58,0
2026-03-06 05:00:00,Laboratory,28.15,55.15,175,87.71,945.93,77.88,44.54,176,55.23,0
2026-03-06 06:00:00,Library,18.46,64.28,473,174.39,841.5,119.73,32.66,77,97.68,0
2026-03-06 07:00:00,Hostel A,30.98,57.21,442,145.14,1054.54,69.65,39.11,185,88.17,0
2026-03-06 08:00:00,Auditorium,28.54,44.55,38,176.88,1156.6,83.37,42.41,60,34.05,0
2026-03-06 09:00:00,Library,29.71,88.74,402,113.69,624.24,86.08,38.15,106,50.0,0
2026-03-06 10:00:00,Auditorium,25.15,62.66,391,90.1,794.33,68.49,18.13,38,44.47,0
2026-03-06 11:00:00,Laboratory,26.46,61.12,339,118.62,681.68,75.09,23.3,165,52.32,0
2026-03-06 12:00:00,Hostel A,26.36,49.02,77,70.62,680.12,52.72,99.66,8,30.92,0
2026-03-06 13:00:00,Auditorium,32.09,62.61,292,148.98,877.91,108.61,42.67,216,84.75,0
2026-03-06 14:00:00,Hostel A,26.48,58.36,217,100.65,1098.82,30.64,82.48,155,39.69,0
2026-03-06 15:00:00,Hostel A,36.33,41.11,98,133.66,445.71,81.69,74.56,54,44.19,0
2026-03-06 16:00:00,Laboratory,29.72,49.3,489,195.71,812.15,61.97,60.77,168,75.93,0
2026-03-06 17:00:00,Library,22.9,67.95,60,102.93,638.44,76.04,50.48,222,74.13,0
2026-03-06 18:00:00,Library,27.49,79.44,245,119.99,1007.35,30.1,69.87,195,87.83,0
2026-03-06 19:00:00,Hostel A,25.39,63.67,280,103.65,983.85,107.05,62.58,175,39.6,0
2026-03-06 20:00:00,Engineering Block,19.22,71.03,264,114.91,1095.25,71.42,76.05,197,45.41,0
2026-03-06 21:00:00,Computer Science Block,34.4,58.44,42,111.79,536.46,94.71,99.45,43,91.34,0
2026-03-06 22:00:00,Laboratory,30.81,59.13,216,154.99,936.41,80.48,38.34,175,76.63,0
2026-03-06 23:00:00,Computer Science Block,30.13,70.91,255,151.11,830.38,74.88,40.06,36,35.53,0
2026-03-07 00:00:00,Computer Science Block,28.66,76.63,145,112.04,434.5,90.27,72.02,244,36.58,0
2026-03-07 01:00:00,Library,22.47,73.01,285,124.2,470.65,50.36,86.01,119,67.34,0
2026-03-07 02:00:00,Library,26.07,49.34,343,108.29,735.6,80.22,27.1,96,82.55,0
2026-03-07 03:00:00,Engineering Block,31.37,59.33,159,169.54,850.38,44.51,86.92,92,75.03,0
2026-03-07 04:00:00,Computer Science Block,23.8,62.78,386,30.64,1152.64,54.33,90.68,17,77.46,0
2026-03-07 05:00:00,Computer Science Block,17.87,57.4,413,92.53,774.44,66.66,45.54,192,70.04,0
2026-03-07 06:00:00,Hostel A,27.09,63.88,335,134.9,941.48,61.35,33.99,101,91.7,0
2026-03-07 07:00:00,Library,27.43,68.21,146,294.0089383072869,1788.3350284096957,162.74810052492225,46.05,16,92.78,1
2026-03-07 08:00:00,Computer Science Block,28.54,70.03,305,164.42,617.99,45.47,26.8,165,72.39,0
2026-03-07 09:00:00,Hostel B,30.91,76.86,133,120.0,730.47,95.76,15.33,129,81.19,0
2026-03-07 10:00:00,Engineering Block,30.55,56.71,427,99.35,856.32,134.65,81.75,146,62.37,0
2026-03-07 11:00:00,Auditorium,29.04,46.36,344,119.05,540.17,105.43,61.28,17,48.85,0
2026-03-07 12:00:00,Hostel B,32.78,63.58,32,153.9,993.95,90.92,54.47,180,74.54,0
2026-03-07 13:00:00,Hostel B,21.92,78.84,247,98.49,1211.46,65.86,29.26,65,87.06,0
2026-03-07 14:00:00,Auditorium,30.02,55.23,28,117.86,1250.48,84.51,59.72,67,48.38,0
2026-03-07 15:00:00,Laboratory,30.51,66.87,165,109.51,1022.54,94.05,46.15,189,73.81,0
2026-03-07 16:00:00,Laboratory,23.04,66.96,182,163.64,934.65,108.01,55.56,169,73.58,0
2026-03-07 17:00:00,Engineering Block,21.99,61.91,242,79.34,385.52,122.5,18.17,95,94.32,0
2026-03-07 18:00:00,Hostel B,25.02,60.07,235,31.65,596.31,64.7,93.05,136,83.15,0
2026-03-07 19:00:00,Computer Science Block,25.35,50.77,407,115.68,505.82,41.3,78.78,200,86.79,0
2026-03-07 20:00:00,Library,31.01,37.18,188,141.71,730.85,92.04,76.71,236,69.97,0
2026-03-07 21:00:00,Engineering Block,25.54,48.88,45,102.13,1041.66,76.46,62.36,189,80.94,0
2026-03-07 22:00:00,Hostel A,24.57,56.1,144,55.74,915.93,55.34,30.49,115,47.14,0
2026-03-07 23:00:00,Auditorium,25.55,70.97,319,142.73,943.35,65.08,19.32,66,70.58,0
2026-03-08 00:00:00,Hostel B,32.47,58.97,269,104.44,968.08,54.31,42.53,20,76.36,0
2026-03-08 01:00:00,Engineering Block,28.05,54.81,445,127.89,663.21,84.49,47.15,43,88.37,0
2026-03-08 02:00:00,Admin Block,27.28,51.09,29,109.69,793.52,129.53,78.49,67,41.6,0
2026-03-08 03:00:00,Admin Block,27.56,66.57,124,42.63,903.09,82.08,23.33,108,52.87,0
2026-03-08 04:00:00,Laboratory,33.17,73.58,125,131.36,1128.42,71.39,83.52,86,85.4,0
2026-03-08 05:00:00,Auditorium,25.0,70.63,476,139.92,817.25,107.67,49.86,20,60.4,0
2026-03-08 06:00:00,Library,33.26,66.06,20,113.18,791.56,87.85,82.0,179,63.91,0
2026-03-08 07:00:00,Computer Science Block,28.84,45.24,201,80.54,504.09,94.28,54.52,227,73.35,0
2026-03-08 08:00:00,Library,27.36,56.48,419,184.37,646.54,128.88,14.64,222,80.9,0
2026-03-08 09:00:00,Library,38.0,79.47,321,133.67,906.97,35.39,64.73,27,50.18,0
2026-03-08 10:00:00,Library,23.78,71.22,160,72.17,807.62,46.16,48.45,184,90.47,0
2026-03-08 11:00:00,Auditorium,26.59,44.62,249,200.5,483.25,72.87,51.34,124,55.49,0
2026-03-08 12:00:00,Library,23.07,59.44,83,98.59,478.42,114.01,80.43,126,48.26,0
2026-03-08 13:00:00,Hostel A,31.81,63.63,97,166.62,582.13,74.65,30.03,124,78.97,0
2026-03-08 14:00:00,Auditorium,34.76,52.38,251,142.93,779.58,100.08,12.31,116,55.19,0
2026-03-08 15:00:00,Hostel A,34.68,36.91,106,132.43,1093.57,46.6,35.75,116,65.44,0
2026-03-08 16:00:00,Auditorium,32.9,60.99,202,168.66,915.01,100.22,23.96,190,53.12,0
2026-03-08 17:00:00,Laboratory,27.21,52.12,338,56.19,609.9,82.56,40.94,198,89.74,0
2026-03-08 18:00:00,Engineering Block,26.54,52.16,165,140.05,672.34,61.46,28.72,61,64.98,0
2026-03-08 19:00:00,Admin Block,21.32,56.45,336,108.18,970.95,112.92,18.73,170,34.58,0
2026-03-08 20:00:00,Library,36.14,58.66,111,457.9342139466654,1523.9732861504106,198.95363526473977,84.48,207,33.97,1
2026-03-08 21:00:00,Laboratory,29.88,59.91,142,52.47,678.28,83.19,28.85,9,55.54,0
2026-03-08 22:00:00,Engineering Block,26.03,51.16,295,130.93,273.56,76.41,42.74,51,58.53,0
2026-03-08 23:00:00,Admin Block,33.31,57.8,468,133.4,926.56,41.47,10.17,146,32.62,0
2026-03-09 00:00:00,Hostel B,24.11,42.43,83,99.02,764.67,69.62,79.45,212,89.67,0
2026-03-09 01:00:00,Computer Science Block,29.63,63.11,351,110.93,1283.14,44.59,51.7,52,65.46,0
2026-03-09 02:00:00,Hostel A,27.31,31.44,238,103.8,764.49,81.3,87.82,45,68.35,0
2026-03-09 03:00:00,Hostel B,30.55,57.11,211,85.99,843.84,89.2,14.75,183,75.63,0
2026-03-09 04:00:00,Auditorium,27.75,69.19,126,87.41,796.83,94.52,24.74,41,45.23,0
2026-03-09 05:00:00,Admin Block,22.2,49.41,416,114.38,959.36,81.72,33.19,153,66.61,0
2026-03-09 06:00:00,Hostel B,28.3,67.16,266,143.63,949.08,119.88,89.93,140,45.6,0
2026-03-09 07:00:00,Computer Science Block,32.2,71.56,471,190.670905816703,1116.3831675027584,67.40194624179489,41.86,210,59.07,1
2026-03-09 08:00:00,Laboratory,27.88,26.92,492,66.61055442610319,771.262910582291,147.3741063099808,26.82,141,73.88,1
2026-03-09 09:00:00,Admin Block,31.1,58.49,473,116.7,1125.7,111.36,82.13,144,46.51,0
2026-03-09 10:00:00,Hostel B,23.82,31.24,76,129.93,732.68,95.72,37.21,211,91.85,0
2026-03-09 11:00:00,Hostel A,27.89,58.82,64,111.47,986.72,66.0,41.47,29,50.56,0
2026-03-09 12:00:00,Hostel A,25.5,59.93,395,121.49,764.01,98.2,68.92,25,51.26,0
2026-03-09 13:00:00,Engineering Block,30.99,35.17,105,152.26,383.05,67.88,44.54,178,94.48,0
2026-03-09 14:00:00,Hostel B,28.13,79.25,57,117.61,1199.08,81.72,11.48,230,57.24,0
2026-03-09 15:00:00,Library,30.76,62.86,201,148.58,1047.45,96.65,99.02,30,39.56,0
2026-03-09 16:00:00,Hostel B,32.35,51.51,183,130.86,986.16,43.45,31.48,122,59.93,0
2026-03-09 17:00:00,Laboratory,30.77,74.65,264,87.1,612.13,105.65,31.99,72,53.73,0
2026-03-09 18:00:00,Admin Block,29.09,42.04,342,159.06,1028.32,101.17,22.05,157,64.66,0
2026-03-09 19:00:00,Admin Block,24.01,47.71,396,72.83,918.59,35.27,24.22,172,72.89,0
2026-03-09 20:00:00,Laboratory,27.99,37.01,145,88.40656322713222,1019.3780051445591,29.810202251594152,55.18,164,53.08,1
2026-03-09 21:00:00,Hostel B,25.87,78.01,226,123.5,782.47,27.79,94.58,66,79.79,0
2026-03-09 22:00:00,Laboratory,26.62,63.32,286,140.97,832.1,81.34,72.75,33,51.19,0
2026-03-09 23:00:00,Computer Science Block,26.5,66.59,373,138.56,703.0,126.07,69.18,218,88.71,0
2026-03-10 00:00:00,Auditorium,24.08,63.01,430,77.73,928.49,101.24,42.53,102,97.35,0
2026-03-10 01:00:00,Laboratory,20.17,65.74,106,125.11,1065.75,108.62,83.18,23,30.96,0
2026-03-10 02:00:00,Hostel A,25.33,60.78,164,61.86,734.81,102.22,52.6,182,38.15,0
2026-03-10 03:00:00,Laboratory,28.77,62.71,141,132.22,823.17,90.39,51.18,74,65.7,0
2026-03-10 04:00:00,Admin Block,22.61,61.08,490,123.11,822.15,25.33,99.51,152,73.61,0
2026-03-10 05:00:00,Hostel A,28.06,53.91,117,139.02,1057.65,110.13,64.81,212,93.74,0
2026-03-10 06:00:00,Admin Block,35.6,59.53,488,147.61,895.94,65.7,88.14,101,74.13,0
2026-03-10 07:00:00,Engineering Block,32.09,62.74,308,138.65,1107.62,52.37,57.21,141,90.5,0
2026-03-10 08:00:00,Library,34.57,61.11,152,73.41,686.02,70.72,24.56,90,66.56,0
2026-03-10 09:00:00,Admin Block,29.56,45.22,398,102.17,847.29,101.13,98.85,38,78.27,0
2026-03-10 10:00:00,Hostel A,32.67,46.55,356,80.13,994.02,80.8,69.01,243,94.65,0
2026-03-10 11:00:00,Engineering Block,25.1,70.83,337,31.08,1025.85,83.6,23.38,87,77.42,0
2026-03-10 12:00:00,Admin Block,25.42,56.93,84,146.03,755.8,79.27,76.6,124,63.79,0
2026-03-10 13:00:00,Computer Science Block,17.04,65.85,218,142.29,841.63,113.97,49.52,237,71.5,0
2026-03-10 14:00:00,Laboratory,32.74,49.08,144,87.59,644.82,36.75,84.01,173,60.12,0
2026-03-10 15:00:00,Library,34.16,45.27,470,92.53,367.21,80.05,34.94,41,40.5,0
2026-03-10 16:00:00,Admin Block,25.79,51.56,365,118.85,771.83,95.99,94.81,72,83.91,0
2026-03-10 17:00:00,Engineering Block,26.98,57.77,227,100.75,772.84,85.71,36.75,201,59.01,0
2026-03-10 18:00:00,Computer Science Block,24.98,53.35,227,158.53,745.0,115.03,99.75,196,36.63,0
2026-03-10 19:00:00,Hostel B,29.53,72.94,319,106.51,579.83,85.21,73.02,80,79.28,0
2026-03-10 20:00:00,Engineering Block,32.5,61.8,140,90.48,990.9,71.06,97.42,101,83.48,0
2026-03-10 21:00:00,Laboratory,21.03,78.49,161,135.09,1022.51,63.62,75.17,55,37.37,0
2026-03-10 22:00:00,Engineering Block,29.64,64.04,493,88.17,833.94,39.8,77.87,63,61.91,0
2026-03-10 23:00:00,Computer Science Block,26.89,35.87,366,144.73,647.06,63.91,20.92,205,63.69,0
2026-03-11 00:00:00,Engineering Block,28.45,70.56,76,117.95,705.5,49.36,11.35,195,46.42,0
2026-03-11 01:00:00,Computer Science Block,29.84,44.9,323,364.80533158838045,1737.494477566791,129.47513092278464,17.78,131,85.94,1
2026-03-11 02:00:00,Admin Block,27.25,62.31,164,154.93,1062.7,32.41,49.35,176,67.15,0
2026-03-11 03:00:00,Auditorium,27.59,52.25,63,74.35,518.32,82.09,46.19,124,70.06,0
2026-03-11 04:00:00,Computer Science Block,27.14,81.43,151,122.29,711.24,69.51,26.55,97,55.06,0
2026-03-11 05:00:00,Computer Science Block,31.88,74.4,100,118.38,887.01,109.99,13.91,226,47.19,0
2026-03-11 06:00:00,Library,29.68,52.58,372,115.98,1038.95,94.29,72.29,97,86.15,0
2026-03-11 07:00:00,Computer Science Block,28.88,58.73,49,160.59,520.0,109.51,27.81,177,67.3,0
2026-03-11 08:00:00,Computer Science Block,22.92,62.45,396,119.45,665.67,81.49,98.07,184,46.86,0
2026-03-11 09:00:00,Hostel B,26.49,68.63,360,71.5,268.85,103.31,19.31,21,59.83,0
2026-03-11 10:00:00,Auditorium,31.59,60.29,228,103.93,1177.33,81.34,42.72,39,68.91,0
2026-03-11 11:00:00,Admin Block,28.15,49.75,478,95.5,573.09,58.65,53.1,17,68.86,0
2026-03-11 12:00:00,Laboratory,30.64,52.82,262,105.57,974.05,67.64,29.66,50,69.04,0
2026-03-11 13:00:00,Library,35.07,59.96,202,119.48,1207.31,94.0,55.3,168,41.84,0
2026-03-11 14:00:00,Hostel B,32.15,72.34,177,95.57,1201.1,92.1,21.2,8,68.84,0
2026-03-11 15:00:00,Hostel A,28.37,64.28,165,141.42,398.97,86.08,10.15,65,54.2,0
2026-03-11 16:00:00,Auditorium,25.96,52.27,359,173.19,1103.7,82.01,72.84,197,69.7,0
2026-03-11 17:00:00,Admin Block,17.79,66.48,373,126.18,1053.72,85.78,85.11,234,76.65,0
2026-03-11 18:00:00,Admin Block,27.33,56.13,252,147.58,1090.19,58.88,61.72,47,46.13,0
2026-03-11 19:00:00,Hostel A,26.7,68.9,111,85.18,298.38,83.83,30.57,31,38.44,0
2026-03-11 20:00:00,Laboratory,29.56,85.27,348,149.94,701.66,71.93,45.51,224,72.31,0
2026-03-11 21:00:00,Computer Science Block,27.38,56.41,191,167.97,425.19,75.74,66.37,93,78.51,0
2026-03-11 22:00:00,Hostel B,26.72,68.02,209,162.85,730.46,31.99,12.93,220,90.61,0
2026-03-11 23:00:00,Engineering Block,20.88,52.55,50,99.59,1051.98,89.86,18.48,198,47.22,0
2026-03-12 00:00:00,Library,24.24,58.88,128,163.35,1338.54,46.09,96.24,27,38.68,0
2026-03-12 01:00:00,Engineering Block,29.91,60.3,291,181.6,1063.18,46.98,71.07,55,98.14,0
2026-03-12 02:00:00,Hostel A,34.86,58.06,114,100.37,950.61,90.07,72.73,90,32.8,0
2026-03-12 03:00:00,Admin Block,27.61,84.63,496,144.54,721.95,38.57,19.23,86,59.13,0
2026-03-12 04:00:00,Laboratory,29.31,56.93,96,99.85,711.54,99.42,30.97,188,64.54,0
2026-03-12 05:00:00,Admin Block,31.81,65.87,170,72.54,955.09,60.62,45.2,56,79.75,0
2026-03-12 06:00:00,Library,24.76,40.7,161,112.51,821.62,94.19,28.47,58,86.79,0
2026-03-12 07:00:00,Admin Block,29.47,64.32,250,100.33,993.53,46.47,82.85,148,69.03,0
2026-03-12 08:00:00,Admin Block,25.04,71.42,277,115.23,816.61,67.01,64.58,228,32.02,0
2026-03-12 09:00:00,Library,31.46,54.72,415,29.59,1214.94,98.99,27.71,71,99.87,0
2026-03-12 10:00:00,Hostel B,28.61,34.9,461,133.45,1099.96,73.95,79.38,5,74.79,0
2026-03-12 11:00:00,Hostel B,29.19,59.61,147,111.87,637.74,56.66,58.66,102,88.21,0
2026-03-12 12:00:00,Library,24.87,60.17,367,146.27,1041.07,91.25,28.71,241,59.02,0
2026-03-12 13:00:00,Laboratory,30.83,67.24,243,103.94,914.18,20.0,85.86,158,33.66,0
2026-03-12 14:00:00,Hostel A,36.34,80.11,203,180.65,669.19,108.28,28.9,242,35.79,0
2026-03-12 15:00:00,Auditorium,23.97,56.2,299,104.7,1367.53,51.93,72.16,108,83.98,0
2026-03-12 16:00:00,Admin Block,26.64,51.44,312,123.94,926.13,117.54,45.99,192,44.88,0
2026-03-12 17:00:00,Laboratory,28.93,48.33,48,85.63,938.13,98.12,77.45,242,89.94,0
2026-03-12 18:00:00,Admin Block,31.15,61.98,317,123.39,1047.52,72.49,48.11,202,47.67,0
2026-03-12 19:00:00,Auditorium,25.76,64.79,37,129.41,992.17,90.77,35.8,48,48.14,0
2026-03-12 20:00:00,Hostel A,16.67,54.54,150,100.18,1095.27,34.49,96.49,40,36.85,0
2026-03-12 21:00:00,Hostel B,33.44,67.79,480,146.57,543.82,60.3,78.29,13,39.83,0
2026-03-12 22:00:00,Laboratory,31.04,64.65,288,100.33,1201.07,67.59,84.49,139,38.9,0
2026-03-12 23:00:00,Computer Science Block,21.03,60.43,125,159.69,948.35,88.86,38.16,35,32.95,0
2026-03-13 00:00:00,Computer Science Block,25.57,50.98,176,72.05,911.46,79.04,41.32,165,46.58,0
2026-03-13 01:00:00,Auditorium,34.27,55.18,469,117.71,663.57,72.45,25.55,58,31.57,0
2026-03-13 02:00:00,Computer Science Block,33.79,35.7,78,211.98,624.48,68.27,50.21,200,79.25,0
2026-03-13 03:00:00,Hostel B,31.75,62.36,111,36.23,618.52,75.2,99.73,74,73.14,0
2026-03-13 04:00:00,Auditorium,27.3,60.26,451,334.94857212345346,1585.1356455856908,150.82016557685148,63.05,207,42.05,1
2026-03-13 05:00:00,Hostel B,28.33,61.88,279,131.08,864.82,97.86,75.18,108,90.35,0
2026-03-13 06:00:00,Hostel A,27.48,65.04,70,109.26,512.11,89.46,76.37,209,50.0,0
2026-03-13 07:00:00,Admin Block,32.51,63.86,152,158.48,1291.42,90.98,28.25,77,67.5,0
2026-03-13 08:00:00,Hostel A,24.5,58.9,186,329.16030261018517,2099.821865873559,235.0919121685458,15.04,55,86.77,1
2026-03-13 09:00:00,Hostel A,24.78,60.49,316,109.66,587.0,92.09,20.94,130,55.84,0
2026-03-13 10:00:00,Hostel B,32.04,45.96,24,94.23,1094.36,82.83,74.77,150,47.57,0
2026-03-13 11:00:00,Auditorium,27.82,54.16,155,105.19,722.91,98.35,51.02,30,90.25,0
2026-03-13 12:00:00,Auditorium,33.51,60.5,245,111.38,656.79,75.87,91.42,219,35.18,0
2026-03-13 13:00:00,Computer Science Block,25.31,52.64,203,113.85,1174.13,80.1,42.99,219,75.53,0
2026-03-13 14:00:00,Engineering Block,27.78,68.6,428,92.17,685.91,113.08,19.24,55,88.71,0
2026-03-13 15:00:00,Admin Block,24.31,53.41,110,125.24,862.69,84.39,97.16,194,79.71,0
2026-03-13 16:00:00,Hostel B,28.03,62.16,455,97.2,1077.33,97.38,46.06,137,56.2,0
2026-03-13 17:00:00,Computer Science Block,22.09,61.17,327,124.76,1145.25,111.24,86.34,142,96.56,0
2026-03-13 18:00:00,Laboratory,26.05,67.46,410,186.92,913.94,124.95,14.14,179,39.51,0
2026-03-13 19:00:00,Engineering Block,22.25,69.01,208,149.89,417.99,35.45,42.34,44,79.81,0
2026-03-13 20:00:00,Engineering Block,30.78,66.94,499,118.64,583.3,38.43,63.49,215,80.27,0
2026-03-13 21:00:00,Hostel B,30.87,38.94,488,78.65,1212.0,51.86,57.17,76,72.86,0
2026-03-13 22:00:00,Library,21.08,71.94,322,124.96,1065.71,36.71,75.49,19,63.99,0
2026-03-13 23:00:00,Admin Block,33.34,75.27,402,182.52,1014.01,166.5,89.47,151,96.66,0
2026-03-14 00:00:00,Engineering Block,37.99,55.18,357,84.72,669.09,108.49,78.27,72,62.64,0
2026-03-14 01:00:00,Hostel B,28.18,62.37,341,43.19,598.35,66.54,37.91,103,53.32,0
2026-03-14 02:00:00,Hostel B,25.44,51.09,462,131.04,495.47,83.16,97.24,169,66.04,0
2026-03-14 03:00:00,Computer Science Block,39.3,40.52,152,173.81,717.97,59.72,92.72,208,86.07,0
2026-03-14 04:00:00,Laboratory,22.72,52.61,191,162.51,944.61,49.49,66.7,35,41.41,0
2026-03-14 05:00:00,Library,28.08,54.6,445,177.94,1212.96,24.34,55.9,84,55.94,0
2026-03-14 06:00:00,Admin Block,28.72,56.45,269,74.93,824.02,35.16,56.48,196,69.6,0
2026-03-14 07:00:00,Auditorium,33.38,50.41,80,106.05,843.56,99.55,76.17,236,89.01,0
2026-03-14 08:00:00,Hostel A,29.44,52.67,466,132.91,1083.87,65.79,53.51,89,58.02,0
2026-03-14 09:00:00,Laboratory,26.01,59.89,69,39.17,728.98,56.69,98.78,187,68.53,0
2026-03-14 10:00:00,Laboratory,24.2,52.3,441,119.03,813.2,126.12,73.94,129,38.57,0
2026-03-14 11:00:00,Computer Science Block,26.63,65.44,495,101.39,870.71,89.87,31.44,88,36.59,0
2026-03-14 12:00:00,Auditorium,23.97,66.82,242,111.37,720.06,110.84,69.26,64,44.94,0
2026-03-14 13:00:00,Engineering Block,28.19,83.8,457,129.35,972.05,62.83,53.6,126,77.99,0
2026-03-14 14:00:00,Engineering Block,25.74,71.26,191,216.16354251012552,1659.9002175961477,171.9334579819627,24.39,182,44.85,1
2026-03-14 15:00:00,Computer Science Block,22.02,62.43,427,81.85,898.49,94.35,56.7,154,91.41,0
2026-03-14 16:00:00,Hostel B,33.02,53.8,403,144.69,602.51,44.96,87.31,48,92.91,0
2026-03-14 17:00:00,Engineering Block,26.01,62.94,338,81.48,1054.12,80.0,12.22,73,48.58,0
2026-03-14 18:00:00,Library,22.93,63.27,244,275.3492220177758,1858.5304639330354,52.30215233293357,86.61,140,37.37,1
2026-03-14 19:00:00,Admin Block,27.33,54.87,442,90.88,1035.15,73.69,71.66,12,58.79,0
2026-03-14 20:00:00,Laboratory,28.27,67.84,415,143.93,662.06,60.57,75.31,37,85.56,0
2026-03-14 21:00:00,Laboratory,21.01,46.02,210,64.91,458.36,90.39,90.34,223,37.55,0
2026-03-14 22:00:00,Library,29.33,57.56,378,116.55,819.55,70.82,94.93,34,36.95,0
2026-03-14 23:00:00,Auditorium,23.81,65.56,284,130.76,997.88,111.01,36.56,96,47.13,0
2026-03-15 00:00:00,Engineering Block,34.84,57.12,263,129.72,679.76,73.59,92.72,236,78.49,0
2026-03-15 01:00:00,Laboratory,30.1,57.93,98,157.6,769.98,84.4,29.49,247,56.2,0
2026-03-15 02:00:00,Hostel A,26.4,58.62,362,148.95,1130.59,90.08,22.99,214,81.57,0
2026-03-15 03:00:00,Auditorium,25.02,51.64,384,135.85,453.03,71.19,59.94,126,58.34,0
2026-03-15 04:00:00,Admin Block,27.58,71.74,41,50.29,929.39,111.17,93.49,120,35.53,0
2026-03-15 05:00:00,Admin Block,30.45,49.82,55,140.15,584.38,102.05,14.89,142,99.9,0
2026-03-15 06:00:00,Laboratory,27.9,63.18,349,162.32,1062.44,89.24,57.52,172,77.67,0
2026-03-15 07:00:00,Computer Science Block,27.13,64.14,175,92.81,1041.01,67.28,71.07,17,74.19,0
2026-03-15 08:00:00,Auditorium,28.23,50.51,75,160.66,840.12,51.21,77.09,233,64.55,0
2026-03-15 09:00:00,Laboratory,25.58,60.73,374,151.65,923.21,80.39,55.35,193,35.82,0
2026-03-15 10:00:00,Computer Science Block,26.63,50.9,267,204.0682947392993,929.6990786887753,136.17825883950925,61.74,175,98.96,1
2026-03-15 11:00:00,Laboratory,19.66,73.91,432,101.54,1060.48,58.73,50.83,59,62.6,0
2026-03-15 12:00:00,Hostel A,31.89,48.61,280,86.33,949.69,72.6,75.09,236,32.89,0
2026-03-15 13:00:00,Auditorium,29.2,53.46,279,157.07,837.54,49.72,44.13,183,54.03,0
2026-03-15 14:00:00,Hostel B,24.91,47.76,454,96.05,655.04,120.32,35.24,91,32.3,0
2026-03-15 15:00:00,Admin Block,35.59,46.42,34,96.7,873.71,104.61,33.65,123,65.47,0
2026-03-15 16:00:00,Laboratory,28.35,75.91,497,111.79,756.42,48.16,68.8,151,82.79,0
2026-03-15 17:00:00,Hostel A,23.86,65.43,207,80.58,1048.03,86.42,93.21,58,97.01,0
2026-03-15 18:00:00,Computer Science Block,31.43,61.4,45,137.11,1260.58,30.04,34.63,27,89.04,0
2026-03-15 19:00:00,Computer Science Block,29.59,53.43,42,109.61,1015.48,72.06,32.49,66,48.98,0
2026-03-15 20:00:00,Admin Block,29.58,69.08,400,158.42,761.56,74.7,74.41,173,54.29,0
2026-03-15 21:00:00,Library,26.3,51.76,122,149.8,1213.56,60.66,10.82,84,66.38,0
2026-03-15 22:00:00,Laboratory,29.8,67.94,48,177.07,749.55,58.86,85.08,144,77.95,0
2026-03-15 23:00:00,Auditorium,26.95,51.27,361,65.1,921.6,85.78,44.14,232,81.54,0
2026-03-16 00:00:00,Engineering Block,30.22,53.55,76,75.3,746.08,68.1,91.15,136,89.47,0
2026-03-16 01:00:00,Computer Science Block,20.38,67.58,81,120.11,855.58,94.99,73.77,16,45.73,0
2026-03-16 02:00:00,Auditorium,26.26,68.64,462,192.89275252849004,614.2069806305832,166.99640106771224,81.35,159,37.82,1
2026-03-16 03:00:00,Auditorium,34.89,65.97,67,109.88,549.72,88.58,25.41,18,42.43,0
2026-03-16 04:00:00,Hostel B,24.93,49.5,386,177.43,834.36,113.88,42.78,20,96.04,0
2026-03-16 05:00:00,Auditorium,25.58,55.53,485,105.97,923.19,61.08,35.25,249,39.27,0
2026-03-16 06:00:00,Auditorium,26.21,61.57,54,239.65454177754853,1563.6158287501064,124.13455243615408,74.36,97,52.33,1
2026-03-16 07:00:00,Hostel B,23.14,51.51,65,131.78,1066.99,107.6,12.05,126,43.7,0
2026-03-16 08:00:00,Computer Science Block,19.17,73.71,52,98.8,318.98,74.68,65.73,144,37.75,0
2026-03-16 09:00:00,Auditorium,27.08,35.98,346,136.28,968.76,87.12,88.13,185,66.87,0
2026-03-16 10:00:00,Library,28.54,52.21,245,119.87,1181.49,54.57,13.93,19,56.56,0
2026-03-16 11:00:00,Library,27.79,54.9,285,163.35,1044.1,121.88,36.16,5,80.86,0
2026-03-16 12:00:00,Hostel A,27.42,31.56,235,160.71,1015.74,61.06,28.72,32,57.48,0
2026-03-16 13:00:00,Hostel B,28.17,46.04,236,31.77,1098.74,84.76,99.83,12,68.89,0
2026-03-16 14:00:00,Hostel A,32.09,66.25,195,66.17,547.71,62.59,98.71,100,87.45,0
2026-03-16 15:00:00,Hostel B,27.24,60.3,63,114.91,546.55,49.14,21.19,124,66.92,0
2026-03-16 16:00:00,Laboratory,25.7,75.73,238,150.21,771.57,90.53,27.53,93,60.62,0
2026-03-16 17:00:00,Laboratory,26.88,75.45,145,124.31,824.19,123.45,12.07,231,39.25,0
2026-03-16 18:00:00,Auditorium,30.32,64.33,389,134.51,896.29,60.7,60.96,80,69.16,0
2026-03-16 19:00:00,Engineering Block,33.65,63.13,473,217.62,548.71,53.63,71.73,192,36.94,0
2026-03-16 20:00:00,Laboratory,25.49,60.66,398,98.2,784.61,65.28,68.91,138,37.34,0
2026-03-16 21:00:00,Engineering Block,28.4,33.45,338,135.47,1090.72,70.97,33.4,195,61.58,0
2026-03-16 22:00:00,Laboratory,29.35,46.05,324,125.75,760.82,90.09,28.3,227,66.36,0
2026-03-16 23:00:00,Admin Block,24.03,61.01,219,150.06,450.55,32.06,15.02,126,82.26,0
2026-03-17 00:00:00,Laboratory,28.08,66.16,104,153.26,455.81,108.14,66.94,13,61.96,0
2026-03-17 01:00:00,Hostel A,22.14,62.9,60,139.43,1098.48,114.53,32.1,56,73.5,0
2026-03-17 02:00:00,Computer Science Block,20.92,51.08,230,169.04,1219.42,89.36,17.98,221,94.39,0
2026-03-17 03:00:00,Auditorium,29.47,69.37,373,166.9,656.25,52.43,41.91,58,95.8,0
2026-03-17 04:00:00,Hostel A,26.46,74.82,58,134.49,1064.4,107.15,23.36,216,48.47,0
2026-03-17 05:00:00,Computer Science Block,28.81,69.38,382,116.31,1007.49,68.05,55.56,234,61.93,0
2026-03-17 06:00:00,Library,27.93,69.9,426,130.15,493.56,84.29,23.42,83,67.18,0
2026-03-17 07:00:00,Hostel A,24.09,54.41,288,61.88,975.34,78.76,98.97,58,61.29,0
2026-03-17 08:00:00,Library,27.82,70.76,381,101.6,1023.56,49.9,40.2,132,97.44,0
2026-03-17 09:00:00,Engineering Block,23.07,61.46,386,86.2,777.71,128.66,52.74,168,50.32,0
2026-03-17 10:00:00,Engineering Block,33.56,65.12,200,151.15,748.82,47.07,63.7,158,66.35,0
2026-03-17 11:00:00,Admin Block,22.58,63.65,250,167.26,907.4,80.32,86.56,105,38.8,0
2026-03-17 12:00:00,Laboratory,27.22,58.79,495,143.14,654.77,83.69,95.32,245,74.09,0
2026-03-17 13:00:00,Hostel A,23.83,51.4,89,115.47,1142.39,81.44,43.03,173,52.97,0
2026-03-17 14:00:00,Library,30.28,59.18,332,94.11,846.3,86.11,48.12,15,86.39,0
2026-03-17 15:00:00,Computer Science Block,26.67,69.87,95,150.68,741.68,80.19,23.59,67,39.13,0
2026-03-17 16:00:00,Engineering Block,25.93,55.59,470,156.59,813.72,89.8,27.07,159,91.59,0
2026-03-17 17:00:00,Laboratory,31.41,68.93,451,116.66,1099.92,55.13,75.0,43,60.11,0
2026-03-17 18:00:00,Engineering Block,28.12,67.37,295,122.09,813.45,50.53,49.17,25,58.51,0
2026-03-17 19:00:00,Computer Science Block,30.07,57.01,253,107.73,737.2,107.85,85.8,121,83.44,0
2026-03-17 20:00:00,Laboratory,24.07,73.89,337,134.57,453.24,91.89,57.62,138,51.15,0
2026-03-17 21:00:00,Laboratory,22.38,56.44,448,106.39,892.84,76.04,35.44,143,90.02,0
2026-03-17 22:00:00,Library,28.43,75.1,338,117.24,778.93,112.89,71.14,50,49.42,0
2026-03-17 23:00:00,Library,26.72,64.34,155,79.02,551.2,93.08,52.55,163,81.21,0
2026-03-18 00:00:00,Hostel A,30.51,59.84,173,129.18,958.35,98.26,90.12,188,33.91,0
2026-03-18 01:00:00,Hostel A,27.68,51.12,313,181.3,577.39,117.17,43.47,79,79.07,0
2026-03-18 02:00:00,Hostel B,28.82,59.12,367,132.16,689.09,83.38,32.92,55,48.38,0
2026-03-18 03:00:00,Auditorium,21.51,57.96,118,156.48,967.11,70.62,49.55,113,80.89,0
2026-03-18 04:00:00,Hostel B,35.55,47.42,383,146.72,965.71,69.49,86.41,140,87.88,0
2026-03-18 05:00:00,Admin Block,27.34,57.82,380,115.72,869.7,27.4,84.2,87,41.93,0
2026-03-18 06:00:00,Engineering Block,30.79,51.96,444,119.52,782.24,54.0,90.41,228,41.69,0
2026-03-18 07:00:00,Hostel A,24.66,65.86,382,100.83,730.68,98.85,86.47,222,82.15,0
2026-03-18 08:00:00,Library,29.23,73.06,377,154.25,631.24,59.53,39.71,242,41.89,0
2026-03-18 09:00:00,Computer Science Block,22.79,47.73,149,136.39,778.35,69.69,63.3,233,31.37,0
2026-03-18 10:00:00,Library,29.81,77.12,26,155.1,1115.0,97.97,81.52,175,34.31,0
2026-03-18 11:00:00,Engineering Block,26.58,58.71,402,123.75,573.39,83.37,85.52,121,31.83,0
2026-03-18 12:00:00,Hostel B,28.12,50.25,124,57.37,204.35,84.74,46.16,38,93.52,0
2026-03-18 13:00:00,Library,30.79,67.58,428,94.75,663.8,113.77,56.22,51,90.56,0
2026-03-18 14:00:00,Auditorium,23.07,55.54,326,155.05,1231.46,98.63,36.16,20,68.88,0
2026-03-18 15:00:00,Admin Block,25.26,59.18,69,113.12,750.01,28.0,72.81,229,65.86,0
2026-03-18 16:00:00,Engineering Block,29.83,55.96,243,157.2,853.52,120.29,70.47,167,47.07,0
2026-03-18 17:00:00,Hostel B,36.39,51.83,83,169.37,869.51,72.14,63.14,14,64.95,0
2026-03-18 18:00:00,Auditorium,27.45,67.24,415,152.55,678.99,95.9,66.46,232,95.19,0
2026-03-18 19:00:00,Computer Science Block,30.36,57.14,200,151.21,1187.55,85.0,90.88,91,69.91,0
2026-03-18 20:00:00,Hostel B,27.57,45.63,94,25.91,790.64,59.5,83.8,59,33.98,0
2026-03-18 21:00:00,Laboratory,35.77,65.51,285,111.82,1118.7,90.62,21.23,129,32.59,0
2026-03-18 22:00:00,Auditorium,21.01,47.94,208,119.79,862.82,65.0,67.85,52,91.0,0
2026-03-18 23:00:00,Auditorium,28.38,48.47,202,151.32,872.9,70.66,24.54,237,45.19,0
2026-03-19 00:00:00,Admin Block,21.5,71.93,374,123.98,591.77,98.12,23.36,8,30.33,0
2026-03-19 01:00:00,Engineering Block,17.97,48.04,87,67.67,1105.25,61.32,50.43,23,82.06,0
2026-03-19 02:00:00,Computer Science Block,29.19,36.84,189,68.46,804.1,30.78,53.7,64,87.35,0
2026-03-19 03:00:00,Admin Block,28.56,66.23,341,103.03,884.44,58.58,19.37,215,50.04,0
2026-03-19 04:00:00,Hostel B,26.86,56.96,191,214.09,1274.77,111.59,56.06,46,88.22,0
2026-03-19 05:00:00,Admin Block,27.58,57.82,303,129.82,918.62,103.91,25.88,238,86.31,0
2026-03-19 06:00:00,Auditorium,40.39,56.85,126,137.92,894.56,92.48,59.56,18,64.08,0
2026-03-19 07:00:00,Engineering Block,26.97,62.32,385,68.41,1095.39,89.41,84.89,37,95.7,0
2026-03-19 08:00:00,Hostel A,30.04,52.47,130,158.62,1016.42,129.92,17.74,180,89.13,0
2026-03-19 09:00:00,Admin Block,25.4,74.76,97,108.89,734.71,111.65,45.93,58,32.07,0
2026-03-19 10:00:00,Laboratory,29.18,45.24,205,383.9695621277191,1176.982665318256,85.90516912309037,31.03,184,92.98,1
2026-03-19 11:00:00,Admin Block,27.05,64.45,272,76.5,961.33,91.5,61.72,169,67.88,0
2026-03-19 12:00:00,Hostel B,26.36,66.42,255,116.71,712.16,95.63,90.42,114,62.81,0
2026-03-19 13:00:00,Hostel B,35.28,52.4,112,102.1,861.27,62.26,27.75,214,97.01,0
2026-03-19 14:00:00,Computer Science Block,32.71,49.76,149,142.23,536.46,90.17,70.87,140,49.94,0
2026-03-19 15:00:00,Hostel B,28.55,70.17,202,154.3,1271.21,60.31,18.38,78,60.72,0
2026-03-19 16:00:00,Library,18.78,50.09,53,97.96,692.18,78.36,59.12,163,42.85,0
2026-03-19 17:00:00,Engineering Block,26.56,53.93,423,148.18,999.31,75.27,70.85,39,91.03,0
2026-03-19 18:00:00,Engineering Block,38.81,68.87,322,169.66,1007.78,111.55,70.38,187,34.74,0
2026-03-19 19:00:00,Hostel A,27.08,60.35,241,154.33,1285.64,104.76,76.44,221,31.09,0
2026-03-19 20:00:00,Hostel A,32.41,42.03,393,99.92,929.72,57.05,47.56,157,40.62,0
2026-03-19 21:00:00,Engineering Block,33.77,77.47,403,160.68884742790954,1490.2366752037271,218.73908289940132,78.4,108,74.33,1
2026-03-19 22:00:00,Laboratory,28.88,54.7,301,112.56,840.35,96.44,52.56,115,38.22,0
2026-03-19 23:00:00,Hostel A,24.63,55.97,359,153.14,632.93,44.39,39.06,114,94.45,0
2026-03-20 00:00:00,Computer Science Block,18.26,62.56,20,135.02,1180.63,56.13,38.98,7,77.49,0
2026-03-20 01:00:00,Hostel B,30.74,66.25,468,75.97,770.7,47.59,25.81,19,77.8,0
2026-03-20 02:00:00,Engineering Block,24.74,79.61,492,281.74051162400116,2297.5578997440766,102.27028304830772,74.85,100,98.08,1
2026-03-20 03:00:00,Auditorium,28.7,43.4,116,177.25,686.16,123.51,24.19,25,34.02,0
2026-03-20 04:00:00,Hostel A,23.0,68.26,106,154.5,1493.67,78.69,67.26,62,75.7,0
2026-03-20 05:00:00,Engineering Block,26.94,67.43,350,98.97,679.4,87.18,69.88,229,92.94,0
2026-03-20 06:00:00,Library,28.13,58.63,271,66.24,666.35,129.07,35.8,171,73.18,0
2026-03-20 07:00:00,Admin Block,29.07,67.87,383,160.97502310264164,1312.7722674066424,105.9821617848118,53.98,159,62.21,1
2026-03-20 08:00:00,Hostel B,23.54,69.34,34,119.88,683.02,88.55,70.38,18,31.61,0
2026-03-20 09:00:00,Engineering Block,32.79,46.18,161,105.6,942.81,107.38,10.02,40,41.98,0
2026-03-20 10:00:00,Admin Block,25.61,77.5,330,85.64,644.22,57.87,34.73,50,94.46,0
2026-03-20 11:00:00,Hostel A,21.3,44.41,404,140.51,562.74,100.87,44.17,237,98.5,0
2026-03-20 12:00:00,Admin Block,27.56,48.65,308,36.35,623.23,86.17,93.78,142,64.46,0
2026-03-20 13:00:00,Hostel B,28.14,57.38,89,159.25,1356.39,45.97,51.78,156,92.9,0
2026-03-20 14:00:00,Engineering Block,28.64,79.25,331,146.42,567.62,102.57,55.63,142,63.49,0
2026-03-20 15:00:00,Library,33.45,56.92,298,134.94,896.88,88.37,69.77,99,41.14,0
2026-03-20 16:00:00,Laboratory,27.05,59.68,73,140.85,620.72,82.42,50.63,107,35.98,0
2026-03-20 17:00:00,Hostel A,27.52,74.32,365,110.06,965.11,89.14,48.91,243,88.3,0
2026-03-20 18:00:00,Engineering Block,23.59,57.0,406,119.05,889.64,120.35,97.69,62,95.65,0
2026-03-20 19:00:00,Hostel B,31.28,48.22,321,171.44,1265.78,80.54,83.11,160,58.68,0
2026-03-20 20:00:00,Hostel A,28.74,55.83,271,114.68,739.69,60.01,73.16,72,38.88,0
2026-03-20 21:00:00,Computer Science Block,26.32,73.71,266,133.45,956.56,47.68,53.25,246,89.28,0
2026-03-20 22:00:00,Admin Block,20.38,60.71,153,138.44,1111.24,60.8,41.17,180,54.01,0
2026-03-20 23:00:00,Laboratory,33.78,79.31,263,123.69,757.76,57.3,63.27,23,64.11,0
2026-03-21 00:00:00,Hostel B,23.09,67.38,428,112.51,902.8,63.51,50.16,236,99.52,0
2026-03-21 01:00:00,Computer Science Block,25.63,53.55,258,58.87,473.86,75.51,51.99,148,77.46,0
2026-03-21 02:00:00,Auditorium,29.43,60.51,36,148.55,961.44,99.06,29.94,228,80.52,0
2026-03-21 03:00:00,Engineering Block,23.21,51.47,431,157.72,895.49,56.27,81.21,74,49.69,0
2026-03-21 04:00:00,Library,22.03,53.32,435,122.54,660.09,57.81,81.2,183,47.99,0
2026-03-21 05:00:00,Hostel A,19.5,95.0,368,163.52,541.2,75.73,37.08,78,50.56,0
2026-03-21 06:00:00,Admin Block,30.88,70.19,298,133.3,781.26,79.72,36.02,191,71.86,0
2026-03-21 07:00:00,Hostel A,25.82,68.61,252,51.37,552.61,99.69,35.02,241,95.62,0
2026-03-21 08:00:00,Laboratory,39.71,53.77,419,83.09,874.64,85.57,24.64,20,77.97,0
2026-03-21 09:00:00,Engineering Block,24.02,75.7,371,102.88,1004.93,91.2,87.24,6,50.11,0
2026-03-21 10:00:00,Hostel A,24.31,70.99,173,98.65,411.44,83.8,33.9,204,74.93,0
2026-03-21 11:00:00,Admin Block,25.74,78.82,436,122.6,639.97,45.19,72.88,109,39.73,0
2026-03-21 12:00:00,Engineering Block,28.97,78.33,205,87.87,1251.86,40.55,18.97,171,59.89,0
2026-03-21 13:00:00,Hostel A,26.12,45.21,451,179.62,1002.6,25.87,76.18,73,92.21,0
2026-03-21 14:00:00,Library,30.45,48.9,102,44.65,495.54,49.55,23.26,226,47.42,0
2026-03-21 15:00:00,Hostel B,24.09,49.96,74,117.17,727.22,71.87,24.29,12,69.07,0
2026-03-21 16:00:00,Engineering Block,22.47,50.56,444,226.36848597300755,819.0703395877031,159.25633727466123,84.84,97,35.39,1
2026-03-21 17:00:00,Hostel B,20.81,63.23,81,74.39,1135.97,20.0,36.18,7,36.13,0
2026-03-21 18:00:00,Auditorium,19.11,54.33,420,140.64,846.09,58.99,25.51,81,34.83,0
2026-03-21 19:00:00,Engineering Block,25.93,80.73,377,84.6,882.76,66.07,58.32,184,44.69,0
2026-03-21 20:00:00,Library,26.8,79.05,78,121.41,1148.2,66.2,16.74,31,61.9,0
2026-03-21 21:00:00,Hostel B,25.47,59.94,161,86.71,792.45,66.44,73.94,183,94.04,0
2026-03-21 22:00:00,Computer Science Block,32.97,79.55,485,53.34,918.5,44.36,85.72,208,54.38,0
2026-03-21 23:00:00,Admin Block,32.91,74.88,168,112.2,1122.19,73.48,32.36,193,74.21,0
2026-03-22 00:00:00,Computer Science Block,26.66,55.49,466,130.7,645.61,56.5,72.82,55,68.92,0
2026-03-22 01:00:00,Hostel A,20.82,39.91,193,99.07,538.25,111.07,14.84,44,40.17,0
2026-03-22 02:00:00,Library,25.73,57.82,330,166.07,1298.44,107.5,53.02,247,63.25,0
2026-03-22 03:00:00,Computer Science Block,25.6,53.55,81,130.35,665.17,58.07,95.68,10,39.8,0
2026-03-22 04:00:00,Engineering Block,25.37,62.07,186,145.36,259.69,61.17,58.43,107,51.64,0
2026-03-22 05:00:00,Hostel A,25.21,60.89,189,97.0,669.71,123.84,46.97,53,37.05,0
2026-03-22 06:00:00,Hostel A,25.39,60.63,323,97.9,680.93,44.25,10.53,147,45.16,0
2026-03-22 07:00:00,Computer Science Block,26.45,65.24,122,108.13,1354.91,81.09,33.03,178,56.03,0
2026-03-22 08:00:00,Auditorium,25.46,47.87,47,107.64,987.54,116.64,48.56,179,73.72,0
2026-03-22 09:00:00,Computer Science Block,28.83,64.11,103,103.82,796.88,56.8,43.97,127,39.64,0
2026-03-22 10:00:00,Auditorium,29.44,55.6,153,81.17,677.53,39.74,49.51,76,71.63,0
2026-03-22 11:00:00,Library,24.36,62.0,78,147.67,1020.75,66.06,12.13,108,46.98,0
2026-03-22 12:00:00,Admin Block,33.08,69.57,109,68.65,1112.94,72.82,57.81,127,34.64,0
2026-03-22 13:00:00,Computer Science Block,24.08,47.76,89,141.91,974.29,83.64,32.62,56,94.25,0
2026-03-22 14:00:00,Laboratory,21.53,57.19,442,149.04,1080.24,82.41,46.05,220,33.54,0
2026-03-22 15:00:00,Auditorium,29.52,58.81,204,109.96,1237.54,89.3,89.78,164,88.94,0
2026-03-22 16:00:00,Computer Science Block,24.73,54.86,457,208.73,873.46,20.0,84.53,35,80.35,0
2026-03-22 17:00:00,Hostel B,29.29,69.0,79,120.32,723.14,80.96,45.82,170,50.35,0
2026-03-22 18:00:00,Engineering Block,18.39,52.8,493,109.76,742.61,61.41,14.87,59,80.25,0
2026-03-22 19:00:00,Laboratory,33.57,54.45,164,111.36,1163.23,112.22,90.0,135,48.4,0
2026-03-22 20:00:00,Laboratory,30.69,52.9,187,158.01,1032.42,98.23,45.91,180,85.58,0
2026-03-22 21:00:00,Auditorium,22.0,70.92,85,110.71,887.2,103.96,53.16,231,37.04,0
2026-03-22 22:00:00,Hostel B,22.08,55.08,390,142.23,714.72,104.45,17.71,145,32.25,0
2026-03-22 23:00:00,Hostel B,34.69,64.6,143,72.68,647.89,83.23,72.33,132,39.68,0
2026-03-23 00:00:00,Hostel A,25.05,79.76,232,125.13,850.16,67.9,74.09,190,80.33,0
2026-03-23 01:00:00,Auditorium,24.66,59.25,201,154.54,600.36,75.78,46.78,243,97.73,0
2026-03-23 02:00:00,Admin Block,18.94,71.12,90,118.57,793.11,103.03,90.0,46,75.7,0
2026-03-23 03:00:00,Engineering Block,26.6,76.71,63,93.53,1148.28,72.41,14.38,173,91.38,0
2026-03-23 04:00:00,Library,27.09,70.27,359,110.02,817.3,81.71,37.68,147,31.87,0
2026-03-23 05:00:00,Laboratory,30.86,59.83,214,70.15,790.51,77.25,28.62,158,58.74,0
2026-03-23 06:00:00,Library,22.4,66.42,76,151.93,885.65,73.11,72.81,144,70.3,0
2026-03-23 07:00:00,Computer Science Block,21.92,47.13,311,162.71,1091.53,111.11,28.42,221,58.37,0
2026-03-23 08:00:00,Computer Science Block,29.8,52.2,76,268.5225682688686,2266.68455121687,108.84131130581638,73.25,224,80.01,1
2026-03-23 09:00:00,Library,32.03,53.95,396,172.96,560.68,51.71,81.69,151,45.51,0
2026-03-23 10:00:00,Computer Science Block,21.72,82.41,190,145.94,1150.74,96.77,80.49,205,48.38,0
2026-03-23 11:00:00,Admin Block,32.33,51.87,319,120.64,1050.37,76.06,12.52,103,65.5,0
2026-03-23 12:00:00,Hostel B,28.15,51.73,337,167.08,541.45,65.35,93.75,177,76.51,0
2026-03-23 13:00:00,Computer Science Block,32.37,49.56,390,144.95,605.75,67.8,74.32,40,39.13,0
2026-03-23 14:00:00,Hostel A,27.72,65.6,102,161.61,1089.19,71.03,83.15,36,51.02,0
2026-03-23 15:00:00,Computer Science Block,17.91,61.43,336,168.72,988.51,61.46,68.12,199,49.66,0
2026-03-23 16:00:00,Engineering Block,27.39,70.87,113,111.63,416.53,118.86,57.62,137,63.9,0
2026-03-23 17:00:00,Admin Block,32.24,66.71,286,144.12,642.26,107.24,68.02,64,97.5,0
2026-03-23 18:00:00,Engineering Block,24.43,46.2,352,52.38,983.31,47.72,42.41,248,57.37,0
2026-03-23 19:00:00,Engineering Block,26.45,51.93,395,79.34,1082.13,64.41,51.2,237,90.11,0
2026-03-23 20:00:00,Hostel A,27.3,73.65,180,137.66,949.64,70.86,74.12,86,58.05,0
2026-03-23 21:00:00,Admin Block,16.4,57.97,121,132.71,324.52,21.53,70.09,174,52.65,0
2026-03-23 22:00:00,Admin Block,34.69,71.88,396,86.75,669.86,63.09,63.42,124,36.41,0
2026-03-23 23:00:00,Auditorium,24.39,58.5,131,106.75,605.38,91.64,14.43,55,79.71,0
2026-03-24 00:00:00,Admin Block,30.02,50.32,85,132.48,1023.03,74.52,35.9,211,50.2,0
2026-03-24 01:00:00,Admin Block,27.65,56.97,129,119.85,733.38,111.76,64.31,221,79.07,0
2026-03-24 02:00:00,Admin Block,33.03,50.32,139,112.0,983.53,89.98,51.73,150,55.59,0
2026-03-24 03:00:00,Hostel A,29.62,54.34,298,70.64,892.92,115.01,40.43,203,31.1,0
2026-03-24 04:00:00,Computer Science Block,27.06,62.01,261,132.27,557.75,96.52,74.53,26,41.06,0
2026-03-24 05:00:00,Auditorium,24.43,65.12,452,113.37,1070.66,76.38,44.83,220,84.42,0
2026-03-24 06:00:00,Engineering Block,31.19,44.1,167,196.05,1141.17,54.26,91.76,39,45.17,0
2026-03-24 07:00:00,Admin Block,20.51,59.83,261,169.17,1083.45,50.63,57.85,26,46.11,0
2026-03-24 08:00:00,Laboratory,30.58,54.13,241,124.71,904.16,87.69,53.52,159,53.33,0
2026-03-24 09:00:00,Computer Science Block,23.6,53.52,290,52.07,826.61,102.86,40.35,134,42.93,0
2026-03-24 10:00:00,Computer Science Block,33.01,61.33,469,204.87,697.2,83.56,22.08,65,67.7,0
2026-03-24 11:00:00,Engineering Block,28.65,54.5,305,148.59,1166.48,91.08,10.86,207,65.99,0
2026-03-24 12:00:00,Hostel A,30.58,73.82,492,100.73,1254.58,97.05,70.92,129,74.22,0
2026-03-24 13:00:00,Library,28.33,71.88,23,151.01,685.3,69.87,15.88,115,97.68,0
2026-03-24 14:00:00,Library,20.99,71.82,339,147.84,577.84,91.77,39.25,158,38.37,0
2026-03-24 15:00:00,Computer Science Block,24.56,55.05,340,97.05,589.36,93.42,88.81,139,56.91,0
2026-03-24 16:00:00,Hostel B,30.69,50.38,27,87.43,609.31,52.25,53.03,215,64.97,0
2026-03-24 17:00:00,Hostel B,28.67,60.82,71,145.97,932.32,84.11,89.5,105,93.27,0
2026-03-24 18:00:00,Engineering Block,32.72,58.5,161,157.64,520.77,90.38,15.54,87,74.28,0
2026-03-24 19:00:00,Library,29.61,53.91,333,131.24,709.96,89.29,85.9,206,59.53,0
2026-03-24 20:00:00,Computer Science Block,24.13,48.24,286,128.96,717.0,86.81,93.83,243,33.61,0
2026-03-24 21:00:00,Hostel A,24.82,59.58,334,167.39,893.42,99.6,92.23,227,83.05,0
2026-03-24 22:00:00,Library,28.41,55.96,299,114.75,798.71,134.97,40.29,69,69.04,0
2026-03-24 23:00:00,Computer Science Block,18.74,66.88,107,20.0,961.95,84.86,18.56,213,77.34,0
2026-03-25 00:00:00,Computer Science Block,34.69,66.65,179,138.7,821.09,119.54,92.36,78,52.22,0
2026-03-25 01:00:00,Admin Block,29.77,71.01,492,160.35,900.13,37.55,24.16,40,47.99,0
2026-03-25 02:00:00,Hostel A,32.91,47.41,321,136.63,1333.11,83.57,59.14,153,74.38,0
2026-03-25 03:00:00,Admin Block,21.68,64.01,47,75.24,884.13,40.59,46.67,149,59.64,0
2026-03-25 04:00:00,Engineering Block,32.98,52.73,35,97.55,917.16,67.35,96.21,174,54.56,0
2026-03-25 05:00:00,Admin Block,36.93,47.8,317,115.12,1455.47,122.21,47.43,176,44.83,0
2026-03-25 06:00:00,Laboratory,22.72,55.71,378,141.3279334250128,1546.2663690001934,154.72439761868623,43.33,175,58.47,1
2026-03-25 07:00:00,Admin Block,31.09,70.69,291,99.82,1217.07,82.71,62.81,199,95.38,0
2026-03-25 08:00:00,Laboratory,28.0,56.28,119,168.82,1157.34,108.57,57.5,247,37.66,0
2026-03-25 09:00:00,Library,21.82,75.65,415,85.19,615.44,86.3,50.69,54,41.38,0
2026-03-25 10:00:00,Hostel B,29.97,65.49,223,109.61,887.09,70.04,55.23,26,72.38,0
2026-03-25 11:00:00,Auditorium,31.33,56.06,209,145.08,1009.98,37.51,18.86,98,46.84,0
2026-03-25 12:00:00,Auditorium,25.6,71.6,53,63.66,1085.31,90.61,94.14,182,91.01,0
2026-03-25 13:00:00,Computer Science Block,32.66,64.45,313,167.46,652.76,55.88,32.53,40,89.54,0
2026-03-25 14:00:00,Auditorium,21.33,50.67,402,98.38,651.98,79.71,61.31,73,59.39,0
2026-03-25 15:00:00,Laboratory,22.02,78.59,487,83.14,1072.47,77.18,13.19,7,77.62,0
2026-03-25 16:00:00,Hostel A,28.55,62.59,450,168.57,597.21,70.53,36.61,197,84.33,0
2026-03-25 17:00:00,Admin Block,28.1,60.19,482,150.51,768.77,88.01,71.98,85,53.14,0
2026-03-25 18:00:00,Laboratory,25.13,51.44,297,84.13,493.54,125.1,51.16,245,52.28,0
2026-03-25 19:00:00,Hostel A,31.24,71.8,355,106.64,642.3,84.17,75.71,58,30.19,0
2026-03-25 20:00:00,Hostel B,30.12,65.17,363,129.93,788.93,77.84,23.99,184,46.45,0
2026-03-25 21:00:00,Auditorium,31.43,66.29,278,108.56,814.97,74.38,98.93,26,77.69,0
2026-03-25 22:00:00,Hostel B,27.51,54.92,276,164.95,885.71,80.53,50.12,223,60.99,0
2026-03-25 23:00:00,Auditorium,30.41,68.34,72,150.22,817.08,106.51,58.49,37,74.15,0
2026-03-26 00:00:00,Admin Block,26.22,69.12,211,20.0,1076.95,20.0,33.18,153,45.81,0
2026-03-26 01:00:00,Engineering Block,36.22,53.31,191,91.08,1161.38,73.5,40.52,133,72.65,0
2026-03-26 02:00:00,Admin Block,24.75,45.83,66,175.7819334937613,1231.7292391668973,34.82985197892161,68.91,136,47.12,1
2026-03-26 03:00:00,Library,36.42,65.81,441,103.54,431.5,68.07,40.76,173,79.43,0
2026-03-26 04:00:00,Laboratory,28.14,44.27,210,135.61,954.74,81.37,74.67,138,40.96,0
2026-03-26 05:00:00,Computer Science Block,22.5,61.52,390,159.72,1105.37,105.27,35.73,32,50.26,0
2026-03-26 06:00:00,Engineering Block,33.47,55.53,484,97.58,655.96,99.3,78.89,208,44.45,0
2026-03-26 07:00:00,Admin Block,28.5,72.19,60,80.56,773.35,113.66,70.75,113,31.77,0
2026-03-26 08:00:00,Hostel A,31.4,56.07,424,268.0603528606659,1564.6098096021217,102.84327324117307,29.09,248,93.85,1
2026-03-26 09:00:00,Engineering Block,32.9,71.07,448,44.22,1127.15,57.04,14.5,219,35.29,0
2026-03-26 10:00:00,Laboratory,29.35,54.86,416,144.39,967.39,65.31,93.72,239,59.07,0
2026-03-26 11:00:00,Auditorium,25.63,70.0,213,115.62,859.39,96.1,31.17,16,54.8,0
2026-03-26 12:00:00,Engineering Block,31.9,80.6,85,105.49,728.79,114.9,61.95,110,42.77,0
2026-03-26 13:00:00,Auditorium,28.0,49.32,62,127.66,905.6,90.73,36.81,180,61.1,0
2026-03-26 14:00:00,Laboratory,30.74,62.92,209,87.88,871.65,67.77,69.24,190,65.27,0
2026-03-26 15:00:00,Admin Block,19.39,87.49,108,107.74,1015.9,45.55,73.11,117,48.65,0
2026-03-26 16:00:00,Laboratory,29.79,60.67,495,96.26,950.92,74.11,16.69,49,66.83,0
2026-03-26 17:00:00,Engineering Block,25.45,60.62,195,53.71,504.52,96.98,14.5,37,74.95,0
2026-03-26 18:00:00,Hostel A,34.61,67.88,388,224.87783213103674,1213.8227213516939,79.93062335429408,99.17,153,66.42,1
2026-03-26 19:00:00,Hostel B,30.49,60.41,45,393.436191338562,2161.3109731340314,258.51992041753175,79.12,123,92.86,1
2026-03-26 20:00:00,Engineering Block,28.96,42.93,118,120.98,249.98,74.95,33.54,109,39.61,0
2026-03-26 21:00:00,Laboratory,29.95,71.32,495,92.94,513.55,105.11,54.22,62,88.73,0
2026-03-26 22:00:00,Hostel B,24.01,39.97,80,121.99,598.98,53.21,96.22,236,40.19,0
2026-03-26 23:00:00,Laboratory,34.49,55.83,400,81.68,1015.75,68.46,58.95,95,60.11,0
2026-03-27 00:00:00,Hostel A,35.97,72.07,269,99.11,725.23,113.21,47.74,54,40.71,0
2026-03-27 01:00:00,Laboratory,29.57,56.43,394,105.09,879.19,50.47,13.38,100,72.32,0
2026-03-27 02:00:00,Admin Block,34.36,53.06,337,165.7655103178452,1402.6329924556874,173.0018172377556,62.63,5,54.19,1
2026-03-27 03:00:00,Computer Science Block,25.72,68.79,244,172.518308542757,1972.5173760495275,89.29735271913967,89.35,36,61.64,1
2026-03-27 04:00:00,Auditorium,24.81,51.49,101,144.18,684.55,57.17,58.85,199,41.48,0
2026-03-27 05:00:00,Auditorium,28.16,47.78,417,105.77,771.12,78.07,80.36,101,63.14,0
2026-03-27 06:00:00,Engineering Block,29.74,62.75,201,109.64,800.24,63.47,89.74,133,81.54,0
2026-03-27 07:00:00,Computer Science Block,26.42,58.17,444,52.89,1263.86,87.66,46.66,28,95.41,0
2026-03-27 08:00:00,Laboratory,30.15,47.56,207,73.7,796.83,74.08,47.04,151,49.89,0
2026-03-27 09:00:00,Hostel A,29.23,66.37,412,122.85,1004.22,61.63,92.92,150,60.38,0
2026-03-27 10:00:00,Engineering Block,24.01,64.64,63,159.96,1028.95,75.32,40.66,100,84.8,0
2026-03-27 11:00:00,Laboratory,30.08,56.4,331,113.41,1123.87,118.01,69.54,176,69.05,0
2026-03-27 12:00:00,Hostel B,31.45,57.09,497,117.42,1070.55,56.64,65.79,138,81.78,0
2026-03-27 13:00:00,Library,28.69,64.7,278,70.34,864.12,53.25,53.67,213,84.95,0
2026-03-27 14:00:00,Laboratory,32.61,71.9,117,91.28,973.51,55.23,67.78,16,81.36,0
2026-03-27 15:00:00,Computer Science Block,23.13,57.17,372,128.34,1472.77,55.83,73.28,166,96.64,0
2026-03-27 16:00:00,Engineering Block,29.87,66.55,110,162.1,665.39,57.08,93.23,168,81.21,0
2026-03-27 17:00:00,Computer Science Block,23.32,65.65,334,127.04,723.79,46.75,82.07,107,38.34,0
2026-03-27 18:00:00,Engineering Block,23.54,68.79,348,115.41,562.49,102.01,42.22,196,86.08,0
2026-03-27 19:00:00,Laboratory,25.48,60.39,160,129.04,896.7,84.36,48.89,70,36.24,0
2026-03-27 20:00:00,Admin Block,24.23,50.88,433,84.62,734.21,78.77,91.33,152,57.79,0
2026-03-27 21:00:00,Hostel B,25.81,55.38,328,87.4,584.97,140.02,34.38,216,54.58,0
2026-03-27 22:00:00,Laboratory,27.14,63.43,271,111.92,851.89,94.8,39.24,188,40.97,0
2026-03-27 23:00:00,Auditorium,31.35,78.18,227,79.57,508.11,168.85,72.02,179,37.52,0
2026-03-28 00:00:00,Computer Science Block,26.72,55.16,198,144.5,1164.39,112.33,19.97,43,50.26,0
2026-03-28 01:00:00,Library,21.66,68.05,317,152.87,1110.14,49.64,80.85,59,78.05,0
2026-03-28 02:00:00,Library,32.56,56.72,429,110.47,1291.43,46.66,95.35,61,44.41,0
2026-03-28 03:00:00,Hostel A,24.65,61.1,206,146.45,1513.76,67.12,67.88,55,97.91,0
2026-03-28 04:00:00,Engineering Block,27.77,75.15,344,172.06,442.86,71.17,16.5,68,30.36,0
2026-03-28 05:00:00,Computer Science Block,29.79,67.64,129,134.11,809.74,111.93,31.47,100,69.83,0
2026-03-28 06:00:00,Hostel A,28.8,47.59,238,151.39,1173.1,69.71,18.78,135,69.12,0
2026-03-28 07:00:00,Computer Science Block,32.38,54.28,482,117.34,1167.37,77.23,37.82,94,49.2,0
2026-03-28 08:00:00,Auditorium,29.92,72.56,367,151.51,1064.97,50.81,94.56,173,71.68,0
2026-03-28 09:00:00,Engineering Block,24.55,61.42,22,115.62,588.27,96.53,42.33,208,69.28,0
2026-03-28 10:00:00,Laboratory,36.71,48.51,60,95.61,920.07,107.45,26.59,54,78.15,0
2026-03-28 11:00:00,Laboratory,28.78,51.81,144,144.27,1114.86,99.36,69.54,135,91.12,0
2026-03-28 12:00:00,Library,27.41,67.03,276,127.69,763.86,83.26,90.97,160,37.03,0
2026-03-28 13:00:00,Laboratory,31.86,69.94,212,147.29,659.29,105.63,13.1,205,88.47,0
2026-03-28 14:00:00,Laboratory,29.0,60.18,134,94.06,781.15,93.35,70.16,222,31.43,0
2026-03-28 15:00:00,Auditorium,29.6,84.75,89,131.11,708.38,99.74,36.02,138,34.31,0
2026-03-28 16:00:00,Admin Block,37.97,68.24,478,268.66638800100304,1639.1803737370817,94.65546372504926,43.67,9,93.53,1
2026-03-28 17:00:00,Library,26.9,57.57,401,104.38,491.09,72.7,31.35,205,79.39,0
2026-03-28 18:00:00,Hostel A,26.73,51.84,325,148.04,1260.4,95.5,91.55,187,74.99,0
2026-03-28 19:00:00,Hostel B,28.47,50.25,355,175.05,709.09,68.4,89.74,242,66.25,0
2026-03-28 20:00:00,Admin Block,32.29,63.35,116,99.39,596.63,130.97,64.43,102,84.6,0
2026-03-28 21:00:00,Hostel A,21.97,55.11,235,129.3,749.5,90.6,11.45,224,81.02,0
2026-03-28 22:00:00,Engineering Block,20.14,76.74,334,181.41,917.49,94.38,95.19,30,54.07,0
2026-03-28 23:00:00,Admin Block,25.65,74.66,243,69.76,460.86,106.35,52.07,61,64.67,0
2026-03-29 00:00:00,Auditorium,21.46,66.33,349,134.16,706.73,86.75,54.0,58,63.76,0
2026-03-29 01:00:00,Hostel A,26.3,48.21,338,144.25,834.29,91.78,79.57,194,60.37,0
2026-03-29 02:00:00,Engineering Block,30.01,53.28,300,120.72,681.51,65.58,65.23,103,77.73,0
2026-03-29 03:00:00,Library,24.44,72.56,413,198.3,609.57,71.57,20.93,197,86.78,0
2026-03-29 04:00:00,Hostel B,22.29,54.37,352,137.18,1086.87,79.92,19.48,72,96.87,0
2026-03-29 05:00:00,Engineering Block,28.28,71.22,399,167.07,1081.66,52.61,32.69,127,58.91,0
2026-03-29 06:00:00,Laboratory,31.45,64.75,148,149.18,1077.76,120.28,16.35,209,78.9,0
2026-03-29 07:00:00,Computer Science Block,21.22,60.52,118,172.31,991.6,51.52,84.97,108,69.41,0
2026-03-29 08:00:00,Engineering Block,31.28,52.97,289,126.17,552.77,53.15,13.55,185,42.67,0
2026-03-29 09:00:00,Engineering Block,31.27,59.06,424,74.32,844.12,80.23,95.14,25,51.39,0
2026-03-29 10:00:00,Hostel B,31.82,61.9,266,139.12,1188.7,91.32,20.0,214,89.44,0
2026-03-29 11:00:00,Computer Science Block,32.87,70.33,205,60.99,547.11,61.81,87.19,88,86.54,0
2026-03-29 12:00:00,Laboratory,36.81,51.14,263,230.8592518880217,1149.841703653553,130.23789381222622,31.35,136,89.61,1
2026-03-29 13:00:00,Hostel A,26.58,57.37,57,103.68,917.44,73.22,69.47,100,32.98,0
2026-03-29 14:00:00,Hostel A,28.44,60.45,276,106.42,1040.11,80.82,40.79,159,99.3,0
2026-03-29 15:00:00,Engineering Block,26.33,66.63,359,164.25,1020.28,96.06,16.06,93,69.0,0
2026-03-29 16:00:00,Auditorium,28.01,50.92,267,119.11,930.38,61.27,75.74,75,65.42,0
2026-03-29 17:00:00,Auditorium,34.13,46.83,152,191.95,599.25,69.43,82.71,177,81.41,0
2026-03-29 18:00:00,Computer Science Block,22.62,66.74,63,117.73,972.58,89.54,36.89,98,39.22,0
2026-03-29 19:00:00,Computer Science Block,24.56,44.82,499,45.19,695.16,109.5,80.61,91,46.0,0
2026-03-29 20:00:00,Laboratory,33.51,72.85,212,99.27,935.22,102.83,51.17,33,95.94,0
2026-03-29 21:00:00,Hostel B,32.08,58.44,76,149.77,819.49,89.57,75.66,125,44.48,0
2026-03-29 22:00:00,Library,26.55,44.52,267,72.83,771.3,28.56,68.08,189,53.56,0
2026-03-29 23:00:00,Hostel A,31.42,55.2,123,107.54,1432.58,58.14,93.69,153,47.23,0
2026-03-30 00:00:00,Hostel B,29.36,63.79,64,148.57,553.78,60.4,39.52,229,63.84,0
2026-03-30 01:00:00,Admin Block,34.0,54.67,79,108.96,665.67,105.36,19.9,86,86.28,0
2026-03-30 02:00:00,Hostel A,28.3,60.2,85,172.2060225649326,2377.6773258868648,93.74409799027401,80.95,31,88.63,1
2026-03-30 03:00:00,Hostel B,32.1,67.4,242,163.9,1285.5,41.6,83.15,210,52.75,0
2026-03-30 04:00:00,Hostel A,38.57,57.98,66,112.06,1017.32,89.72,12.35,44,35.2,0
2026-03-30 05:00:00,Library,30.39,50.63,257,83.52,793.09,92.42,21.35,163,37.88,0
2026-03-30 06:00:00,Admin Block,28.2,57.01,390,149.18,652.39,61.13,84.9,238,87.16,0
2026-03-30 07:00:00,Auditorium,30.89,74.15,45,159.79,1065.62,68.95,64.05,12,60.01,0
2026-03-30 08:00:00,Auditorium,26.54,76.85,412,126.32,848.02,119.97,50.75,129,87.49,0
2026-03-30 09:00:00,Library,37.55,39.8,326,99.71,719.48,45.59,84.4,199,30.99,0
2026-03-30 10:00:00,Laboratory,28.72,70.91,113,88.94,1117.52,54.01,32.14,167,32.44,0
2026-03-30 11:00:00,Admin Block,26.91,62.5,129,100.62,812.49,95.29,39.24,106,52.08,0
2026-03-30 12:00:00,Engineering Block,24.66,69.24,411,75.88,521.72,82.88,79.62,79,44.29,0
2026-03-30 13:00:00,Hostel B,32.39,54.5,280,102.76,879.78,78.32,63.19,232,75.16,0
2026-03-30 14:00:00,Admin Block,31.47,42.32,273,139.23,763.47,41.31,28.76,248,70.97,0
2026-03-30 15:00:00,Laboratory,26.01,65.84,314,145.78,600.78,56.07,90.46,244,92.6,0
2026-03-30 16:00:00,Laboratory,30.31,50.59,343,120.95,926.71,72.21,99.49,111,85.19,0
2026-03-30 17:00:00,Library,21.97,46.12,59,133.39,963.03,127.45,23.01,120,37.06,0
2026-03-30 18:00:00,Hostel A,28.74,46.82,311,111.77,220.05,66.72,36.69,102,92.1,0
2026-03-30 19:00:00,Admin Block,29.81,66.01,424,94.43,1122.84,42.93,77.45,91,38.4,0
2026-03-30 20:00:00,Hostel B,34.83,61.39,273,108.02,1101.2,68.9,21.11,201,43.77,0
2026-03-30 21:00:00,Admin Block,24.92,67.82,116,159.35,821.13,62.08,51.81,162,65.37,0
2026-03-30 22:00:00,Computer Science Block,22.89,66.69,45,40.33,652.45,94.41,29.66,169,37.81,0
2026-03-30 23:00:00,Hostel A,24.42,55.79,123,79.88,985.3,20.0,69.79,148,45.88,0
2026-03-31 00:00:00,Hostel B,22.65,59.3,122,103.44,850.64,63.01,42.38,18,61.34,0
2026-03-31 01:00:00,Auditorium,33.35,54.89,94,81.11,717.01,115.69,86.33,203,47.39,0
2026-03-31 02:00:00,Hostel B,34.19,57.9,104,135.33,722.48,95.57,51.24,121,96.26,0
2026-03-31 03:00:00,Engineering Block,29.28,50.33,233,108.99271180127438,1318.8516554272371,161.13727617196946,58.29,101,41.34,1
2026-03-31 04:00:00,Library,32.89,63.9,132,162.12,1181.93,66.07,90.01,6,70.12,0
2026-03-31 05:00:00,Engineering Block,28.54,70.75,331,188.47,521.12,96.86,79.17,178,64.85,0
2026-03-31 06:00:00,Hostel B,27.62,51.83,76,128.71,927.63,95.94,82.8,9,61.68,0
2026-03-31 07:00:00,Hostel A,26.67,72.81,462,98.34,628.15,51.92,11.12,49,46.37,0
2026-03-31 08:00:00,Admin Block,26.76,61.14,403,152.44,929.52,107.46,69.16,49,43.35,0
2026-03-31 09:00:00,Auditorium,21.81,62.41,120,110.1,994.0,135.84,51.94,235,51.26,0
2026-03-31 10:00:00,Admin Block,29.06,43.01,269,90.09,541.42,69.97,89.53,64,71.48,0
2026-03-31 11:00:00,Hostel A,27.84,41.93,154,121.84,993.06,54.74,13.44,147,70.66,0
2026-03-31 12:00:00,Hostel B,30.98,61.44,445,64.81,914.61,100.09,86.03,128,84.08,0
2026-03-31 13:00:00,Laboratory,28.37,67.9,160,94.1,1176.01,103.3,22.19,46,51.24,0
2026-03-31 14:00:00,Admin Block,27.35,53.29,103,93.2,855.51,73.44,63.27,134,79.67,0
2026-03-31 15:00:00,Laboratory,24.52,76.7,226,116.69,921.42,49.98,75.39,220,91.75,0
2026-03-31 16:00:00,Admin Block,28.29,67.35,249,64.36,956.89,90.88,27.78,161,90.05,0
2026-03-31 17:00:00,Admin Block,30.95,50.92,437,87.57,1204.72,20.0,25.0,97,62.6,0
2026-03-31 18:00:00,Auditorium,23.43,60.31,375,102.03,395.73,83.53,71.41,217,76.29,0
2026-03-31 19:00:00,Library,28.35,84.77,456,136.59,461.19,20.0,25.05,157,88.21,0
2026-03-31 20:00:00,Library,28.93,47.57,321,120.09,824.33,69.35,56.17,154,40.86,0
2026-03-31 21:00:00,Computer Science Block,25.13,65.28,460,177.22,940.82,110.16,33.63,87,97.01,0
2026-03-31 22:00:00,Engineering Block,25.65,56.77,80,88.33,436.05,133.89,12.85,194,72.15,0
2026-03-31 23:00:00,Hostel A,28.92,67.07,236,150.91,834.29,106.26,16.04,128,49.77,0
2026-04-01 00:00:00,Hostel A,23.47,72.67,75,150.89,661.58,84.21,21.83,145,66.69,0
2026-04-01 01:00:00,Hostel A,29.4,56.14,48,126.31,526.67,92.02,59.07,194,81.56,0
2026-04-01 02:00:00,Computer Science Block,24.42,71.19,130,124.96,806.65,85.75,29.03,170,87.48,0
2026-04-01 03:00:00,Library,32.25,82.21,111,129.24,1027.98,54.24,86.45,132,51.57,0
2026-04-01 04:00:00,Hostel B,37.35,60.66,161,87.13,1312.55,90.58,12.45,189,53.96,0
2026-04-01 05:00:00,Laboratory,24.56,67.85,471,153.62,1378.62,71.26,69.35,37,87.25,0
2026-04-01 06:00:00,Auditorium,30.14,54.1,121,122.62,1161.18,99.88,18.06,37,88.76,0
2026-04-01 07:00:00,Laboratory,25.09,60.19,90,77.91,930.85,108.58,90.13,60,78.11,0
2026-04-01 08:00:00,Hostel B,32.16,58.23,32,161.69,822.94,68.9,13.7,144,77.84,0
2026-04-01 09:00:00,Auditorium,22.94,67.97,420,116.2,887.28,78.15,22.87,114,47.59,0
2026-04-01 10:00:00,Computer Science Block,29.92,72.05,176,121.85,887.03,86.1,34.99,219,96.93,0
2026-04-01 11:00:00,Hostel B,24.51,58.9,100,32.13,1129.77,85.53,19.05,225,89.52,0
2026-04-01 12:00:00,Hostel A,27.17,75.34,119,117.11,1249.94,135.04,92.04,161,91.02,0
2026-04-01 13:00:00,Engineering Block,23.88,75.3,102,164.42,558.84,73.08,21.91,175,43.69,0
2026-04-01 14:00:00,Admin Block,31.29,68.47,237,165.57185506506121,1542.0195341478047,56.73159749097789,17.47,64,98.87,1
2026-04-01 15:00:00,Laboratory,24.65,54.84,391,74.92,1089.38,74.86,15.39,69,61.19,0
2026-04-01 16:00:00,Library,30.21,53.88,256,135.96,818.29,127.73,82.54,156,77.73,0
2026-04-01 17:00:00,Library,26.62,51.88,144,59.0,746.82,90.2,68.49,73,92.91,0
2026-04-01 18:00:00,Computer Science Block,27.54,69.49,220,141.04,1139.78,82.68,78.12,189,37.06,0
2026-04-01 19:00:00,Auditorium,28.59,47.88,21,112.87,722.85,49.88,73.44,39,52.28,0
2026-04-01 20:00:00,Library,24.95,66.77,81,122.86,1014.41,76.61,97.11,177,55.77,0
2026-04-01 21:00:00,Hostel A,28.84,49.19,39,202.76,770.55,118.27,79.16,201,84.18,0
2026-04-01 22:00:00,Laboratory,34.12,68.24,490,128.77,1404.19,107.57,44.43,145,50.69,0
2026-04-01 23:00:00,Hostel B,24.89,60.17,229,73.16,1162.89,116.17,36.08,164,57.35,0
2026-04-02 00:00:00,Hostel A,32.69,73.34,459,124.02,767.43,48.95,36.28,187,56.57,0
2026-04-02 01:00:00,Computer Science Block,33.99,71.41,365,146.01,919.37,98.47,38.14,110,93.84,0
2026-04-02 02:00:00,Hostel A,24.74,74.35,199,49.33,996.71,28.71,26.77,31,30.24,0
2026-04-02 03:00:00,Hostel B,22.18,74.61,428,119.55,745.32,77.73,45.38,92,39.83,0
2026-04-02 04:00:00,Engineering Block,29.21,61.44,81,59.41,771.16,87.83,19.91,7,94.98,0
2026-04-02 05:00:00,Computer Science Block,25.81,48.41,292,120.87,1059.74,109.42,36.74,133,72.68,0
2026-04-02 06:00:00,Engineering Block,35.47,49.47,314,174.06,848.63,103.3,25.76,67,36.35,0
2026-04-02 07:00:00,Admin Block,28.14,39.13,260,104.8,498.68,111.58,92.77,128,63.19,0
2026-04-02 08:00:00,Engineering Block,24.79,49.16,270,122.76,991.13,115.07,51.51,97,95.58,0
2026-04-02 09:00:00,Admin Block,23.41,60.69,29,129.79,1091.06,78.13,84.03,177,82.91,0
2026-04-02 10:00:00,Admin Block,32.36,54.4,206,131.99,768.32,46.71,62.96,90,47.92,0
2026-04-02 11:00:00,Engineering Block,25.72,58.2,428,125.18,656.74,94.06,63.87,201,60.42,0
2026-04-02 12:00:00,Computer Science Block,28.18,64.93,129,49.71,1182.12,101.19,10.29,47,64.35,0
2026-04-02 13:00:00,Auditorium,31.82,56.96,47,126.46,888.57,66.44,11.15,217,83.53,0
2026-04-02 14:00:00,Hostel B,26.06,48.78,493,97.79,830.05,81.87,35.09,127,84.48,0
2026-04-02 15:00:00,Hostel A,27.82,59.47,479,80.07,829.49,97.16,15.32,16,50.56,0
2026-04-02 16:00:00,Hostel A,27.93,51.02,80,126.97,1213.8,118.36,34.95,224,80.83,0
2026-04-02 17:00:00,Hostel B,30.73,57.29,77,124.87,915.49,44.88,65.62,207,98.16,0
2026-04-02 18:00:00,Laboratory,30.36,73.43,319,58.0,960.71,110.77,73.82,147,35.08,0
2026-04-02 19:00:00,Laboratory,27.12,57.29,358,106.02,810.97,78.51,65.11,129,87.07,0
2026-04-02 20:00:00,Admin Block,28.25,77.71,271,166.96,853.79,75.88,59.9,42,71.54,0
2026-04-02 21:00:00,Admin Block,26.51,74.32,426,75.97,770.78,111.27,17.31,66,56.65,0
2026-04-02 22:00:00,Computer Science Block,22.09,54.21,481,200.99224684810923,1694.700449171102,102.26726269854566,21.55,39,85.28,1
2026-04-02 23:00:00,Library,29.03,48.89,275,77.81,572.29,93.41,13.69,244,52.81,0
2026-04-03 00:00:00,Engineering Block,35.57,59.47,400,177.42,908.43,62.71,83.12,113,53.46,0
2026-04-03 01:00:00,Admin Block,24.47,71.53,164,144.43,758.45,74.81,39.12,20,65.03,0
2026-04-03 02:00:00,Hostel A,24.91,55.1,98,90.97,721.57,116.89,46.21,233,62.04,0
2026-04-03 03:00:00,Computer Science Block,24.52,69.08,360,127.48,961.56,90.63,66.18,196,39.31,0
2026-04-03 04:00:00,Engineering Block,30.9,72.08,313,72.03,850.16,112.04,97.2,147,31.77,0
2026-04-03 05:00:00,Computer Science Block,29.79,52.26,305,56.56,601.68,28.77,65.36,228,74.28,0
2026-04-03 06:00:00,Engineering Block,27.37,53.24,422,116.68,628.79,112.98,20.56,68,53.44,0
2026-04-03 07:00:00,Engineering Block,24.33,67.13,307,93.48,900.21,54.42,91.23,190,66.63,0
2026-04-03 08:00:00,Hostel B,28.37,61.52,496,126.94,654.36,64.29,30.67,84,44.38,0
2026-04-03 09:00:00,Admin Block,21.74,53.14,233,61.34,435.71,68.51,81.16,101,69.74,0
2026-04-03 10:00:00,Auditorium,28.57,56.48,39,100.53,1055.94,89.42,77.29,172,53.17,0
2026-04-03 11:00:00,Computer Science Block,31.49,59.29,377,173.57,540.55,89.82,47.36,61,72.75,0
2026-04-03 12:00:00,Auditorium,23.0,44.35,249,170.08,760.92,95.32,57.0,152,77.38,0
2026-04-03 13:00:00,Computer Science Block,21.87,67.66,83,178.55,620.92,89.38,30.58,169,30.21,0
2026-04-03 14:00:00,Hostel B,34.32,55.21,55,199.09,614.32,89.75,73.23,235,60.18,0
2026-04-03 15:00:00,Hostel A,25.55,32.16,468,105.86,935.04,72.37,98.13,129,80.82,0
2026-04-03 16:00:00,Auditorium,32.54,59.76,230,22.71,686.12,85.68,48.45,36,81.78,0
2026-04-03 17:00:00,Hostel A,27.38,52.58,190,158.64,794.15,90.99,99.81,78,56.65,0
2026-04-03 18:00:00,Laboratory,27.35,76.89,45,80.92,397.06,44.59,32.72,148,87.47,0
2026-04-03 19:00:00,Admin Block,29.75,54.15,282,192.09,1287.44,93.33,20.85,137,75.52,0
2026-04-03 20:00:00,Admin Block,24.46,49.02,309,122.9,939.54,85.53,99.86,132,99.24,0
2026-04-03 21:00:00,Library,28.53,65.08,183,177.25,1199.09,106.35,43.85,24,65.88,0
2026-04-03 22:00:00,Hostel B,26.47,53.4,409,114.6,1169.38,117.67,87.34,60,56.28,0
2026-04-03 23:00:00,Hostel A,22.72,52.21,440,96.22,1146.9,119.13,12.66,95,94.35,0
2026-04-04 00:00:00,Engineering Block,29.35,65.1,81,145.46,788.09,20.0,66.53,47,58.24,0
2026-04-04 01:00:00,Computer Science Block,26.95,49.6,105,137.12,861.46,58.39,10.3,131,74.83,0
2026-04-04 02:00:00,Admin Block,27.37,45.43,92,79.91,600.9,54.56,55.41,192,87.8,0
2026-04-04 03:00:00,Auditorium,23.16,77.26,403,118.79,871.99,80.79,76.29,54,62.24,0
2026-04-04 04:00:00,Computer Science Block,34.37,65.79,79,99.85,538.92,63.52,65.92,63,60.93,0
2026-04-04 05:00:00,Computer Science Block,31.51,57.36,496,127.15,1203.16,104.4,66.49,88,50.2,0
2026-04-04 06:00:00,Library,31.86,59.97,339,118.78,1074.2,63.2,39.39,145,97.35,0
2026-04-04 07:00:00,Hostel A,26.78,65.06,197,202.1332960368756,2004.2201242094848,143.95046392603356,67.04,151,96.08,1
2026-04-04 08:00:00,Admin Block,21.08,69.73,71,120.54,709.65,60.41,86.93,112,62.61,0
2026-04-04 09:00:00,Computer Science Block,35.81,52.44,164,107.66,1142.03,83.34,54.7,246,52.91,0
2026-04-04 10:00:00,Admin Block,27.76,63.66,335,132.59,454.78,20.0,58.75,211,38.94,0
2026-04-04 11:00:00,Engineering Block,25.0,54.93,96,93.45,823.61,63.45,85.45,42,63.44,0
2026-04-04 12:00:00,Library,29.67,58.11,138,177.7,888.29,36.12,20.97,159,92.58,0
2026-04-04 13:00:00,Engineering Block,32.67,61.61,228,119.44,1257.27,107.74,64.1,110,90.84,0
2026-04-04 14:00:00,Admin Block,27.91,59.93,201,149.48,526.01,82.85,52.7,213,38.14,0
2026-04-04 15:00:00,Laboratory,33.11,67.36,157,101.29,1188.96,77.01,47.55,206,64.01,0
2026-04-04 16:00:00,Auditorium,32.33,64.87,144,105.15,1139.38,70.12,46.69,40,87.09,0
2026-04-04 17:00:00,Admin Block,23.69,44.92,172,152.28,1152.87,75.42,66.96,108,88.45,0
2026-04-04 18:00:00,Hostel A,25.3,46.42,37,263.6588155251684,1009.1469444637215,176.37804148266113,90.78,137,95.4,1
2026-04-04 19:00:00,Computer Science Block,31.83,56.3,83,115.7,962.4,80.04,68.51,55,44.22,0
2026-04-04 20:00:00,Computer Science Block,17.15,78.29,255,57.53,1075.67,70.2,33.79,118,59.04,0
2026-04-04 21:00:00,Engineering Block,27.4,51.48,98,101.66,923.54,36.37,22.4,180,96.81,0
2026-04-04 22:00:00,Auditorium,22.28,57.92,78,116.91,939.21,66.26,98.04,31,48.97,0
2026-04-04 23:00:00,Library,26.09,54.64,430,96.12,971.52,77.04,37.37,63,53.44,0
2026-04-05 00:00:00,Laboratory,26.8,54.46,270,75.47,690.64,89.31,51.96,58,45.8,0
2026-04-05 01:00:00,Hostel B,26.57,61.78,333,149.89,686.7,93.25,11.56,160,67.71,0
2026-04-05 02:00:00,Auditorium,25.79,74.01,80,113.68,1044.08,97.78,83.01,200,67.08,0
2026-04-05 03:00:00,Computer Science Block,23.61,64.56,486,183.31,699.53,76.54,81.38,75,87.2,0
2026-04-05 04:00:00,Hostel A,37.17,51.96,137,114.13,932.94,57.39,72.52,12,58.9,0
2026-04-05 05:00:00,Auditorium,35.47,87.53,98,126.21,529.58,75.44,42.05,19,47.52,0
2026-04-05 06:00:00,Engineering Block,23.35,60.79,256,99.39,796.58,56.41,43.63,237,88.15,0
2026-04-05 07:00:00,Engineering Block,34.33,54.23,346,172.89,1226.6,34.8,54.64,33,75.47,0
2026-04-05 08:00:00,Hostel B,26.4,74.12,190,109.42,904.32,90.37,46.18,235,40.94,0
2026-04-05 09:00:00,Hostel A,28.52,55.31,263,112.9,1148.05,31.6,25.16,205,69.91,0
2026-04-05 10:00:00,Library,27.75,76.63,227,86.67,1270.61,52.62,30.79,152,62.19,0
2026-04-05 11:00:00,Auditorium,25.36,51.29,363,133.29,1076.33,78.62,39.77,197,89.2,0
2026-04-05 12:00:00,Hostel A,31.94,74.3,106,108.45,959.64,121.25,11.79,11,72.12,0
2026-04-05 13:00:00,Library,28.5,62.01,158,86.07,824.56,62.82,40.71,166,85.38,0
2026-04-05 14:00:00,Hostel A,26.09,72.91,107,118.3,796.71,28.11,83.9,243,62.45,0
2026-04-05 15:00:00,Hostel A,22.78,79.02,152,145.36,769.76,76.05,52.23,14,98.63,0
2026-04-05 16:00:00,Admin Block,24.43,48.67,461,177.69,1125.33,77.53,26.71,127,85.99,0
2026-04-05 17:00:00,Engineering Block,21.43,72.76,58,128.25,904.57,55.95,72.53,109,71.9,0
2026-04-05 18:00:00,Auditorium,28.05,45.91,195,100.73,1064.46,73.75,11.95,52,86.9,0
2026-04-05 19:00:00,Hostel A,23.21,49.53,497,135.98,1262.2,60.5,23.91,74,52.42,0
2026-04-05 20:00:00,Auditorium,26.94,51.97,99,115.09,1333.31,88.57,62.39,157,98.42,0
2026-04-05 21:00:00,Hostel B,33.48,65.04,39,121.97,1024.94,61.32,70.52,208,59.05,0
2026-04-05 22:00:00,Hostel A,32.8,60.33,240,119.93,1023.83,61.56,36.53,108,55.93,0
2026-04-05 23:00:00,Computer Science Block,27.87,58.33,356,136.15,800.02,99.59,35.02,45,85.13,0
2026-04-06 00:00:00,Engineering Block,27.65,61.46,294,140.83,1085.43,74.62,11.86,107,74.14,0
2026-04-06 01:00:00,Computer Science Block,35.52,65.91,207,118.27,638.1,65.05,35.65,82,83.78,0
2026-04-06 02:00:00,Auditorium,30.08,66.68,173,243.13,875.05,117.75,96.34,143,84.57,0
2026-04-06 03:00:00,Auditorium,26.69,70.94,482,152.15,595.86,88.53,45.74,16,74.56,0
2026-04-06 04:00:00,Engineering Block,22.3,78.2,428,47.23,527.29,37.43,39.5,215,89.12,0
2026-04-06 05:00:00,Auditorium,29.58,59.79,162,107.86,930.55,49.16,66.39,174,80.85,0
2026-04-06 06:00:00,Computer Science Block,31.32,54.79,270,119.32,605.63,77.3,99.02,224,70.42,0
2026-04-06 07:00:00,Hostel A,25.47,66.14,231,141.32,715.97,101.91,49.39,57,83.28,0
2026-04-06 08:00:00,Hostel A,29.16,48.56,497,445.3299661651676,1718.7726238777516,48.52718101066305,18.54,215,64.85,1
2026-04-06 09:00:00,Admin Block,26.55,53.21,168,94.82,1089.34,48.34,74.57,161,63.97,0
2026-04-06 10:00:00,Hostel B,27.26,69.99,194,160.28,1343.3,114.05,90.77,49,53.78,0
2026-04-06 11:00:00,Auditorium,18.05,58.76,438,208.9291104463328,625.2403360652347,90.0703139595561,71.23,103,89.3,1
2026-04-06 12:00:00,Computer Science Block,27.11,47.92,191,131.52,635.03,59.76,54.75,27,50.95,0
2026-04-06 13:00:00,Auditorium,31.88,45.1,153,161.8,379.53,43.57,32.18,192,47.6,0
2026-04-06 14:00:00,Auditorium,25.47,60.49,135,61.77,532.98,93.59,50.14,84,45.37,0
2026-04-06 15:00:00,Library,28.21,71.42,376,138.72,981.16,37.93,48.0,233,76.23,0
2026-04-06 16:00:00,Admin Block,24.98,71.29,222,177.84,842.73,77.28,96.64,64,43.96,0
2026-04-06 17:00:00,Computer Science Block,29.44,61.11,426,82.97,449.52,91.4,13.33,25,90.73,0
2026-04-06 18:00:00,Computer Science Block,27.13,80.09,314,120.08,932.92,81.78,42.82,63,78.86,0
2026-04-06 19:00:00,Auditorium,24.24,58.95,476,143.74,1236.68,85.33,37.99,172,85.29,0
2026-04-06 20:00:00,Admin Block,33.33,58.61,165,51.51,586.9,64.68,98.39,5,39.86,0
2026-04-06 21:00:00,Hostel A,31.72,34.33,257,131.76,955.43,107.1,10.58,114,31.05,0
2026-04-06 22:00:00,Computer Science Block,25.58,55.53,247,110.87,1249.52,90.03,36.32,248,35.69,0
2026-04-06 23:00:00,Hostel A,29.99,68.52,274,169.06,629.34,44.01,97.65,233,77.4,0
2026-04-07 00:00:00,Admin Block,30.15,75.64,443,94.12,829.17,66.91,24.33,157,37.23,0
2026-04-07 01:00:00,Hostel A,30.57,51.7,311,118.53,482.35,127.64,81.04,20,63.05,0
2026-04-07 02:00:00,Engineering Block,21.22,64.62,175,91.83,1188.38,89.11,60.74,37,86.21,0
2026-04-07 03:00:00,Library,32.03,70.47,467,115.83,954.38,97.56,91.54,221,55.04,0
2026-04-07 04:00:00,Laboratory,25.72,60.11,358,94.88,697.88,50.11,88.58,26,33.29,0
2026-04-07 05:00:00,Computer Science Block,26.57,37.17,369,106.51,803.53,105.19,61.86,71,91.84,0
2026-04-07 06:00:00,Hostel B,38.55,62.47,461,79.88,1084.24,27.52,59.88,199,79.58,0
2026-04-07 07:00:00,Library,29.21,67.61,441,95.64,450.16,87.75,23.6,207,32.46,0
2026-04-07 08:00:00,Laboratory,26.45,50.53,262,93.73,645.32,72.12,15.44,47,52.71,0
2026-04-07 09:00:00,Hostel A,19.18,57.46,226,184.49674077437635,1914.5137665207374,125.37185623983825,75.89,184,56.06,1
2026-04-07 10:00:00,Computer Science Block,33.56,48.45,447,115.92,1073.04,105.63,65.13,67,90.81,0
2026-04-07 11:00:00,Hostel A,22.62,34.3,273,20.0,964.06,51.91,81.58,137,36.01,0
2026-04-07 12:00:00,Engineering Block,23.99,70.27,479,125.0,488.3,85.92,11.64,112,83.9,0
2026-04-07 13:00:00,Admin Block,26.67,59.96,277,163.37,1099.65,86.53,94.03,29,98.19,0
2026-04-07 14:00:00,Computer Science Block,33.67,75.98,92,146.39,1145.08,86.31,16.57,42,56.99,0
2026-04-07 15:00:00,Laboratory,31.09,68.57,54,89.66,1101.27,115.37,91.42,185,31.66,0
2026-04-07 16:00:00,Laboratory,27.37,56.46,148,155.8,855.08,79.02,27.21,148,46.81,0
2026-04-07 17:00:00,Engineering Block,29.23,59.17,449,91.69,707.67,91.2,33.4,228,38.87,0
2026-04-07 18:00:00,Engineering Block,25.6,65.66,207,130.25,1211.08,105.9,88.46,97,85.23,0
2026-04-07 19:00:00,Auditorium,28.56,69.67,338,35.42,733.08,61.16,50.63,74,54.6,0
2026-04-07 20:00:00,Computer Science Block,28.29,63.23,114,141.33,883.78,76.08,72.5,218,92.88,0
2026-04-07 21:00:00,Hostel A,31.88,71.06,239,120.18,1081.46,48.19,91.0,205,93.97,0
2026-04-07 22:00:00,Hostel B,31.87,57.03,320,124.85,1167.37,94.01,36.24,142,55.81,0
2026-04-07 23:00:00,Laboratory,29.98,50.03,144,120.61,669.86,82.7,22.22,187,72.33,0
2026-04-08 00:00:00,Laboratory,26.55,59.35,204,185.39,1175.57,98.39,58.64,146,96.09,0
2026-04-08 01:00:00,Engineering Block,30.97,62.05,56,337.5482908258676,1151.5057381058293,150.0395643106998,44.94,243,36.04,1
2026-04-08 02:00:00,Library,27.63,47.98,282,145.06,1050.56,66.34,81.89,107,84.11,0
2026-04-08 03:00:00,Engineering Block,23.67,46.63,129,139.43,1015.42,89.09,10.45,88,33.43,0
2026-04-08 04:00:00,Hostel B,26.39,64.47,419,190.2,867.51,116.02,62.23,73,61.06,0
2026-04-08 05:00:00,Hostel A,28.34,55.94,197,111.18,508.41,94.55,56.43,75,65.87,0
2026-04-08 06:00:00,Hostel A,31.64,58.34,161,71.4,597.97,44.27,86.47,108,68.46,0
2026-04-08 07:00:00,Library,27.27,56.4,153,180.09,1098.37,84.72,61.89,58,89.43,0
2026-04-08 08:00:00,Laboratory,23.16,75.21,464,103.37,965.39,133.16,99.61,60,44.46,0
2026-04-08 09:00:00,Engineering Block,28.23,72.62,168,137.35,989.65,63.49,12.39,210,60.87,0
2026-04-08 10:00:00,Auditorium,28.45,47.63,413,138.25,780.29,67.85,55.32,61,49.2,0
2026-04-08 11:00:00,Hostel A,28.74,54.67,307,94.31,756.07,31.05,97.84,147,71.33,0
2026-04-08 12:00:00,Hostel B,31.68,68.5,409,70.52,967.58,77.79,95.1,213,69.07,0
2026-04-08 13:00:00,Computer Science Block,32.08,66.02,277,157.31,768.41,68.66,29.67,130,85.13,0
2026-04-08 14:00:00,Admin Block,25.62,59.59,58,164.4,964.38,91.88,84.45,216,42.42,0
2026-04-08 15:00:00,Admin Block,25.54,48.62,324,142.17,556.53,80.28,82.48,20,87.13,0
2026-04-08 16:00:00,Admin Block,23.84,53.17,302,134.08,871.75,84.66,96.62,237,54.4,0
2026-04-08 17:00:00,Auditorium,30.8,54.83,331,71.06,669.77,93.84,55.84,153,69.81,0
2026-04-08 18:00:00,Laboratory,33.8,62.77,33,108.39,907.36,34.56,57.63,79,45.99,0
2026-04-08 19:00:00,Engineering Block,26.74,77.04,426,162.48,577.44,108.62,80.78,72,63.43,0
2026-04-08 20:00:00,Library,27.03,53.13,378,92.69,1174.93,90.37,99.91,157,41.66,0
2026-04-08 21:00:00,Auditorium,33.87,49.74,393,124.65,443.53,104.32,37.82,70,77.97,0
2026-04-08 22:00:00,Auditorium,30.02,58.91,397,136.14,1113.31,90.43,71.5,70,33.18,0
2026-04-08 23:00:00,Hostel A,29.74,70.32,488,138.01,771.55,89.74,70.4,223,72.08,0
2026-04-09 00:00:00,Computer Science Block,23.24,45.53,380,143.95222410154574,2085.3625486648757,138.49454210267672,87.16,99,82.58,1
2026-04-09 01:00:00,Auditorium,30.71,74.54,454,115.88,966.1,67.77,68.45,51,91.72,0
2026-04-09 02:00:00,Hostel B,24.28,58.28,497,149.6,719.9,101.78,51.24,204,87.24,0
2026-04-09 03:00:00,Computer Science Block,23.46,52.66,300,185.07,747.03,90.86,37.97,116,92.62,0
2026-04-09 04:00:00,Hostel B,26.61,44.0,72,112.45,1112.34,71.39,97.23,76,73.01,0
2026-04-09 05:00:00,Laboratory,25.66,67.07,491,134.39,890.34,113.32,40.22,137,33.63,0
2026-04-09 06:00:00,Engineering Block,27.11,58.29,30,79.41,781.81,75.34,32.96,154,97.94,0
2026-04-09 07:00:00,Admin Block,22.24,61.71,182,111.51,750.22,90.1,81.34,111,84.46,0
2026-04-09 08:00:00,Auditorium,31.84,50.99,202,102.5,791.69,51.29,54.79,201,71.52,0
2026-04-09 09:00:00,Engineering Block,32.51,56.81,205,187.83,1264.09,68.8,26.49,172,62.16,0
2026-04-09 10:00:00,Laboratory,20.21,55.13,471,145.66,1226.11,52.29,42.32,52,36.83,0
2026-04-09 11:00:00,Library,31.91,58.99,56,123.27,1274.1,52.57,28.31,202,30.73,0
2026-04-09 12:00:00,Library,24.76,53.3,480,53.37,1262.65,75.08,28.81,170,60.46,0
2026-04-09 13:00:00,Laboratory,31.43,44.66,28,130.79,674.18,66.67,16.82,75,98.14,0
2026-04-09 14:00:00,Hostel B,27.73,87.28,47,131.15,867.65,103.97,68.07,22,66.8,0
2026-04-09 15:00:00,Hostel A,28.12,46.37,330,112.06,700.64,64.08,43.41,29,57.46,0
2026-04-09 16:00:00,Hostel A,27.26,61.81,193,121.63,1073.74,92.13,15.36,71,61.87,0
2026-04-09 17:00:00,Hostel B,32.85,42.28,483,183.05,810.49,61.47,68.59,93,50.89,0
2026-04-09 18:00:00,Library,23.04,40.03,146,153.21,743.91,79.72,36.72,153,98.37,0
2026-04-09 19:00:00,Library,30.43,60.98,89,89.01,751.87,52.57,24.58,99,39.33,0
2026-04-09 20:00:00,Auditorium,32.41,61.74,302,188.33,665.84,96.64,96.43,114,78.66,0
2026-04-09 21:00:00,Library,30.87,72.61,285,92.2,1026.75,116.95,16.73,53,61.6,0
2026-04-09 22:00:00,Engineering Block,37.3,64.0,170,176.56,983.32,50.91,44.8,174,40.68,0
2026-04-09 23:00:00,Library,25.88,58.5,168,94.66,673.67,94.45,65.4,84,71.14,0
2026-04-10 00:00:00,Computer Science Block,31.83,50.5,237,114.7,1077.34,119.88,99.41,56,71.63,0
2026-04-10 01:00:00,Auditorium,27.58,74.99,448,46.06,932.35,59.48,17.42,68,42.58,0
2026-04-10 02:00:00,Admin Block,32.93,69.29,145,138.46,610.7,116.49,93.84,90,62.27,0
2026-04-10 03:00:00,Library,27.97,47.54,22,51.3,589.01,80.84,89.28,119,92.91,0
2026-04-10 04:00:00,Hostel B,26.45,60.38,206,127.26,620.14,77.15,80.13,129,37.99,0
2026-04-10 05:00:00,Admin Block,33.22,61.44,62,104.79,1079.37,72.64,19.24,225,98.29,0
2026-04-10 06:00:00,Engineering Block,26.03,56.54,118,105.18,1220.22,73.03,36.18,208,30.58,0
2026-04-10 07:00:00,Hostel B,22.35,67.72,282,133.79,158.49,49.54,34.4,122,73.6,0
2026-04-10 08:00:00,Admin Block,25.93,68.32,430,148.69,551.61,65.45,58.08,178,69.31,0
2026-04-10 09:00:00,Hostel B,30.48,58.1,209,165.81,1174.4,133.44,20.8,47,30.8,0
2026-04-10 10:00:00,Engineering Block,33.57,57.19,61,79.06,778.31,44.33,83.46,67,73.43,0
2026-04-10 11:00:00,Auditorium,28.44,74.99,116,109.11,1113.03,84.4,71.4,133,85.78,0
2026-04-10 12:00:00,Computer Science Block,33.27,69.33,279,242.43822512414695,1708.068991910938,145.25235135392364,87.5,158,34.09,1
2026-04-10 13:00:00,Engineering Block,22.57,60.72,237,141.1,928.23,76.25,30.04,206,65.12,0
2026-04-10 14:00:00,Engineering Block,26.23,43.71,465,140.39,1124.54,60.05,65.84,29,81.11,0
2026-04-10 15:00:00,Hostel B,26.85,63.44,155,90.44,843.26,36.68,86.59,93,85.51,0
2026-04-10 16:00:00,Auditorium,27.54,66.98,359,162.07,639.14,86.98,14.54,111,87.6,0
2026-04-10 17:00:00,Laboratory,28.34,32.45,164,134.35,993.54,63.73,59.55,136,35.71,0
2026-04-10 18:00:00,Hostel A,30.76,62.52,24,182.61,748.98,82.14,75.45,86,76.45,0
2026-04-10 19:00:00,Library,26.22,55.83,466,131.1,1419.39,61.33,43.44,64,80.45,0
2026-04-10 20:00:00,Library,28.56,57.79,388,49.91,811.15,92.77,41.82,47,49.23,0
2026-04-10 21:00:00,Computer Science Block,27.82,50.93,412,91.18,982.08,78.43,12.91,76,98.26,0
2026-04-10 22:00:00,Computer Science Block,24.3,58.52,155,114.36,1081.12,84.62,54.07,11,80.28,0
2026-04-10 23:00:00,Library,27.55,73.92,26,90.45,1152.37,92.59,63.67,149,94.19,0
2026-04-11 00:00:00,Hostel A,27.43,55.54,56,89.16,1144.08,80.15,76.64,138,78.59,0
2026-04-11 01:00:00,Library,27.34,69.66,330,186.65,1143.9,60.31,17.77,174,39.1,0
2026-04-11 02:00:00,Laboratory,28.13,51.94,86,76.27,826.2,101.41,47.5,176,48.14,0
2026-04-11 03:00:00,Hostel A,28.3,67.59,411,101.47,1048.72,126.35,33.18,153,59.63,0
2026-04-11 04:00:00,Computer Science Block,26.27,60.02,344,122.32,379.25,89.27,28.62,6,60.01,0
2026-04-11 05:00:00,Admin Block,33.09,63.52,24,73.96,1012.44,20.0,32.11,145,75.19,0
2026-04-11 06:00:00,Hostel B,23.32,60.07,292,114.29,1024.86,58.74,42.45,36,70.55,0
2026-04-11 07:00:00,Laboratory,25.12,66.42,386,37.26,1060.68,74.7,75.95,209,36.0,0
2026-04-11 08:00:00,Laboratory,39.12,34.32,77,100.71,1072.23,70.31,49.21,33,88.84,0
2026-04-11 09:00:00,Auditorium,23.85,45.8,466,159.9062327749271,1951.0654416920668,70.53109767689429,15.69,137,89.73,1
2026-04-11 10:00:00,Computer Science Block,22.58,64.17,174,109.26,766.02,60.98,41.27,122,89.59,0
2026-04-11 11:00:00,Computer Science Block,30.94,39.56,379,118.05,789.0,79.11,19.87,94,45.39,0
2026-04-11 12:00:00,Engineering Block,19.69,54.69,132,167.2,1025.32,85.17,29.07,234,52.32,0
2026-04-11 13:00:00,Laboratory,27.06,59.46,479,98.64,409.84,79.49,21.64,100,81.51,0
2026-04-11 14:00:00,Engineering Block,36.58,51.72,111,194.8,485.82,57.85,97.48,116,58.39,0
2026-04-11 15:00:00,Engineering Block,21.82,53.08,343,127.43,704.07,49.05,89.21,214,61.32,0
2026-04-11 16:00:00,Hostel B,20.07,62.72,263,87.0,748.45,67.3,66.25,21,71.78,0
2026-04-11 17:00:00,Engineering Block,22.0,70.09,303,124.73,925.05,67.48,32.55,216,32.32,0
2026-04-11 18:00:00,Hostel A,31.59,50.42,108,163.24,1375.07,90.78,25.69,147,32.15,0
2026-04-11 19:00:00,Library,32.5,54.25,461,82.63,738.56,49.71,85.78,192,34.2,0
2026-04-11 20:00:00,Admin Block,25.95,52.69,197,187.98,967.14,83.85,16.54,211,45.59,0
2026-04-11 21:00:00,Computer Science Block,30.73,35.79,247,138.63,445.06,78.24,72.39,243,98.7,0
2026-04-11 22:00:00,Hostel A,33.56,61.42,381,79.96,740.31,69.98,36.54,200,36.87,0
2026-04-11 23:00:00,Admin Block,35.15,69.35,86,101.72,1027.87,89.36,54.07,205,91.88,0
2026-04-12 00:00:00,Laboratory,27.01,70.17,141,105.45,756.31,68.38,75.58,176,38.4,0
2026-04-12 01:00:00,Laboratory,18.79,51.29,178,158.79,700.1,105.14,13.27,242,81.58,0
2026-04-12 02:00:00,Laboratory,24.72,47.48,376,78.72,333.01,97.75,25.8,37,74.56,0
2026-04-12 03:00:00,Hostel A,26.29,60.22,287,173.88,661.98,62.87,68.24,127,80.97,0
2026-04-12 04:00:00,Hostel A,26.96,68.29,202,159.96,1134.54,118.83,92.78,14,36.07,0
2026-04-12 05:00:00,Computer Science Block,27.25,61.55,376,178.25,743.06,30.12,33.23,179,82.63,0
2026-04-12 06:00:00,Library,32.48,62.89,23,122.06,873.1,118.42,23.47,111,52.87,0
2026-04-12 07:00:00,Auditorium,33.1,71.42,497,163.22,664.41,114.57,93.23,133,47.63,0
2026-04-12 08:00:00,Engineering Block,27.31,52.61,140,111.57,776.45,52.55,87.88,44,73.72,0
2026-04-12 09:00:00,Laboratory,32.39,57.8,249,155.76,1149.79,72.27,91.88,121,37.05,0
2026-04-12 10:00:00,Hostel B,29.43,76.35,317,123.06,739.54,52.02,21.22,77,46.89,0
2026-04-12 11:00:00,Library,28.26,58.03,238,183.04,667.59,68.3,93.12,26,68.7,0
2026-04-12 12:00:00,Hostel B,31.63,47.33,201,129.39,1156.16,114.23,62.32,30,84.58,0
2026-04-12 13:00:00,Computer Science Block,28.29,53.31,297,90.44,842.79,75.93,70.03,39,90.82,0
2026-04-12 14:00:00,Computer Science Block,36.23,50.62,276,172.95,775.03,28.92,50.87,37,59.85,0
2026-04-12 15:00:00,Computer Science Block,22.25,63.57,323,127.3,894.75,98.28,41.99,14,98.32,0
2026-04-12 16:00:00,Admin Block,25.94,51.04,62,101.22,1115.9,85.37,20.16,193,84.16,0
2026-04-12 17:00:00,Hostel B,27.49,62.71,377,99.56,882.96,50.28,30.13,170,58.17,0
2026-04-12 18:00:00,Library,29.76,52.64,423,88.85,676.88,118.94,62.89,127,57.4,0
2026-04-12 19:00:00,Auditorium,33.07,38.77,37,69.86,880.68,97.36,38.52,151,60.79,0
2026-04-12 20:00:00,Library,27.9,63.07,217,105.22,458.55,71.93,20.77,200,82.3,0
2026-04-12 21:00:00,Hostel A,22.31,61.48,196,127.17,621.53,86.14,73.87,87,52.39,0
2026-04-12 22:00:00,Hostel A,31.37,65.18,95,106.66,933.85,111.56,57.57,139,37.16,0
2026-04-12 23:00:00,Laboratory,31.02,53.27,420,20.0,857.51,94.35,13.7,144,69.4,0
2026-04-13 00:00:00,Auditorium,20.23,52.2,200,66.2,949.18,42.73,70.53,95,73.18,0
2026-04-13 01:00:00,Hostel A,27.98,64.01,169,152.9,957.6,61.57,87.54,164,95.82,0
2026-04-13 02:00:00,Computer Science Block,21.64,75.19,101,115.99,1056.05,31.23,79.81,31,39.42,0
2026-04-13 03:00:00,Library,25.34,60.11,29,60.29,877.65,74.78,93.22,189,67.34,0
2026-04-13 04:00:00,Hostel B,24.39,64.25,299,107.56,1103.19,31.12,40.41,89,45.14,0
2026-04-13 05:00:00,Computer Science Block,31.24,56.78,231,124.36,964.95,82.52,17.93,58,82.94,0
2026-04-13 06:00:00,Admin Block,28.47,44.56,159,153.44,978.84,100.2,74.27,201,54.77,0
2026-04-13 07:00:00,Hostel A,22.86,69.67,279,95.98,641.34,76.24,91.18,87,74.66,0
2026-04-13 08:00:00,Computer Science Block,31.52,69.08,445,142.2,670.98,48.06,38.71,119,42.07,0
2026-04-13 09:00:00,Computer Science Block,22.26,67.11,401,119.22,718.75,78.66,33.88,248,70.68,0
2026-04-13 10:00:00,Admin Block,29.32,58.18,408,107.03,1325.53,85.68,74.34,121,31.07,0
2026-04-13 11:00:00,Engineering Block,24.74,65.97,429,150.56,1192.42,102.8,75.54,11,88.85,0
2026-04-13 12:00:00,Library,26.54,68.94,247,86.93,628.78,63.01,84.66,82,71.33,0
2026-04-13 13:00:00,Hostel B,30.02,76.2,462,153.16,844.95,92.48,77.13,205,45.44,0
2026-04-13 14:00:00,Laboratory,30.09,69.89,465,80.05,650.44,51.05,46.04,41,53.42,0
2026-04-13 15:00:00,Engineering Block,33.35,60.64,355,99.83,657.46,56.78,48.07,54,40.5,0
2026-04-13 16:00:00,Hostel A,27.67,46.92,24,106.55,1102.35,111.23,82.42,129,77.11,0
2026-04-13 17:00:00,Computer Science Block,29.23,61.56,429,116.12,482.9,128.15,34.04,141,56.23,0
2026-04-13 18:00:00,Auditorium,26.25,62.57,102,30.97,967.95,60.98,19.79,137,96.8,0
2026-04-13 19:00:00,Admin Block,28.73,67.09,25,123.69,834.38,108.79,29.62,58,92.63,0
2026-04-13 20:00:00,Admin Block,29.76,73.54,171,56.05,1099.24,97.03,55.48,52,86.99,0
2026-04-13 21:00:00,Auditorium,27.61,59.05,498,125.87,898.23,67.57,61.34,13,48.54,0
2026-04-13 22:00:00,Library,20.78,81.01,242,129.6,1224.08,77.81,16.35,184,50.4,0
2026-04-13 23:00:00,Engineering Block,29.33,42.41,200,154.18,859.53,92.84,37.3,239,58.62,0
2026-04-14 00:00:00,Laboratory,29.46,64.19,282,73.26,1088.39,95.38,77.44,34,94.28,0
2026-04-14 01:00:00,Library,25.28,52.01,285,128.03,904.62,113.65,87.62,82,63.16,0
2026-04-14 02:00:00,Auditorium,22.86,40.93,186,118.33,868.5,56.64,21.69,192,36.71,0
2026-04-14 03:00:00,Computer Science Block,33.9,57.98,489,100.13,1153.96,101.76,56.68,7,46.33,0
2026-04-14 04:00:00,Auditorium,29.97,45.43,97,82.38,870.06,98.65,23.48,184,33.33,0
2026-04-14 05:00:00,Library,27.08,58.39,431,122.83,893.26,116.97,74.98,156,34.02,0
2026-04-14 06:00:00,Hostel B,23.45,60.35,61,166.79,675.91,71.7,24.13,160,94.6,0
2026-04-14 07:00:00,Admin Block,24.71,71.19,81,111.58,859.5,108.05,18.7,171,73.19,0
2026-04-14 08:00:00,Admin Block,33.21,44.92,400,163.88,179.9,116.34,49.67,187,37.09,0
2026-04-14 09:00:00,Hostel A,28.55,69.08,455,160.11,741.08,87.12,18.53,79,70.86,0
2026-04-14 10:00:00,Hostel A,25.8,60.98,297,45.13,933.02,85.78,83.45,213,98.0,0
2026-04-14 11:00:00,Auditorium,30.04,70.29,332,89.93,813.49,79.96,84.42,86,31.06,0
2026-04-14 12:00:00,Laboratory,24.74,55.68,371,232.5415190942701,1401.9184111515237,169.97676243062153,56.06,247,82.15,1
2026-04-14 13:00:00,Computer Science Block,34.0,46.68,414,166.33,992.19,108.12,61.52,213,42.35,0
2026-04-14 14:00:00,Hostel B,33.41,47.83,417,119.3,1241.92,95.11,21.93,157,56.4,0
2026-04-14 15:00:00,Engineering Block,26.13,47.08,50,165.17,750.03,96.44,34.9,109,37.99,0
2026-04-14 16:00:00,Library,25.49,64.78,23,115.23,1066.32,63.32,20.89,18,30.45,0
2026-04-14 17:00:00,Laboratory,17.53,74.77,128,166.15,845.2,63.86,29.29,217,37.03,0
2026-04-14 18:00:00,Computer Science Block,22.07,54.35,425,135.83,981.14,49.5,45.51,15,70.09,0
2026-04-14 19:00:00,Hostel A,22.64,66.29,393,116.65,1352.35,130.58,71.37,179,93.08,0
2026-04-14 20:00:00,Auditorium,28.54,44.77,112,161.12,1082.63,70.21,75.52,31,31.51,0
2026-04-14 21:00:00,Library,26.7,61.8,118,102.34,1164.21,97.33,50.0,8,34.4,0
2026-04-14 22:00:00,Hostel A,22.62,66.69,211,190.73,748.85,55.98,36.37,183,41.4,0
2026-04-14 23:00:00,Auditorium,26.88,45.52,352,68.85,827.91,67.82,82.87,109,98.12,0
2026-04-15 00:00:00,Library,30.02,57.96,231,104.93,580.46,50.61,49.38,38,41.92,0
2026-04-15 01:00:00,Engineering Block,30.11,67.16,102,123.53,698.21,58.78,60.45,172,62.86,0
2026-04-15 02:00:00,Computer Science Block,20.4,30.66,226,94.04,900.64,81.93,34.01,75,32.93,0
2026-04-15 03:00:00,Library,27.49,73.35,134,133.8,676.34,88.04,15.99,22,89.55,0
2026-04-15 04:00:00,Hostel B,22.47,63.54,493,115.78,908.25,81.19,24.81,23,96.33,0
2026-04-15 05:00:00,Laboratory,31.61,67.17,271,131.55,736.19,60.08,74.18,214,82.94,0
2026-04-15 06:00:00,Admin Block,31.14,55.87,487,88.88,886.56,75.28,34.89,147,69.43,0
2026-04-15 07:00:00,Hostel B,24.41,42.77,80,84.44,1017.8,102.34,21.37,79,47.42,0
2026-04-15 08:00:00,Hostel B,24.94,65.34,375,213.53893344655344,1461.3338380117013,205.52291660695425,67.78,144,42.52,1
2026-04-15 09:00:00,Laboratory,26.15,59.17,409,145.52,954.59,97.37,53.02,39,66.09,0
2026-04-15 10:00:00,Admin Block,18.99,60.32,272,184.52,1181.41,88.48,12.09,40,50.34,0
2026-04-15 11:00:00,Hostel B,29.34,70.88,98,56.05,386.08,72.48,99.17,249,76.93,0
2026-04-15 12:00:00,Library,26.91,67.62,215,113.1,842.49,63.25,44.4,246,48.56,0
2026-04-15 13:00:00,Library,31.88,79.21,281,135.5,1044.45,78.07,68.97,144,41.92,0
2026-04-15 14:00:00,Library,23.61,61.54,341,132.78,337.21,84.29,98.52,148,70.71,0
2026-04-15 15:00:00,Admin Block,25.52,53.09,439,77.27,1282.04,105.28,67.11,224,83.26,0
2026-04-15 16:00:00,Hostel B,21.97,58.12,418,94.56,774.79,64.7,38.05,176,35.16,0
2026-04-15 17:00:00,Auditorium,23.98,64.16,351,119.52,680.84,54.72,53.95,235,73.34,0
2026-04-15 18:00:00,Admin Block,23.27,70.16,315,213.92,1041.9,31.1,19.25,48,87.08,0
2026-04-15 19:00:00,Library,31.98,45.33,255,153.01,656.54,106.96,25.23,168,30.44,0
2026-04-15 20:00:00,Laboratory,25.21,60.09,188,132.27,1187.46,76.94,38.05,191,45.68,0
2026-04-15 21:00:00,Hostel B,28.5,76.1,26,25.73,855.11,40.57,17.63,162,50.9,0
2026-04-15 22:00:00,Hostel B,26.48,57.6,41,73.89,1204.56,65.57,20.22,20,30.98,0
2026-04-15 23:00:00,Hostel A,22.92,69.31,91,76.99,1157.97,62.15,85.56,84,77.46,0
2026-04-16 00:00:00,Hostel A,27.33,64.93,125,132.53,880.52,67.1,32.46,117,59.36,0
2026-04-16 01:00:00,Engineering Block,30.4,69.56,158,115.23,679.86,95.53,39.03,88,75.32,0
2026-04-16 02:00:00,Auditorium,23.17,51.9,405,97.77,1284.57,53.42,25.62,13,58.35,0
2026-04-16 03:00:00,Auditorium,31.24,51.95,49,131.71,470.94,100.81,46.38,129,42.18,0
2026-04-16 04:00:00,Computer Science Block,24.6,60.2,343,67.13,765.23,62.89,72.8,50,66.1,0
2026-04-16 05:00:00,Auditorium,26.07,44.68,456,91.48,1066.89,60.22,95.08,137,80.63,0
2026-04-16 06:00:00,Hostel A,30.12,57.3,108,117.69,483.45,50.87,58.49,227,40.83,0
2026-04-16 07:00:00,Admin Block,25.35,62.53,424,185.42,544.69,77.39,37.02,22,54.76,0
2026-04-16 08:00:00,Auditorium,28.15,77.85,172,151.35,804.45,86.83,55.89,176,81.41,0
2026-04-16 09:00:00,Hostel A,26.74,64.03,92,135.09,919.33,69.54,21.49,218,75.95,0
2026-04-16 10:00:00,Engineering Block,28.52,66.25,347,221.68913914128157,693.8158598616727,111.46899166900452,70.94,43,99.97,1
2026-04-16 11:00:00,Hostel B,18.48,71.64,408,119.36,1133.12,73.18,39.56,70,42.14,0
2026-04-16 12:00:00,Auditorium,20.68,50.35,257,162.56,812.02,101.99,95.04,126,54.09,0
2026-04-16 13:00:00,Engineering Block,30.46,58.35,495,183.9,1026.89,74.18,69.27,246,43.87,0
2026-04-16 14:00:00,Hostel B,32.15,84.25,341,111.6,663.35,81.5,52.85,190,47.09,0
2026-04-16 15:00:00,Laboratory,24.36,59.21,360,135.77,754.24,118.67,30.75,71,43.7,0
2026-04-16 16:00:00,Laboratory,27.02,71.16,270,151.99,925.65,147.34,18.27,179,99.24,0
2026-04-16 17:00:00,Hostel B,29.18,69.64,324,134.31,889.31,59.28,26.94,96,75.24,0
2026-04-16 18:00:00,Auditorium,30.77,45.22,27,74.17,1018.47,114.36,61.3,79,35.92,0
2026-04-16 19:00:00,Computer Science Block,19.89,63.1,490,93.93,1030.8,55.67,56.76,78,66.44,0
2026-04-16 20:00:00,Hostel A,24.46,61.47,226,145.92,560.34,97.8,10.85,88,35.8,0
2026-04-16 21:00:00,Admin Block,26.67,63.3,430,100.28,897.49,124.36,76.97,99,57.34,0
2026-04-16 22:00:00,Admin Block,30.81,52.46,277,182.78,808.5,95.24,13.61,185,74.81,0
2026-04-16 23:00:00,Library,37.99,48.83,303,109.23,948.99,79.25,17.02,55,33.32,0
2026-04-17 00:00:00,Hostel B,27.09,55.24,158,73.31,770.07,33.31,74.07,177,33.25,0
2026-04-17 01:00:00,Admin Block,22.37,59.02,65,156.21,863.12,65.52,68.15,180,47.54,0
2026-04-17 02:00:00,Auditorium,29.61,71.85,145,107.4,1336.93,64.36,29.39,248,76.13,0
2026-04-17 03:00:00,Computer Science Block,33.28,78.17,40,184.01957012939522,1152.0745346717358,119.82955179864017,69.65,123,94.72,1
2026-04-17 04:00:00,Hostel B,28.43,73.97,189,150.38,737.59,80.41,11.71,154,49.03,0
2026-04-17 05:00:00,Computer Science Block,24.37,68.6,51,85.33,265.52,86.63,35.03,86,96.95,0
2026-04-17 06:00:00,Auditorium,31.83,49.96,435,122.87,715.48,23.35,78.36,16,68.38,0
2026-04-17 07:00:00,Admin Block,30.65,55.91,474,77.6,573.39,38.67,52.72,211,65.19,0
2026-04-17 08:00:00,Admin Block,23.9,62.1,169,122.66,1336.84,110.14,87.0,187,37.22,0
2026-04-17 09:00:00,Library,29.53,53.68,225,62.64,768.32,71.2,22.93,102,96.88,0
2026-04-17 10:00:00,Admin Block,31.99,65.77,352,90.57,748.88,64.41,87.64,49,85.4,0
2026-04-17 11:00:00,Hostel B,32.73,67.2,40,151.44,1011.95,88.07,53.75,96,30.23,0
2026-04-17 12:00:00,Auditorium,27.73,65.36,425,165.4,582.11,110.07,19.13,195,85.5,0
2026-04-17 13:00:00,Laboratory,26.57,70.25,309,89.03,1042.19,37.3,14.2,196,68.73,0
2026-04-17 14:00:00,Auditorium,32.91,50.95,157,88.65,1033.73,48.42,10.12,176,36.98,0
2026-04-17 15:00:00,Hostel B,23.16,69.33,84,123.58,1242.08,67.28,67.33,19,79.09,0
2026-04-17 16:00:00,Hostel B,29.75,53.04,84,91.71,986.86,112.95,29.99,128,76.63,0
2026-04-17 17:00:00,Library,22.52,50.59,107,152.82,390.08,121.27,23.14,231,77.74,0
2026-04-17 18:00:00,Library,32.26,65.32,342,71.34,1134.75,81.34,64.13,149,91.29,0
2026-04-17 19:00:00,Admin Block,26.97,72.16,498,98.05,1644.38,90.39,46.82,234,83.21,0
2026-04-17 20:00:00,Engineering Block,33.07,64.88,62,183.43,842.81,64.25,50.46,79,93.77,0
2026-04-17 21:00:00,Auditorium,29.97,60.21,390,133.24,850.25,77.7,22.06,65,56.75,0
2026-04-17 22:00:00,Auditorium,23.11,63.1,444,140.45,727.88,80.32,32.79,158,69.35,0
2026-04-17 23:00:00,Engineering Block,33.7,61.36,160,113.34,441.29,50.92,18.91,161,99.01,0
2026-04-18 00:00:00,Library,34.2,48.74,393,68.82,941.75,87.51,40.15,248,71.31,0
2026-04-18 01:00:00,Admin Block,31.53,47.57,23,174.21,712.75,99.16,37.77,93,59.57,0
2026-04-18 02:00:00,Engineering Block,24.95,59.21,298,126.83,933.38,96.01,79.99,8,62.7,0
2026-04-18 03:00:00,Admin Block,26.78,60.8,345,153.22,941.02,56.22,98.81,159,81.71,0
2026-04-18 04:00:00,Admin Block,28.58,60.11,437,110.42,1324.76,64.62,99.93,46,55.56,0
2026-04-18 05:00:00,Admin Block,25.19,66.76,60,119.1,749.51,68.59,44.73,218,33.37,0
2026-04-18 06:00:00,Hostel A,34.77,57.85,421,106.0,539.43,87.37,81.38,156,94.02,0
2026-04-18 07:00:00,Hostel B,28.58,65.63,395,127.2,921.06,85.35,35.12,249,63.73,0
2026-04-18 08:00:00,Admin Block,17.19,58.55,109,103.53,825.49,109.21,22.87,23,66.31,0
2026-04-18 09:00:00,Hostel A,29.36,78.23,275,89.82,1317.84,84.58,67.6,45,55.34,0
2026-04-18 10:00:00,Library,26.61,60.81,436,113.06,1058.09,111.85,52.92,95,94.41,0
2026-04-18 11:00:00,Engineering Block,27.7,83.41,428,138.47,816.91,111.9,63.43,215,42.92,0
2026-04-18 12:00:00,Hostel B,26.53,63.52,327,160.73,1105.29,65.23,42.97,243,57.35,0
2026-04-18 13:00:00,Laboratory,31.23,57.86,164,72.84,1128.79,82.62,37.18,109,56.55,0
2026-04-18 14:00:00,Engineering Block,32.48,51.01,326,151.03,614.69,75.48,93.5,145,65.2,0
2026-04-18 15:00:00,Hostel B,29.13,45.57,406,95.56,962.64,93.68,89.52,227,97.84,0
2026-04-18 16:00:00,Laboratory,26.64,50.09,330,84.73,1404.84,93.55,21.14,70,44.02,0
2026-04-18 17:00:00,Engineering Block,27.83,51.2,489,86.65,478.44,93.23,68.71,95,74.45,0
2026-04-18 18:00:00,Hostel B,28.08,63.95,203,211.14,662.05,78.64,42.21,68,69.05,0
2026-04-18 19:00:00,Engineering Block,24.79,54.74,138,146.05,799.3,83.66,61.08,204,48.37,0
2026-04-18 20:00:00,Engineering Block,30.32,61.87,132,79.7,979.06,125.09,28.65,144,58.94,0
2026-04-18 21:00:00,Laboratory,29.84,72.82,310,100.66,931.57,69.37,75.13,33,59.56,0
2026-04-18 22:00:00,Engineering Block,34.16,59.12,268,72.5,902.05,68.03,37.88,161,46.21,0
2026-04-18 23:00:00,Engineering Block,33.02,80.79,343,73.66,800.27,62.32,71.97,218,63.91,0
2026-04-19 00:00:00,Laboratory,25.26,48.24,462,72.34,928.27,96.25,22.89,34,43.0,0
2026-04-19 01:00:00,Library,31.28,58.49,111,83.52,1203.85,90.44,22.03,77,44.45,0
2026-04-19 02:00:00,Admin Block,24.2,54.61,78,146.8,1277.44,82.08,41.29,201,89.43,0
2026-04-19 03:00:00,Auditorium,30.78,69.37,288,157.3,1121.02,67.5,99.75,130,95.37,0
2026-04-19 04:00:00,Computer Science Block,25.93,37.6,337,212.4752272879968,2507.6379847654457,172.29740009227154,87.49,104,57.28,1
2026-04-19 05:00:00,Hostel A,23.91,45.57,113,105.53,871.83,94.46,65.87,17,30.73,0
2026-04-19 06:00:00,Computer Science Block,29.12,58.93,273,149.35,1504.25,53.86,37.8,115,92.32,0
2026-04-19 07:00:00,Computer Science Block,17.3,75.51,194,191.37278075813063,910.2055231855189,168.43889625543656,24.76,134,85.39,1
2026-04-19 08:00:00,Hostel B,21.0,62.26,479,213.2222588612186,1499.935349877511,95.36923718799156,76.95,37,59.12,1
2026-04-19 09:00:00,Admin Block,27.29,46.48,22,101.86,1039.24,128.03,28.37,8,73.36,0
2026-04-19 10:00:00,Hostel B,28.33,48.03,40,173.58,868.59,76.49,47.03,188,93.99,0
2026-04-19 11:00:00,Admin Block,26.52,76.73,123,180.11,1128.54,112.49,57.63,78,99.13,0
2026-04-19 12:00:00,Laboratory,21.68,53.79,340,145.3,810.85,78.46,18.33,189,62.62,0
2026-04-19 13:00:00,Laboratory,24.73,50.57,421,98.99,1172.66,113.02,80.14,101,62.84,0
2026-04-19 14:00:00,Auditorium,29.56,74.77,288,73.91,881.59,118.43,94.71,6,90.98,0
2026-04-19 15:00:00,Admin Block,30.33,70.11,474,181.09,754.86,92.36,23.2,129,82.21,0
2026-04-19 16:00:00,Engineering Block,27.94,72.74,352,131.44,723.61,57.71,88.08,195,85.73,0
2026-04-19 17:00:00,Library,32.63,50.5,228,285.2455328956063,1637.1092489627645,94.37431484382203,53.62,16,73.33,1
2026-04-19 18:00:00,Auditorium,29.59,44.75,384,279.9275301023005,1330.9782717584117,158.98494262028547,22.22,148,55.54,1
2026-04-19 19:00:00,Auditorium,25.01,61.33,115,120.96,135.97,83.13,64.7,64,43.36,0
2026-04-19 20:00:00,Engineering Block,26.88,63.35,112,110.72,380.71,103.16,93.72,231,96.7,0
2026-04-19 21:00:00,Library,22.39,63.65,64,197.57,727.28,76.86,96.16,188,40.64,0
2026-04-19 22:00:00,Hostel B,27.57,74.78,81,161.35,764.42,91.48,74.78,77,61.33,0
2026-04-19 23:00:00,Library,32.45,42.66,49,178.14,1163.85,80.44,54.42,135,63.45,0
2026-04-20 00:00:00,Hostel B,30.74,68.6,478,175.35,938.47,90.73,26.8,224,92.34,0
2026-04-20 01:00:00,Laboratory,33.61,49.03,289,50.61,884.1,88.71,63.99,184,79.71,0
2026-04-20 02:00:00,Computer Science Block,26.79,68.56,456,149.12,666.25,100.03,65.21,20,46.84,0
2026-04-20 03:00:00,Laboratory,33.38,55.25,29,137.47,1564.66,89.76,20.0,236,44.03,0
2026-04-20 04:00:00,Laboratory,27.23,51.86,475,98.46,854.38,115.64,32.84,215,96.3,0
2026-04-20 05:00:00,Computer Science Block,33.89,53.9,434,222.94,1085.84,129.11,37.66,207,33.05,0
2026-04-20 06:00:00,Library,27.91,45.54,25,125.37,856.54,107.31,87.37,234,92.64,0
2026-04-20 07:00:00,Auditorium,30.83,60.4,486,101.94,997.17,78.43,62.51,178,45.26,0
2026-04-20 08:00:00,Library,33.9,52.27,394,115.2,494.63,101.48,31.95,35,36.3,0
2026-04-20 09:00:00,Hostel B,27.23,67.86,38,141.69,948.06,99.69,37.9,5,49.88,0
2026-04-20 10:00:00,Engineering Block,28.87,66.4,31,135.64,875.14,64.44,23.13,240,68.65,0
2026-04-20 11:00:00,Hostel B,33.16,76.88,392,101.58,879.1,129.01,13.98,187,90.25,0
2026-04-20 12:00:00,Engineering Block,27.47,63.66,211,149.41,1123.9,110.69,55.88,34,77.36,0
2026-04-20 13:00:00,Laboratory,22.72,65.21,122,121.17,453.73,76.47,12.87,217,84.12,0
2026-04-20 14:00:00,Computer Science Block,36.57,74.0,389,111.21,732.57,81.74,99.28,211,93.97,0
2026-04-20 15:00:00,Laboratory,26.12,53.72,269,112.72,333.24,51.58,79.51,20,30.38,0
2026-04-20 16:00:00,Admin Block,28.64,45.12,263,79.21,784.32,81.17,80.01,72,75.58,0
2026-04-20 17:00:00,Library,32.62,62.0,357,86.17,1124.55,92.5,77.91,92,56.98,0
2026-04-20 18:00:00,Engineering Block,25.57,45.77,458,83.14,1097.47,76.06,67.7,172,72.9,0
2026-04-20 19:00:00,Hostel B,23.97,84.54,214,36.59,795.16,52.24,16.3,91,33.7,0
2026-04-20 20:00:00,Computer Science Block,29.01,74.55,284,235.3505939205666,1431.834388261181,139.5594284598942,51.04,21,40.53,1
2026-04-20 21:00:00,Engineering Block,20.83,81.64,153,84.38,758.74,73.43,35.11,103,80.26,0
2026-04-20 22:00:00,Hostel B,26.85,60.62,404,105.55,861.26,60.68,36.84,124,91.7,0
2026-04-20 23:00:00,Library,28.98,65.51,445,109.43,1127.97,89.81,43.36,30,64.83,0
2026-04-21 00:00:00,Laboratory,26.92,55.41,368,85.47,1278.58,52.38,38.86,39,43.57,0
2026-04-21 01:00:00,Library,21.83,68.83,458,200.13605067179182,1952.2943022945408,123.48049514315943,69.6,211,81.57,1
2026-04-21 02:00:00,Hostel A,34.38,47.84,196,122.79,833.35,110.7,10.67,147,33.6,0
2026-04-21 03:00:00,Admin Block,28.41,34.57,374,95.66,1288.23,102.33,42.96,159,81.03,0
2026-04-21 04:00:00,Hostel A,33.72,52.09,118,87.93,996.66,92.31,95.0,76,86.61,0
2026-04-21 05:00:00,Computer Science Block,26.96,45.45,49,98.65,783.29,81.64,33.21,249,34.27,0
2026-04-21 06:00:00,Engineering Block,24.48,74.78,310,153.31,816.25,28.22,65.92,147,58.24,0
2026-04-21 07:00:00,Computer Science Block,29.08,78.16,82,100.13,743.68,72.37,60.44,121,38.57,0
2026-04-21 08:00:00,Laboratory,27.14,45.97,425,125.87,1035.4,80.01,54.03,204,87.43,0
2026-04-21 09:00:00,Hostel B,23.29,72.92,446,102.48,928.94,99.33,21.0,247,87.43,0
2026-04-21 10:00:00,Library,33.88,69.51,47,116.27,904.03,58.41,85.23,8,94.56,0
2026-04-21 11:00:00,Hostel A,25.51,44.3,165,324.9707207795677,1389.48300904349,175.96173857364113,61.05,197,39.26,1
2026-04-21 12:00:00,Auditorium,20.64,56.1,307,88.58,1344.76,95.91,58.48,29,80.39,0
2026-04-21 13:00:00,Hostel A,33.31,54.2,88,197.98,815.72,81.79,95.43,231,92.24,0
2026-04-21 14:00:00,Laboratory,25.98,67.48,457,132.5,1138.52,102.31,17.45,140,60.83,0
2026-04-21 15:00:00,Hostel A,25.57,47.71,271,127.14,599.69,49.32,54.24,181,52.98,0
2026-04-21 16:00:00,Laboratory,20.94,59.01,181,83.29,984.39,57.42,73.54,149,80.01,0
2026-04-21 17:00:00,Auditorium,34.96,53.14,434,142.76,693.97,82.67,81.74,32,58.46,0
2026-04-21 18:00:00,Computer Science Block,22.84,64.73,129,178.23,986.38,61.8,10.08,202,61.18,0
2026-04-21 19:00:00,Library,28.23,57.83,372,93.56,649.25,77.57,71.4,128,80.54,0
2026-04-21 20:00:00,Engineering Block,31.65,54.65,151,84.86,555.62,108.63,96.01,111,61.68,0
2026-04-21 21:00:00,Hostel B,29.69,57.87,417,121.65,610.67,20.0,75.72,10,87.7,0
2026-04-21 22:00:00,Engineering Block,27.76,80.36,290,84.64,456.42,138.74,47.71,59,79.36,0
2026-04-21 23:00:00,Computer Science Block,21.19,55.83,207,104.21,669.69,96.21,88.84,133,96.28,0
2026-04-22 00:00:00,Hostel B,24.76,49.59,39,149.28,1051.86,82.2,89.08,71,67.73,0
2026-04-22 01:00:00,Hostel A,28.75,65.83,295,181.91,660.61,70.73,71.94,184,76.09,0
2026-04-22 02:00:00,Auditorium,24.85,58.56,196,150.82,688.87,90.49,69.95,205,34.15,0
2026-04-22 03:00:00,Auditorium,28.81,45.85,118,89.89,932.29,69.95,40.99,211,84.1,0
2026-04-22 04:00:00,Admin Block,30.73,82.31,266,110.33,373.12,83.73,31.83,44,73.55,0
2026-04-22 05:00:00,Computer Science Block,31.85,56.48,343,107.78,1019.82,80.99,66.68,88,63.66,0
2026-04-22 06:00:00,Computer Science Block,23.1,56.22,37,123.5,832.93,68.86,10.71,148,98.04,0
2026-04-22 07:00:00,Library,36.79,61.6,427,150.94,957.25,86.21,85.87,78,57.68,0
2026-04-22 08:00:00,Engineering Block,31.07,77.3,430,91.97,824.68,65.57,91.24,82,39.48,0
2026-04-22 09:00:00,Computer Science Block,27.99,43.2,308,196.58,780.87,89.32,24.76,123,49.54,0
2026-04-22 10:00:00,Computer Science Block,32.36,62.76,144,83.58,1078.1,96.51,61.53,148,93.75,0
2026-04-22 11:00:00,Hostel A,37.46,80.87,339,90.93,843.13,128.81,26.04,19,44.67,0
2026-04-22 12:00:00,Hostel A,22.25,61.29,172,91.99,1003.0,83.73,54.51,173,97.6,0
2026-04-22 13:00:00,Hostel B,27.1,47.65,88,206.11,1100.49,137.32,67.46,94,77.56,0
2026-04-22 14:00:00,Laboratory,18.49,53.82,165,177.19,551.81,94.13,45.15,14,44.13,0
2026-04-22 15:00:00,Laboratory,28.77,62.07,64,91.47,675.93,85.7,90.53,236,34.65,0
2026-04-22 16:00:00,Admin Block,29.46,73.31,385,103.87,642.54,58.43,90.21,64,63.09,0
2026-04-22 17:00:00,Laboratory,27.84,56.61,39,116.66,763.38,74.65,57.77,144,65.19,0
2026-04-22 18:00:00,Library,25.38,68.27,310,103.14,891.4,106.87,62.24,41,54.42,0
2026-04-22 19:00:00,Admin Block,19.8,45.65,266,151.53,627.52,52.02,10.24,18,33.17,0
2026-04-22 20:00:00,Hostel B,29.49,45.56,409,137.16,648.0,61.48,40.41,157,94.73,0
2026-04-22 21:00:00,Hostel A,33.82,55.17,366,127.09,761.75,79.45,78.47,226,71.9,0
2026-04-22 22:00:00,Laboratory,25.64,74.38,495,148.7,1076.34,78.17,99.47,185,63.91,0
2026-04-22 23:00:00,Engineering Block,29.76,60.69,222,135.36,720.12,108.07,95.08,162,54.97,0
2026-04-23 00:00:00,Hostel A,21.73,62.9,28,143.55,873.62,110.48,18.51,191,77.38,0
2026-04-23 01:00:00,Auditorium,29.83,62.78,199,126.06,775.37,50.73,47.55,195,66.97,0
2026-04-23 02:00:00,Library,26.43,71.09,175,180.26,822.24,100.32,14.92,103,89.35,0
2026-04-23 03:00:00,Hostel A,24.95,53.9,38,124.61,683.68,67.72,85.37,211,68.97,0
2026-04-23 04:00:00,Library,24.96,66.88,122,114.8,240.12,87.61,75.71,227,66.53,0
2026-04-23 05:00:00,Library,26.43,51.69,265,147.92,689.33,77.74,92.96,106,43.89,0
2026-04-23 06:00:00,Library,29.53,79.83,104,139.88,906.25,99.99,55.15,128,35.16,0
2026-04-23 07:00:00,Hostel B,22.75,52.0,338,119.28,866.32,29.33,19.29,247,44.78,0
2026-04-23 08:00:00,Library,26.41,51.18,370,62.66,1023.88,71.4,62.56,150,41.29,0
2026-04-23 09:00:00,Library,27.83,65.5,253,169.34,481.4,117.55,88.04,130,80.66,0
2026-04-23 10:00:00,Auditorium,23.6,60.8,154,163.48,942.99,77.98,14.5,75,47.9,0
2026-04-23 11:00:00,Engineering Block,35.19,63.27,56,90.24,712.23,21.58,83.34,199,77.3,0
2026-04-23 12:00:00,Admin Block,24.59,62.27,364,134.55,658.01,62.47,66.12,9,70.71,0
2026-04-23 13:00:00,Computer Science Block,25.32,49.1,111,101.71,980.56,106.09,21.9,93,47.55,0
2026-04-23 14:00:00,Auditorium,24.09,76.13,311,138.49,1047.96,52.52,69.32,20,72.85,0
2026-04-23 15:00:00,Admin Block,35.19,68.94,36,159.04,1136.76,66.81,15.59,211,78.7,0
2026-04-23 16:00:00,Library,30.21,73.59,109,115.44,988.38,94.87,25.7,88,31.29,0
2026-04-23 17:00:00,Engineering Block,24.25,54.72,367,144.91,823.97,87.51,15.25,45,69.09,0
2026-04-23 18:00:00,Hostel A,32.42,64.17,184,70.68,482.48,46.79,62.59,192,84.05,0
2026-04-23 19:00:00,Engineering Block,28.8,61.97,484,89.89,1160.4,36.12,35.9,90,37.98,0
2026-04-23 20:00:00,Auditorium,29.03,71.28,463,151.53,906.85,63.04,35.96,167,57.44,0
2026-04-23 21:00:00,Library,26.62,71.6,272,97.64,619.06,85.97,68.18,31,50.7,0
2026-04-23 22:00:00,Engineering Block,25.0,61.93,324,91.06,903.49,87.23,19.9,16,74.67,0
2026-04-23 23:00:00,Laboratory,29.35,44.82,100,94.62,484.05,111.42,66.99,165,83.32,0
2026-04-24 00:00:00,Engineering Block,25.82,77.8,203,145.16014509176338,2403.414905216429,54.001528587529414,72.81,156,97.52,1
2026-04-24 01:00:00,Library,35.27,65.56,309,318.45836063356785,1599.9181604997846,180.25769214142178,87.17,158,64.84,1
2026-04-24 02:00:00,Hostel B,22.92,53.92,268,157.75,574.33,67.02,70.43,120,80.29,0
2026-04-24 03:00:00,Laboratory,34.14,64.07,234,93.38,1172.41,76.07,68.81,234,66.67,0
2026-04-24 04:00:00,Engineering Block,27.55,44.89,177,125.13969234648175,899.6314130317907,169.64259059701791,69.09,102,55.1,1
2026-04-24 05:00:00,Computer Science Block,29.2,70.55,430,116.72,843.38,115.79,13.7,145,44.32,0
2026-04-24 06:00:00,Computer Science Block,31.33,45.29,198,79.05,883.35,79.18,49.76,224,92.15,0
2026-04-24 07:00:00,Engineering Block,25.48,57.79,412,144.7,523.34,82.68,59.61,24,70.9,0
2026-04-24 08:00:00,Hostel B,31.46,62.44,39,120.36,749.21,94.88,69.86,204,74.84,0
2026-04-24 09:00:00,Hostel A,17.17,70.39,490,107.3,377.46,85.9,36.21,182,73.19,0
2026-04-24 10:00:00,Library,25.12,61.07,450,155.75,742.03,98.32,71.01,122,46.61,0
2026-04-24 11:00:00,Computer Science Block,24.3,66.35,166,86.98,383.01,133.39,45.63,212,52.6,0
2026-04-24 12:00:00,Hostel A,22.99,59.72,87,105.07,1072.76,154.88,74.38,166,89.13,0
2026-04-24 13:00:00,Engineering Block,27.14,59.68,96,78.11,692.9,79.03,26.65,124,61.44,0
2026-04-24 14:00:00,Auditorium,29.54,60.85,121,71.73,547.98,127.42,37.42,100,31.02,0
2026-04-24 15:00:00,Hostel A,30.81,58.11,159,88.27,901.59,70.25,95.46,244,60.56,0
2026-04-24 16:00:00,Laboratory,28.96,43.13,400,91.66,410.97,61.43,78.21,34,46.29,0
2026-04-24 17:00:00,Admin Block,25.34,52.32,92,155.59866381286608,1439.424223649069,46.580956756730814,90.88,231,90.35,1
2026-04-24 18:00:00,Computer Science Block,29.48,62.45,226,116.8,1031.39,84.9,28.02,148,65.85,0
2026-04-24 19:00:00,Engineering Block,28.5,57.51,232,116.52,498.98,74.34,94.86,180,99.59,0
2026-04-24 20:00:00,Auditorium,31.74,58.44,98,65.69,779.62,81.79,76.98,141,32.28,0
2026-04-24 21:00:00,Library,31.11,56.77,132,147.9,640.87,83.07,63.15,186,68.64,0
2026-04-24 22:00:00,Auditorium,28.12,51.36,272,66.94,328.51,82.93,11.15,163,33.68,0
2026-04-24 23:00:00,Hostel B,24.41,55.07,152,59.53,558.75,85.17,14.67,151,49.89,0
2026-04-25 00:00:00,Laboratory,25.39,56.93,216,156.26,673.77,28.01,79.52,239,46.09,0
2026-04-25 01:00:00,Engineering Block,25.8,60.05,44,81.4,909.19,51.32,70.21,166,49.75,0
2026-04-25 02:00:00,Library,26.74,63.93,491,132.5,1193.56,84.31,29.23,66,98.65,0
2026-04-25 03:00:00,Hostel B,29.07,58.19,120,99.57,844.19,42.43,49.72,212,49.49,0
2026-04-25 04:00:00,Hostel B,30.86,49.7,264,84.82,876.53,94.08,69.04,92,41.51,0
2026-04-25 05:00:00,Engineering Block,27.8,46.02,50,78.5,1038.26,68.12,11.37,148,96.59,0
2026-04-25 06:00:00,Laboratory,28.06,85.97,449,133.31,955.63,72.44,70.94,83,73.77,0
2026-04-25 07:00:00,Hostel A,28.57,48.7,309,87.33,682.09,86.71,46.14,35,50.06,0
2026-04-25 08:00:00,Hostel A,25.94,54.81,275,158.33,705.02,101.26,18.54,184,76.14,0
2026-04-25 09:00:00,Hostel B,24.3,65.17,444,103.43858088483024,1644.3924625511004,142.755426029772,24.72,60,85.21,1
2026-04-25 10:00:00,Hostel A,20.98,63.61,225,169.53,973.28,74.98,48.4,203,31.18,0
2026-04-25 11:00:00,Admin Block,25.22,65.21,494,47.22,900.83,91.44,66.37,48,46.45,0
2026-04-25 12:00:00,Hostel B,29.89,55.57,87,129.98,693.42,63.39,40.99,147,69.96,0
2026-04-25 13:00:00,Hostel B,25.19,62.39,234,78.86,1255.84,42.34,19.91,198,65.76,0
2026-04-25 14:00:00,Library,27.05,60.61,141,64.3,649.29,40.9,84.37,131,59.49,0
2026-04-25 15:00:00,Hostel A,29.87,56.88,441,116.5,822.68,74.86,55.02,235,32.16,0
2026-04-25 16:00:00,Laboratory,30.08,62.45,65,143.66,1201.61,86.18,35.46,120,96.58,0
2026-04-25 17:00:00,Hostel B,23.68,70.55,88,113.15,880.34,63.66,71.5,218,80.06,0
2026-04-25 18:00:00,Auditorium,31.99,59.78,46,118.46,834.63,57.49,40.26,28,99.67,0
2026-04-25 19:00:00,Laboratory,32.51,59.84,190,127.13,923.05,64.19,42.55,221,91.23,0
2026-04-25 20:00:00,Admin Block,23.48,70.68,264,141.6,689.22,64.53,34.98,65,70.16,0
2026-04-25 21:00:00,Library,24.7,69.61,481,177.6,826.66,57.53,42.49,144,54.66,0
2026-04-25 22:00:00,Engineering Block,32.76,75.84,474,93.94,1034.61,86.45,33.61,120,41.48,0
2026-04-25 23:00:00,Laboratory,27.41,42.44,320,136.74,1084.42,81.51,98.42,119,44.79,0
2026-04-26 00:00:00,Hostel B,19.12,69.05,293,227.81090279952969,1993.7810014116296,210.3445029670103,33.18,146,90.76,1
2026-04-26 01:00:00,Admin Block,22.4,66.02,307,184.9144635267978,1237.1376393052994,105.38420028588558,68.24,38,90.28,1
2026-04-26 02:00:00,Computer Science Block,27.0,51.14,268,143.87,1179.45,68.62,27.29,242,90.24,0
2026-04-26 03:00:00,Admin Block,23.35,62.52,21,126.33,1000.67,103.5,60.11,24,90.25,0
2026-04-26 04:00:00,Admin Block,26.35,70.51,444,93.89,1120.41,73.38,55.8,67,43.05,0
2026-04-26 05:00:00,Library,28.13,51.71,39,123.66,516.76,48.09,59.83,82,89.76,0
2026-04-26 06:00:00,Engineering Block,33.85,64.43,496,132.35,662.0,100.14,42.08,86,38.77,0
2026-04-26 07:00:00,Computer Science Block,26.84,68.71,461,142.08,907.67,70.03,88.37,39,59.01,0
2026-04-26 08:00:00,Hostel A,32.29,49.29,493,159.95,1026.46,112.49,36.81,67,99.49,0
2026-04-26 09:00:00,Hostel A,33.72,58.58,313,182.74,742.69,103.32,88.42,85,78.85,0
2026-04-26 10:00:00,Laboratory,33.74,63.01,276,120.09,757.02,135.84,46.57,180,75.27,0
2026-04-26 11:00:00,Admin Block,29.14,52.04,472,81.39,584.52,65.98,68.7,177,45.89,0
2026-04-26 12:00:00,Auditorium,20.15,51.21,457,131.08,724.76,79.7,10.91,219,81.57,0
2026-04-26 13:00:00,Library,29.84,58.65,268,73.17,754.37,60.4,49.69,218,68.33,0
2026-04-26 14:00:00,Auditorium,32.19,68.02,417,186.58,755.89,69.89,68.47,181,63.7,0
2026-04-26 15:00:00,Library,27.68,66.44,172,100.49,624.96,76.21,36.78,35,46.38,0
2026-04-26 16:00:00,Hostel A,34.98,51.39,156,154.48,1330.34,27.28,38.93,33,38.73,0
2026-04-26 17:00:00,Laboratory,31.44,66.52,241,131.04,1105.18,96.89,45.73,29,46.01,0
2026-04-26 18:00:00,Laboratory,30.27,51.64,230,128.55,1016.33,89.38,34.22,228,65.36,0
2026-04-26 19:00:00,Laboratory,32.35,43.9,208,64.66,1136.55,144.47,64.28,227,97.52,0
2026-04-26 20:00:00,Computer Science Block,29.33,56.33,455,92.41,994.65,87.81,14.42,10,47.68,0
2026-04-26 21:00:00,Engineering Block,18.03,71.23,251,106.2,1408.73,36.3,84.8,41,77.43,0
2026-04-26 22:00:00,Computer Science Block,26.0,66.56,155,106.91,648.73,97.45,96.4,149,42.28,0
2026-04-26 23:00:00,Hostel B,32.79,59.98,35,263.31462374323513,433.9921189372401,134.49235293223884,24.91,243,58.53,1
2026-04-27 00:00:00,Hostel B,24.77,55.83,133,96.85,628.67,69.38,30.26,35,49.36,0
2026-04-27 01:00:00,Auditorium,27.11,56.1,283,137.15,381.65,77.13,95.4,62,54.18,0
2026-04-27 02:00:00,Engineering Block,23.82,61.09,298,116.63,542.17,106.39,24.77,153,45.58,0
2026-04-27 03:00:00,Hostel A,35.14,49.32,92,143.01,697.45,88.9,19.57,134,98.12,0
2026-04-27 04:00:00,Engineering Block,34.73,56.52,243,68.02,814.31,137.4,81.39,11,53.24,0
2026-04-27 05:00:00,Library,24.46,57.84,53,147.33,1117.1,67.3,70.99,95,91.06,0
2026-04-27 06:00:00,Hostel B,28.59,46.49,264,177.03,1267.58,90.13,71.19,154,53.6,0
2026-04-27 07:00:00,Admin Block,25.28,51.62,257,114.42,923.86,83.79,30.4,8,65.88,0
2026-04-27 08:00:00,Admin Block,30.46,64.11,37,162.25,545.15,52.26,43.83,223,94.0,0
2026-04-27 09:00:00,Hostel A,30.04,60.1,384,119.03,723.21,60.4,24.34,247,45.3,0
2026-04-27 10:00:00,Library,31.25,56.91,63,105.35,776.6,101.37,24.54,49,62.27,0
2026-04-27 11:00:00,Auditorium,29.33,50.89,162,127.38,743.18,72.53,54.61,228,96.37,0
2026-04-27 12:00:00,Computer Science Block,39.74,75.77,34,174.92,513.56,95.6,70.54,89,89.59,0
2026-04-27 13:00:00,Library,23.89,51.62,112,172.11,1171.02,78.61,38.86,103,67.82,0
2026-04-27 14:00:00,Admin Block,21.16,62.52,402,66.41,464.32,60.75,52.78,205,46.86,0
2026-04-27 15:00:00,Admin Block,26.43,55.12,396,84.0,717.29,62.25,41.35,96,68.22,0
2026-04-27 16:00:00,Auditorium,21.73,60.36,298,116.95,883.94,50.57,92.33,142,88.5,0
2026-04-27 17:00:00,Hostel B,22.03,64.58,234,95.25,892.97,105.2,73.31,118,77.66,0
2026-04-27 18:00:00,Library,23.99,46.3,468,133.38,748.44,72.14,66.26,219,65.63,0
2026-04-27 19:00:00,Library,24.31,59.93,268,115.15,926.61,56.49,75.73,156,47.14,0
2026-04-27 20:00:00,Admin Block,24.18,71.91,489,104.13,583.97,65.46,34.12,61,74.59,0
2026-04-27 21:00:00,Computer Science Block,30.07,77.62,90,189.21,824.9,40.93,93.68,244,50.83,0
2026-04-27 22:00:00,Hostel A,25.98,58.7,128,147.39,525.41,91.47,27.95,136,30.87,0
2026-04-27 23:00:00,Laboratory,27.28,60.42,307,145.02,630.06,90.15,22.43,85,56.58,0
2026-04-28 00:00:00,Hostel A,31.58,82.11,495,91.75,1093.9,99.37,91.54,180,44.13,0
2026-04-28 01:00:00,Library,24.93,71.35,389,118.7,792.29,69.02,33.39,220,92.57,0
2026-04-28 02:00:00,Hostel A,26.94,53.83,179,115.2,803.29,64.52,86.35,62,38.45,0
2026-04-28 03:00:00,Admin Block,29.46,53.81,308,123.28,727.08,83.17,36.79,133,53.74,0
2026-04-28 04:00:00,Admin Block,20.23,69.57,190,104.59,681.66,75.42,36.5,105,45.04,0
2026-04-28 05:00:00,Auditorium,18.46,49.89,32,152.29,855.51,50.6,96.2,198,41.82,0
2026-04-28 06:00:00,Library,29.38,70.88,391,324.04663654627217,2339.5978583504207,207.77673017744047,96.88,44,64.67,1
2026-04-28 07:00:00,Auditorium,29.97,63.34,239,146.79,496.45,68.45,96.56,52,98.68,0
2026-04-28 08:00:00,Library,36.26,65.18,412,116.5,605.03,116.78,22.35,185,56.74,0
2026-04-28 09:00:00,Laboratory,28.63,57.43,465,105.9,613.98,46.22,61.45,10,64.19,0
2026-04-28 10:00:00,Laboratory,31.28,53.7,204,157.89,293.61,105.06,13.28,146,74.55,0
2026-04-28 11:00:00,Hostel B,27.22,74.62,451,131.33,819.65,79.81,71.78,66,78.5,0
2026-04-28 12:00:00,Library,29.19,57.53,446,139.48,795.17,83.34,70.4,40,61.57,0
2026-04-28 13:00:00,Computer Science Block,34.67,55.89,342,130.71,691.75,149.47,99.31,25,35.61,0
2026-04-28 14:00:00,Hostel A,19.5,59.2,228,94.0,1012.48,63.05,89.0,157,88.74,0
2026-04-28 15:00:00,Library,29.65,61.93,307,174.72,736.01,95.07,29.64,58,68.65,0
2026-04-28 16:00:00,Engineering Block,36.54,49.69,348,205.88,807.12,106.93,49.94,204,62.78,0
2026-04-28 17:00:00,Hostel B,29.13,54.35,380,104.88,890.49,102.01,33.16,120,88.89,0
2026-04-28 18:00:00,Engineering Block,34.6,53.82,463,118.62,759.28,78.48,14.3,31,71.88,0
2026-04-28 19:00:00,Admin Block,25.48,68.45,404,220.56895398138266,2736.1117929654124,100.39561837946896,44.42,82,44.87,1
2026-04-28 20:00:00,Laboratory,27.87,51.14,460,96.8,750.29,85.37,19.69,136,59.64,0
2026-04-28 21:00:00,Hostel A,28.13,42.44,388,140.87,1012.58,103.78,78.84,114,78.18,0
2026-04-28 22:00:00,Library,19.13,40.33,125,99.73,831.5,101.01,45.05,12,98.99,0
2026-04-28 23:00:00,Engineering Block,23.33,45.3,231,86.57,843.27,67.28,12.81,223,72.86,0
2026-04-29 00:00:00,Hostel A,23.61,73.62,344,135.62,1067.67,74.51,34.36,215,43.61,0
2026-04-29 01:00:00,Admin Block,31.29,60.16,251,89.39,772.18,79.91,39.95,226,31.21,0
2026-04-29 02:00:00,Laboratory,31.49,65.01,232,98.44,836.53,92.14,50.79,224,51.25,0
2026-04-29 03:00:00,Computer Science Block,29.3,65.36,344,96.33,912.09,92.25,71.31,223,59.95,0
2026-04-29 04:00:00,Hostel B,31.3,60.56,215,136.19,702.33,74.03,80.91,193,73.59,0
2026-04-29 05:00:00,Hostel A,27.34,59.25,268,122.6,973.37,110.38,98.72,130,43.63,0
2026-04-29 06:00:00,Hostel A,32.81,70.45,336,54.59,1227.12,66.19,86.88,41,35.87,0
2026-04-29 07:00:00,Computer Science Block,28.04,61.46,283,130.0,636.33,110.33,51.19,176,45.66,0
2026-04-29 08:00:00,Hostel A,28.23,73.99,236,91.12,689.7,88.89,19.49,135,67.41,0
2026-04-29 09:00:00,Admin Block,26.94,66.21,282,173.82,589.46,106.24,69.76,181,39.12,0
2026-04-29 10:00:00,Admin Block,30.74,53.82,440,47.54,1302.03,112.63,48.01,32,40.74,0
2026-04-29 11:00:00,Computer Science Block,26.32,55.03,189,133.16,1000.89,61.17,46.5,215,92.73,0
2026-04-29 12:00:00,Hostel B,31.91,52.73,435,147.24,528.13,54.85,40.4,106,36.26,0
2026-04-29 13:00:00,Library,23.47,72.18,420,77.76,476.07,121.94,25.2,223,78.93,0
2026-04-29 14:00:00,Engineering Block,23.6,55.95,175,110.25,1007.53,121.54,17.99,122,31.73,0
2026-04-29 15:00:00,Library,30.75,52.02,89,123.34,1432.99,88.87,83.7,219,71.09,0
2026-04-29 16:00:00,Hostel A,27.65,63.2,253,114.74,834.66,80.56,26.65,87,87.74,0
2026-04-29 17:00:00,Engineering Block,26.18,59.03,451,137.05,480.0,43.23,72.99,61,67.41,0
2026-04-29 18:00:00,Auditorium,31.56,62.95,73,125.52,439.91,72.8,75.41,145,47.88,0
2026-04-29 19:00:00,Computer Science Block,25.57,78.9,189,147.52,760.51,68.16,37.66,226,31.42,0
2026-04-29 20:00:00,Computer Science Block,27.2,69.13,55,131.54,499.86,99.44,60.06,173,30.7,0
2026-04-29 21:00:00,Hostel B,33.6,60.27,341,123.82,786.55,90.57,74.02,118,87.49,0
2026-04-29 22:00:00,Engineering Block,34.16,45.92,434,110.33,978.94,123.54,22.1,114,73.95,0
2026-04-29 23:00:00,Admin Block,34.29,55.0,468,128.66,916.31,29.52,25.24,76,61.85,0
2026-04-30 00:00:00,Engineering Block,26.87,67.11,278,181.19,960.22,95.35,74.58,161,65.44,0
2026-04-30 01:00:00,Hostel A,32.92,48.29,270,116.98,912.89,64.52,35.19,175,67.15,0
2026-04-30 02:00:00,Admin Block,24.2,81.41,32,75.43,1031.9,79.07,19.65,54,55.1,0
2026-04-30 03:00:00,Laboratory,24.37,60.14,178,158.35,786.75,105.08,56.82,54,88.13,0
2026-04-30 04:00:00,Laboratory,18.6,60.49,48,192.65,875.2,74.76,82.57,51,99.55,0
2026-04-30 05:00:00,Auditorium,34.69,53.33,76,140.21,1175.4,160.73,37.55,74,65.79,0
2026-04-30 06:00:00,Laboratory,24.54,64.97,180,188.77,1048.22,70.99,33.45,60,64.55,0
2026-04-30 07:00:00,Computer Science Block,27.49,48.42,456,125.0,534.73,69.54,28.7,149,94.87,0
2026-04-30 08:00:00,Engineering Block,24.36,81.65,285,223.21,648.74,35.79,52.9,33,76.37,0
2026-04-30 09:00:00,Laboratory,30.78,73.17,249,68.6,531.18,89.68,61.55,60,74.7,0
2026-04-30 10:00:00,Library,26.5,69.84,338,114.73,799.56,81.78,22.11,236,34.33,0
2026-04-30 11:00:00,Hostel B,22.78,46.1,348,140.97,100.0,43.69,82.13,56,64.27,0
2026-04-30 12:00:00,Library,29.77,62.05,212,93.23,997.55,69.39,57.71,180,72.1,0
2026-04-30 13:00:00,Laboratory,22.27,72.09,127,161.4,613.34,96.79,60.65,122,87.28,0
2026-04-30 14:00:00,Auditorium,24.65,65.93,376,139.14,403.58,50.19,20.58,6,81.34,0
2026-04-30 15:00:00,Hostel B,19.57,49.98,371,112.46,1387.66,60.78,66.09,37,99.33,0
2026-04-30 16:00:00,Hostel A,22.3,53.5,372,135.04,669.8,85.17,71.05,191,35.48,0
2026-04-30 17:00:00,Library,28.71,55.48,277,126.97,418.2,94.46,46.34,241,68.28,0
2026-04-30 18:00:00,Auditorium,20.14,53.97,129,142.74,705.91,113.04,63.93,171,37.77,0
2026-04-30 19:00:00,Engineering Block,22.08,75.29,149,111.85,1243.3,161.37,31.01,59,86.27,0
2026-04-30 20:00:00,Engineering Block,27.99,40.79,142,42.63,100.0,74.84,67.54,247,70.26,0
2026-04-30 21:00:00,Library,25.83,66.56,472,150.24,1098.58,33.76,57.97,39,49.18,0
2026-04-30 22:00:00,Laboratory,35.97,47.08,477,117.72,407.14,37.54,62.45,35,60.82,0
2026-04-30 23:00:00,Auditorium,35.34,50.39,135,92.5,967.14,157.83,32.65,208,95.18,0
2026-05-01 00:00:00,Engineering Block,24.53,39.9,249,106.88,569.95,75.74,81.02,163,84.57,0
2026-05-01 01:00:00,Hostel A,30.23,54.51,312,113.12,857.44,121.67,84.34,30,67.23,0
2026-05-01 02:00:00,Admin Block,31.0,75.11,405,67.95,723.95,99.76,19.43,240,86.07,0
2026-05-01 03:00:00,Laboratory,25.61,62.65,252,88.91,928.2,45.94,88.09,228,32.14,0
2026-05-01 04:00:00,Auditorium,22.02,48.02,336,115.98,993.11,61.42,79.83,53,92.79,0
2026-05-01 05:00:00,Hostel A,27.95,70.17,253,114.04,975.27,137.1,59.79,64,82.64,0
2026-05-01 06:00:00,Auditorium,27.31,72.31,315,87.33,666.99,63.49,14.96,245,85.76,0
2026-05-01 07:00:00,Hostel B,26.26,61.04,210,74.91,917.27,89.72,57.09,54,67.55,0
2026-05-01 08:00:00,Hostel A,29.77,80.35,44,90.14,1081.59,80.43,52.17,126,78.65,0
2026-05-01 09:00:00,Laboratory,25.0,68.22,398,130.39,790.4,22.99,30.11,192,74.93,0
2026-05-01 10:00:00,Hostel B,23.39,66.83,185,97.38,891.76,133.71,85.02,135,86.92,0
2026-05-01 11:00:00,Laboratory,28.44,51.97,312,150.52,566.63,45.71,38.85,152,79.32,0
2026-05-01 12:00:00,Engineering Block,29.54,66.27,229,160.67,921.17,80.22,62.22,188,65.19,0
2026-05-01 13:00:00,Admin Block,23.29,62.17,46,181.03,689.49,56.15,50.55,121,35.95,0
2026-05-01 14:00:00,Laboratory,31.71,65.2,359,141.86,797.76,105.31,89.06,179,99.58,0
2026-05-01 15:00:00,Laboratory,20.92,53.15,197,325.770314147233,1212.3755302894076,117.52637117625954,55.09,6,54.65,1
2026-05-01 16:00:00,Engineering Block,25.69,61.28,437,168.21,899.21,116.83,35.02,235,83.23,0
2026-05-01 17:00:00,Computer Science Block,26.97,51.83,63,77.36,746.12,135.34,74.99,67,72.78,0
2026-05-01 18:00:00,Engineering Block,25.46,38.53,91,141.92,1264.01,107.5,79.07,113,98.44,0
2026-05-01 19:00:00,Hostel B,25.74,69.98,407,153.22,608.21,93.05,94.12,209,97.47,0
2026-05-01 20:00:00,Engineering Block,35.48,44.98,241,119.64,451.24,64.46,77.16,225,60.42,0
2026-05-01 21:00:00,Engineering Block,24.6,61.07,455,148.79,532.41,68.69,14.46,195,89.65,0
2026-05-01 22:00:00,Admin Block,37.76,63.33,330,202.55349135987743,888.9000907226515,195.842664556806,84.62,55,38.43,1
2026-05-01 23:00:00,Engineering Block,29.75,63.27,247,121.38,850.77,80.59,53.41,74,44.8,0
2026-05-02 00:00:00,Auditorium,28.37,57.17,348,132.83,1299.59,119.2,23.16,46,70.13,0
2026-05-02 01:00:00,Laboratory,29.9,62.71,252,131.79,944.7,119.55,98.06,12,44.84,0
2026-05-02 02:00:00,Auditorium,38.12,64.71,287,71.36,783.16,88.87,68.5,30,38.32,0
2026-05-02 03:00:00,Admin Block,24.03,67.35,417,102.02,673.53,59.9,90.31,186,44.2,0
2026-05-02 04:00:00,Library,23.52,77.33,273,286.7522023467037,2336.4900007550063,140.54118045269047,25.99,78,53.27,1
2026-05-02 05:00:00,Computer Science Block,24.98,62.34,182,133.72,573.6,103.92,79.88,170,98.78,0
2026-05-02 06:00:00,Auditorium,28.13,60.64,25,343.45077297176584,990.0553339047999,76.45137852510399,63.69,188,36.15,1
2026-05-02 07:00:00,Admin Block,21.1,50.93,66,120.85,626.45,105.72,44.77,112,35.98,0
2026-05-02 08:00:00,Hostel B,28.09,64.36,426,158.78,713.21,59.97,29.23,69,33.07,0
2026-05-02 09:00:00,Library,34.77,66.67,390,109.76,993.47,65.3,40.67,70,46.75,0
2026-05-02 10:00:00,Admin Block,28.61,58.08,87,149.99,1048.69,61.58,58.07,175,37.82,0
2026-05-02 11:00:00,Admin Block,26.83,65.45,273,114.75,978.78,49.72,75.97,196,33.09,0
2026-05-02 12:00:00,Computer Science Block,25.53,57.07,468,87.9,289.66,116.07,49.24,39,61.16,0
2026-05-02 13:00:00,Laboratory,31.59,66.71,78,211.65,849.49,88.58,45.33,197,86.32,0
2026-05-02 14:00:00,Auditorium,24.7,69.13,412,137.47,859.05,59.28,10.77,200,36.97,0
2026-05-02 15:00:00,Hostel B,35.39,68.99,138,55.57,948.3,66.86,95.44,135,37.41,0
2026-05-02 16:00:00,Hostel A,35.73,61.18,205,151.62,467.58,115.92,79.36,92,86.8,0
2026-05-02 17:00:00,Auditorium,29.03,49.6,67,213.89135983015183,1458.2104554611537,103.3448591254191,99.63,59,52.93,1
2026-05-02 18:00:00,Hostel A,27.95,53.88,210,150.35,734.55,99.07,92.83,85,65.02,0
2026-05-02 19:00:00,Admin Block,32.12,65.95,284,138.97,1070.9,74.89,87.67,159,84.66,0
2026-05-02 20:00:00,Engineering Block,32.38,84.49,191,93.27,853.97,100.43,15.23,157,58.62,0
2026-05-02 21:00:00,Hostel B,24.78,56.59,65,152.2,674.38,60.06,65.41,63,31.39,0
2026-05-02 22:00:00,Library,25.89,64.56,162,151.38537332828747,788.4791156145079,78.72186758593323,30.28,216,59.13,1
2026-05-02 23:00:00,Engineering Block,22.71,54.44,265,91.74,506.56,78.01,89.34,43,92.05,0
2026-05-03 00:00:00,Engineering Block,29.64,50.26,235,108.28,989.17,97.84,83.78,112,38.57,0
2026-05-03 01:00:00,Auditorium,30.67,53.24,456,83.67,290.78,69.1,25.34,186,77.33,0
2026-05-03 02:00:00,Hostel B,22.6,39.18,195,137.54,355.74,74.91,80.78,55,64.81,0
2026-05-03 03:00:00,Laboratory,26.18,73.53,347,193.0,1037.45,84.17,98.82,34,67.24,0
2026-05-03 04:00:00,Admin Block,22.61,37.7,495,81.36,1006.22,66.26,42.18,202,88.1,0
2026-05-03 05:00:00,Admin Block,24.4,57.36,403,168.12,505.59,62.91,42.87,203,85.01,0
2026-05-03 06:00:00,Admin Block,30.2,48.22,445,170.56005765596126,1513.5768755674117,157.29126699616143,12.26,31,98.95,1
2026-05-03 07:00:00,Admin Block,25.07,51.16,385,99.22,1208.26,112.84,75.43,137,41.77,0
2026-05-03 08:00:00,Auditorium,26.8,73.77,164,80.05,856.21,62.23,84.42,158,47.76,0
2026-05-03 09:00:00,Hostel A,21.49,62.01,54,132.0,934.56,73.1,14.2,168,82.27,0
2026-05-03 10:00:00,Admin Block,28.75,50.35,434,73.67,1218.1,91.3,95.08,143,88.74,0
2026-05-03 11:00:00,Hostel A,27.82,54.1,151,103.41,1301.41,85.44,16.61,110,87.54,0
2026-05-03 12:00:00,Hostel A,25.08,52.35,323,158.81,850.54,115.08,61.2,188,61.96,0
2026-05-03 13:00:00,Laboratory,27.24,59.56,417,174.73,1203.62,79.51,93.46,155,37.56,0
2026-05-03 14:00:00,Admin Block,28.72,61.73,172,86.74,1066.37,45.98,93.55,135,55.68,0
2026-05-03 15:00:00,Computer Science Block,24.74,78.96,321,109.35,726.27,50.54,21.99,246,49.63,0
2026-05-03 16:00:00,Library,22.09,40.84,67,115.03,941.01,111.98,97.42,211,65.76,0
2026-05-03 17:00:00,Engineering Block,35.22,59.65,187,68.5,396.72,49.62,34.34,190,41.51,0
2026-05-03 18:00:00,Hostel A,25.47,56.84,197,99.91,989.87,76.3,40.75,48,74.74,0
2026-05-03 19:00:00,Hostel B,27.61,69.47,282,97.79,711.66,52.94,70.76,249,97.58,0
2026-05-03 20:00:00,Hostel B,32.04,63.55,114,137.1,643.24,80.76,20.09,93,81.48,0
2026-05-03 21:00:00,Library,42.12,65.9,335,128.59,1101.03,86.88,58.09,84,98.89,0
2026-05-03 22:00:00,Hostel B,23.02,63.45,310,187.04841081001052,1166.979505063646,175.86962239716433,83.44,100,79.81,1
2026-05-03 23:00:00,Computer Science Block,29.8,50.68,249,112.61,937.03,77.27,54.66,30,81.91,0
2026-05-04 00:00:00,Hostel B,25.17,72.11,210,165.9,1077.02,45.81,15.5,73,67.23,0
2026-05-04 01:00:00,Engineering Block,25.84,67.99,423,119.24,729.61,65.99,82.45,14,96.36,0
2026-05-04 02:00:00,Engineering Block,25.12,69.16,163,154.77,888.12,64.77,31.63,79,55.17,0
2026-05-04 03:00:00,Hostel A,23.5,72.64,425,140.64,653.61,104.85,82.51,101,83.49,0
2026-05-04 04:00:00,Admin Block,27.83,64.18,183,125.35,612.36,65.33,94.43,224,30.11,0
2026-05-04 05:00:00,Laboratory,22.1,74.81,38,151.13,787.3,32.54,77.93,61,86.64,0
2026-05-04 06:00:00,Computer Science Block,31.79,63.78,405,109.22,1635.76,101.42,12.98,84,50.6,0
2026-05-04 07:00:00,Hostel A,28.22,57.81,87,88.69,1295.39,92.1,69.36,176,35.88,0
2026-05-04 08:00:00,Computer Science Block,29.69,59.93,117,118.97,712.74,64.3,34.49,6,80.65,0
2026-05-04 09:00:00,Admin Block,26.14,59.76,26,172.59,812.37,48.73,27.91,161,66.55,0
2026-05-04 10:00:00,Auditorium,26.53,54.81,322,127.49,742.5,68.54,78.47,112,50.05,0
2026-05-04 11:00:00,Hostel B,29.15,76.32,196,102.34,519.27,79.91,36.06,134,82.79,0
2026-05-04 12:00:00,Hostel B,23.34,62.96,225,91.61,659.28,94.87,22.92,90,59.8,0
2026-05-04 13:00:00,Laboratory,26.57,60.95,318,66.74,724.84,124.42,25.38,79,75.51,0
2026-05-04 14:00:00,Admin Block,24.56,63.88,307,91.3,227.0,87.81,70.95,167,99.86,0
2026-05-04 15:00:00,Hostel A,24.44,89.8,420,130.51,770.7,96.84,51.17,100,30.28,0
2026-05-04 16:00:00,Laboratory,19.56,48.68,248,111.69,1025.93,40.29,28.78,233,89.36,0
2026-05-04 17:00:00,Admin Block,33.36,51.55,403,285.96141411920473,1921.831042111647,101.93293155289297,17.17,115,69.11,1
2026-05-04 18:00:00,Library,25.25,46.19,138,88.08,979.5,107.66,94.35,196,56.06,0
2026-05-04 19:00:00,Engineering Block,32.65,57.67,289,155.93,622.1,47.25,99.78,137,96.59,0
2026-05-04 20:00:00,Laboratory,32.28,62.46,100,146.34,599.32,60.98,45.48,223,95.73,0
2026-05-04 21:00:00,Laboratory,22.86,55.35,179,100.32,827.55,89.54,32.38,55,34.24,0
2026-05-04 22:00:00,Hostel A,23.65,54.6,207,70.59,858.3,89.39,13.76,208,78.73,0
2026-05-04 23:00:00,Computer Science Block,38.24,61.42,207,128.76,818.38,57.08,37.65,140,72.21,0
2026-05-05 00:00:00,Library,35.0,54.98,327,51.18,1139.27,118.85,62.45,129,77.44,0
2026-05-05 01:00:00,Hostel A,27.87,63.1,213,73.97,957.1,51.62,57.2,135,96.39,0
2026-05-05 02:00:00,Admin Block,29.03,71.14,279,105.87,968.92,87.49,47.02,228,99.33,0
2026-05-05 03:00:00,Admin Block,25.48,66.77,497,89.15,932.67,123.96,42.59,26,47.17,0
2026-05-05 04:00:00,Admin Block,29.73,68.81,497,165.32,677.59,88.59,98.04,67,50.56,0
2026-05-05 05:00:00,Auditorium,25.13,70.86,210,108.47,437.82,39.12,55.02,32,81.44,0
2026-05-05 06:00:00,Admin Block,19.87,62.83,308,137.06,816.79,103.41,10.8,222,79.16,0
2026-05-05 07:00:00,Computer Science Block,22.71,58.41,125,43.79,685.88,75.31,72.93,49,40.2,0
2026-05-05 08:00:00,Library,28.08,52.28,148,57.54,1009.59,97.52,62.49,153,96.38,0
2026-05-05 09:00:00,Hostel B,23.48,56.09,116,96.34,703.52,115.38,24.24,207,86.42,0
2026-05-05 10:00:00,Engineering Block,27.73,54.76,83,127.47,1139.91,39.86,73.75,31,53.2,0
2026-05-05 11:00:00,Computer Science Block,23.7,67.32,147,75.54,1010.83,91.04,11.79,111,70.63,0
2026-05-05 12:00:00,Computer Science Block,24.87,63.47,242,132.7,1266.32,110.88,75.29,11,80.67,0
2026-05-05 13:00:00,Auditorium,31.41,66.97,312,167.19,1243.14,88.89,23.45,234,91.77,0
2026-05-05 14:00:00,Hostel B,28.99,48.4,481,92.4,1033.77,117.76,98.61,111,99.25,0
2026-05-05 15:00:00,Hostel B,27.96,74.32,401,119.6,563.48,85.26,56.03,77,79.48,0
2026-05-05 16:00:00,Engineering Block,31.52,55.73,345,110.4,739.31,122.31,10.96,51,70.97,0
2026-05-05 17:00:00,Engineering Block,29.92,49.0,410,105.16,674.19,39.1,85.43,52,96.97,0
2026-05-05 18:00:00,Hostel B,33.79,55.61,123,131.14,877.6,102.59,84.23,127,66.11,0
2026-05-05 19:00:00,Admin Block,26.16,84.84,171,120.31,962.79,20.0,78.7,102,45.96,0
2026-05-05 20:00:00,Computer Science Block,26.28,56.12,133,113.61,771.32,88.6,58.41,127,36.61,0
2026-05-05 21:00:00,Hostel A,22.8,56.75,471,124.95,999.2,51.01,29.66,47,41.1,0
2026-05-05 22:00:00,Engineering Block,26.28,58.08,74,150.2,685.35,100.46,67.6,30,71.44,0
2026-05-05 23:00:00,Auditorium,31.86,58.51,140,141.13,275.62,69.88,86.32,74,77.06,0
2026-05-06 00:00:00,Auditorium,33.2,52.19,236,58.58,904.72,82.52,54.37,80,84.18,0
2026-05-06 01:00:00,Engineering Block,31.84,61.43,142,88.99,780.46,64.44,16.04,126,51.19,0
2026-05-06 02:00:00,Hostel B,20.82,70.76,22,140.45,881.35,125.52,97.77,169,55.93,0
2026-05-06 03:00:00,Library,32.33,63.14,111,210.36,1045.14,74.89,70.91,125,85.77,0
2026-05-06 04:00:00,Hostel A,20.65,48.89,426,97.08,792.21,58.49,98.37,54,40.2,0
2026-05-06 05:00:00,Hostel A,31.59,56.56,183,119.54702772014436,989.876310873005,67.51640891032062,26.83,48,90.26,1
2026-05-06 06:00:00,Engineering Block,26.53,54.48,460,199.74,702.14,57.51,28.31,236,49.78,0
2026-05-06 07:00:00,Admin Block,30.81,60.53,138,164.34,1204.0,54.45,19.04,131,62.2,0
2026-05-06 08:00:00,Library,22.67,73.3,451,162.04,959.65,80.15,28.94,123,45.89,0
2026-05-06 09:00:00,Hostel A,32.68,58.51,416,123.86,1141.07,73.2,19.75,5,40.14,0
2026-05-06 10:00:00,Engineering Block,22.14,59.12,80,118.22,729.37,25.55,34.57,39,82.89,0
2026-05-06 11:00:00,Auditorium,25.33,77.78,233,115.01,1033.63,69.86,62.24,72,85.57,0
2026-05-06 12:00:00,Hostel A,24.01,68.76,492,146.63,1091.73,23.25,83.78,44,52.76,0
2026-05-06 13:00:00,Laboratory,20.98,65.74,266,163.83,465.95,101.07,18.67,182,93.11,0
2026-05-06 14:00:00,Library,28.38,79.58,254,125.71,923.72,75.0,24.18,204,77.51,0
2026-05-06 15:00:00,Library,35.22,64.9,427,147.13,899.26,46.92,36.08,70,66.65,0
2026-05-06 16:00:00,Laboratory,38.67,40.13,446,168.72,556.71,73.83,40.9,16,89.4,0
2026-05-06 17:00:00,Computer Science Block,28.39,68.33,376,152.84,558.84,104.61,90.03,119,91.44,0
2026-05-06 18:00:00,Auditorium,32.47,44.08,391,140.39,1360.28,73.48,30.41,204,71.96,0
2026-05-06 19:00:00,Laboratory,28.93,64.52,308,94.74,892.73,81.75,21.51,173,70.9,0
2026-05-06 20:00:00,Hostel B,30.0,42.86,97,97.23,1165.95,101.31,88.64,192,77.93,0
2026-05-06 21:00:00,Hostel B,26.63,55.33,43,59.65,1034.68,65.48,89.44,163,69.84,0
2026-05-06 22:00:00,Engineering Block,28.78,56.36,425,133.5,863.0,57.51,80.67,89,70.54,0
2026-05-06 23:00:00,Library,30.15,52.3,327,123.96,596.65,58.15,44.32,227,71.87,0
2026-05-07 00:00:00,Computer Science Block,25.69,56.51,120,164.55,1012.45,100.75,92.15,36,52.54,0
2026-05-07 01:00:00,Computer Science Block,27.69,70.33,391,135.98,852.29,85.3,49.54,152,82.76,0
2026-05-07 02:00:00,Hostel A,27.77,52.86,270,108.66,890.96,93.4,81.24,243,55.07,0
2026-05-07 03:00:00,Hostel A,31.31,65.45,142,103.03,918.44,48.23,49.14,87,75.34,0
2026-05-07 04:00:00,Laboratory,23.74,50.34,234,132.09,938.72,121.83,53.37,179,80.85,0
2026-05-07 05:00:00,Computer Science Block,27.79,58.11,281,128.83,986.14,106.27,87.43,226,68.98,0
2026-05-07 06:00:00,Laboratory,35.65,63.24,422,183.81,623.32,53.48,10.08,119,46.3,0
2026-05-07 07:00:00,Auditorium,32.66,50.03,351,116.2,1025.8,92.89,34.66,77,70.5,0
2026-05-07 08:00:00,Laboratory,33.4,46.88,365,137.03,1033.61,56.64,67.95,88,87.2,0
2026-05-07 09:00:00,Hostel A,28.1,64.92,432,177.22,901.74,40.58,92.97,150,35.62,0
2026-05-07 10:00:00,Library,29.28,71.23,142,114.88,1001.03,90.02,11.13,116,76.09,0
2026-05-07 11:00:00,Laboratory,32.01,59.21,271,108.43,1210.76,85.68,51.79,209,37.58,0
2026-05-07 12:00:00,Admin Block,34.24,55.43,339,73.31,1061.88,94.38,56.48,192,75.34,0
2026-05-07 13:00:00,Library,20.19,61.56,417,107.39,563.17,103.26,99.95,34,49.52,0
2026-05-07 14:00:00,Computer Science Block,22.74,60.55,356,202.55414902696137,1488.6369824362873,194.04865514173474,72.74,243,92.35,1
2026-05-07 15:00:00,Computer Science Block,33.24,62.43,177,168.1,802.64,82.4,21.37,33,57.71,0
2026-05-07 16:00:00,Laboratory,26.89,34.72,346,71.9,702.56,78.19,59.98,184,56.93,0
2026-05-07 17:00:00,Library,25.31,49.31,168,88.59,503.06,113.0,23.86,55,89.75,0
2026-05-07 18:00:00,Hostel A,22.98,51.55,84,54.05,1085.3,71.42,75.35,162,97.42,0
2026-05-07 19:00:00,Hostel A,25.78,61.51,388,183.09,652.32,107.09,42.7,243,32.01,0
2026-05-07 20:00:00,Hostel B,22.39,61.86,377,125.64,1156.43,30.71,69.48,73,64.35,0
2026-05-07 21:00:00,Computer Science Block,36.36,66.36,23,104.83,445.76,65.87,90.51,72,69.62,0
2026-05-07 22:00:00,Engineering Block,27.91,62.58,193,57.12,1044.62,78.77,81.25,182,94.84,0
2026-05-07 23:00:00,Hostel B,27.77,46.99,155,119.93,1063.89,95.82,81.71,242,71.6,0
2026-05-08 00:00:00,Hostel A,30.35,74.47,421,105.86,907.86,100.23,35.25,63,70.42,0
2026-05-08 01:00:00,Library,31.85,72.72,263,57.24,786.02,106.34,63.19,35,81.77,0
2026-05-08 02:00:00,Auditorium,31.78,47.42,79,109.93,847.1,85.52,26.89,174,85.37,0
2026-05-08 03:00:00,Hostel A,32.29,63.33,64,162.88,854.59,76.47,29.89,165,62.8,0
2026-05-08 04:00:00,Library,25.48,54.05,91,110.89,965.44,108.6,73.71,245,41.28,0
2026-05-08 05:00:00,Hostel B,26.81,61.39,114,161.18,805.06,83.59,46.62,69,89.9,0
2026-05-08 06:00:00,Computer Science Block,31.08,70.53,50,174.49,841.91,111.63,89.97,23,41.55,0
2026-05-08 07:00:00,Hostel A,25.89,81.3,175,110.61,934.16,93.11,53.85,147,98.6,0
2026-05-08 08:00:00,Laboratory,27.98,67.51,395,116.87,856.35,80.35,16.21,70,55.4,0
2026-05-08 09:00:00,Library,29.6,62.95,259,137.55,628.01,102.74,47.33,72,96.6,0
2026-05-08 10:00:00,Computer Science Block,31.14,56.6,83,155.79,653.48,86.87,22.06,7,79.12,0
2026-05-08 11:00:00,Auditorium,20.89,61.82,440,169.79,831.01,86.35,99.5,91,90.56,0
2026-05-08 12:00:00,Auditorium,30.86,73.6,342,413.19512861944554,832.3112445192659,117.2133651134986,12.14,108,95.98,1
2026-05-08 13:00:00,Engineering Block,27.07,59.55,128,94.33,813.99,75.34,60.55,192,76.86,0
2026-05-08 14:00:00,Library,30.83,51.14,482,170.91,892.84,67.73,42.8,175,84.62,0
2026-05-08 15:00:00,Hostel B,31.11,43.8,87,138.01,827.15,86.46,64.62,57,44.22,0
2026-05-08 16:00:00,Engineering Block,34.43,65.13,54,101.73,964.26,84.77,58.52,74,56.74,0
2026-05-08 17:00:00,Engineering Block,33.41,62.47,270,79.95,900.61,75.7,92.63,98,58.04,0
2026-05-08 18:00:00,Admin Block,33.39,53.54,373,92.05,1063.36,76.67,26.42,155,41.96,0
2026-05-08 19:00:00,Hostel A,33.77,70.26,55,132.75,889.66,91.17,20.77,237,69.24,0
2026-05-08 20:00:00,Library,29.17,55.78,460,102.8,1333.6,36.07,88.33,181,82.21,0
2026-05-08 21:00:00,Engineering Block,28.13,58.65,473,132.69,857.65,43.56,93.86,19,47.64,0
2026-05-08 22:00:00,Admin Block,31.49,59.83,151,80.55,1040.48,75.69,41.96,113,80.85,0
2026-05-08 23:00:00,Hostel B,30.93,56.49,324,93.62,803.71,110.92,96.07,179,87.77,0
2026-05-09 00:00:00,Computer Science Block,26.76,62.36,241,116.85,859.04,115.86,40.86,118,31.06,0
2026-05-09 01:00:00,Laboratory,29.62,71.52,186,113.98,613.43,43.29,62.6,213,88.8,0
2026-05-09 02:00:00,Laboratory,27.86,48.58,293,75.31,824.72,158.56,70.0,13,45.18,0
2026-05-09 03:00:00,Library,24.58,64.89,79,97.98,642.62,57.75,99.45,198,31.19,0
2026-05-09 04:00:00,Engineering Block,33.16,61.72,361,58.96,1137.03,55.29,25.33,54,86.1,0
2026-05-09 05:00:00,Laboratory,28.22,61.54,413,122.32,895.46,21.8,36.52,185,85.22,0
2026-05-09 06:00:00,Hostel A,36.19,68.72,132,173.47,992.52,63.73,59.16,109,30.97,0
2026-05-09 07:00:00,Laboratory,21.5,60.49,240,93.19,413.6,71.54,29.32,97,35.01,0
2026-05-09 08:00:00,Laboratory,25.77,64.8,298,86.63,443.87,118.47,62.2,119,94.5,0
2026-05-09 09:00:00,Laboratory,28.13,67.16,87,154.39,770.76,100.39,80.03,174,93.37,0
2026-05-09 10:00:00,Auditorium,32.55,54.96,334,79.02,494.97,107.62,89.13,178,66.56,0
2026-05-09 11:00:00,Admin Block,29.6,62.99,486,155.19,144.13,127.26,40.26,227,89.79,0
2026-05-09 12:00:00,Engineering Block,29.24,57.49,365,77.93,1050.18,135.79,25.53,100,50.87,0
2026-05-09 13:00:00,Hostel A,23.49,58.67,282,107.56,931.05,129.17,71.71,62,40.83,0
2026-05-09 14:00:00,Engineering Block,23.37,56.78,288,111.56,651.0,89.23,71.79,5,98.32,0
2026-05-09 15:00:00,Auditorium,29.29,64.71,150,144.65,880.81,69.88,49.41,98,70.46,0
2026-05-09 16:00:00,Library,22.54,60.82,443,185.53,1309.22,105.57,63.43,96,50.74,0
2026-05-09 17:00:00,Library,25.87,63.95,286,107.88,617.84,61.45,81.87,222,66.21,0
2026-05-09 18:00:00,Library,30.0,59.82,227,119.35,1078.32,95.31,75.99,86,72.08,0
2026-05-09 19:00:00,Hostel B,24.07,43.96,231,60.16,736.17,74.7,70.56,5,53.19,0
2026-05-09 20:00:00,Laboratory,34.42,60.31,70,118.57,695.71,66.05,69.57,173,83.69,0
2026-05-09 21:00:00,Hostel B,32.9,60.64,490,160.42,536.54,38.28,75.18,120,32.8,0
2026-05-09 22:00:00,Admin Block,21.71,62.43,426,202.7,885.59,91.52,64.67,52,46.9,0
2026-05-09 23:00:00,Library,24.27,54.06,307,107.42,1051.53,56.43,17.6,215,51.85,0
2026-05-10 00:00:00,Auditorium,18.86,48.05,444,145.09,927.64,95.55,62.46,103,80.65,0
2026-05-10 01:00:00,Hostel A,24.87,66.25,61,160.51,795.79,76.58,90.07,37,85.75,0
2026-05-10 02:00:00,Engineering Block,31.07,57.26,266,69.66,688.11,79.14,13.38,76,73.75,0
2026-05-10 03:00:00,Laboratory,26.34,61.71,441,169.65,1282.6,76.29,45.91,248,53.21,0
2026-05-10 04:00:00,Computer Science Block,29.84,57.19,214,91.76,710.36,44.81,45.36,245,48.31,0
2026-05-10 05:00:00,Hostel A,21.91,59.94,263,129.26,708.46,62.58,32.87,95,57.79,0
2026-05-10 06:00:00,Laboratory,31.19,55.51,219,75.8,459.28,58.46,61.71,105,60.75,0
2026-05-10 07:00:00,Hostel B,25.78,50.32,377,107.17,1287.91,58.05,25.36,174,71.61,0
2026-05-10 08:00:00,Hostel B,28.05,64.74,140,60.91,426.4,57.19,92.47,140,77.44,0
2026-05-10 09:00:00,Hostel A,27.63,53.97,353,129.33,1087.59,55.51,24.01,190,56.47,0
2026-05-10 10:00:00,Hostel B,22.91,61.64,347,173.72,999.81,60.15,96.85,112,38.4,0
2026-05-10 11:00:00,Library,23.39,64.1,222,121.15,729.85,61.69,11.05,116,60.76,0
2026-05-10 12:00:00,Admin Block,31.87,54.13,125,69.53,906.9,93.46,53.92,228,55.31,0
2026-05-10 13:00:00,Engineering Block,29.6,47.96,269,108.16,966.44,84.65,13.26,215,34.18,0
2026-05-10 14:00:00,Admin Block,32.2,84.26,394,127.48,1416.87,56.16,88.94,162,44.38,0
2026-05-10 15:00:00,Laboratory,29.3,54.72,445,114.9,1290.01,69.71,81.89,64,59.05,0
2026-05-10 16:00:00,Engineering Block,28.57,66.23,446,143.76,1034.56,33.74,30.25,232,68.72,0
2026-05-10 17:00:00,Auditorium,21.1,79.39,308,190.55,913.27,83.89,22.42,128,68.12,0
2026-05-10 18:00:00,Engineering Block,26.92,67.9,98,117.94,1016.66,73.53,29.08,14,44.86,0
2026-05-10 19:00:00,Admin Block,27.89,57.0,184,115.44,908.79,56.73,17.05,196,46.16,0
2026-05-10 20:00:00,Hostel A,35.81,59.33,353,94.76,938.98,132.49,31.32,168,79.76,0
2026-05-10 21:00:00,Engineering Block,30.75,51.67,138,156.05,687.44,73.44,16.13,20,53.89,0
2026-05-10 22:00:00,Auditorium,34.14,68.82,493,186.87,833.04,91.19,86.73,7,43.25,0
2026-05-10 23:00:00,Auditorium,30.39,65.66,76,113.36,1044.85,71.53,86.78,90,61.73,0
2026-05-11 00:00:00,Auditorium,25.15,54.86,467,128.91,863.77,51.43,59.41,247,64.53,0
2026-05-11 01:00:00,Admin Block,28.47,49.58,467,125.69,972.62,84.6,92.79,90,43.95,0
2026-05-11 02:00:00,Engineering Block,28.94,46.79,207,93.11,721.15,67.23,41.52,89,62.71,0
2026-05-11 03:00:00,Computer Science Block,24.24,69.87,71,145.64,838.31,97.35,26.09,226,82.38,0
2026-05-11 04:00:00,Hostel A,26.46,61.2,91,118.58,541.03,72.34,37.39,159,41.95,0
2026-05-11 05:00:00,Library,27.18,62.15,260,127.95,1047.9,73.46,21.13,70,55.1,0
2026-05-11 06:00:00,Engineering Block,34.42,51.77,343,153.8,411.15,105.62,84.01,204,37.09,0
2026-05-11 07:00:00,Auditorium,19.68,45.36,119,108.56,970.08,83.44,78.44,175,45.06,0
2026-05-11 08:00:00,Computer Science Block,32.82,69.63,357,123.28,508.02,84.32,27.08,155,60.25,0
2026-05-11 09:00:00,Library,24.25,60.42,174,94.61,612.9,86.01,59.1,43,98.21,0
2026-05-11 10:00:00,Library,22.51,69.07,78,81.79,604.34,102.79,35.26,170,78.93,0
2026-05-11 11:00:00,Laboratory,32.72,56.14,294,124.25,1064.86,142.12,21.8,109,95.21,0
2026-05-11 12:00:00,Engineering Block,30.93,57.63,278,127.27,547.25,68.66,32.08,168,37.33,0
2026-05-11 13:00:00,Admin Block,33.02,67.13,220,152.31,803.65,76.86,63.99,146,95.94,0
2026-05-11 14:00:00,Engineering Block,31.2,67.32,314,93.28,745.6,62.63,68.56,121,65.77,0
2026-05-11 15:00:00,Computer Science Block,36.24,67.98,341,83.26,786.08,72.77,26.82,132,49.76,0
2026-05-11 16:00:00,Library,30.23,57.05,348,377.5375979609404,1883.8563587967742,131.93029863938784,79.64,99,89.13,1
2026-05-11 17:00:00,Engineering Block,27.37,66.15,459,124.59,818.08,92.42,61.74,189,72.09,0
2026-05-11 18:00:00,Admin Block,29.37,71.09,409,71.8,814.2,108.24,48.63,179,36.35,0
2026-05-11 19:00:00,Laboratory,32.97,58.95,303,118.06,621.97,70.72,68.16,55,67.47,0
2026-05-11 20:00:00,Engineering Block,24.88,54.87,195,220.09365219476945,1334.6669986858342,126.38931952612678,40.0,151,74.93,1
2026-05-11 21:00:00,Hostel A,25.39,73.43,117,132.54,499.53,57.2,33.74,34,31.24,0
2026-05-11 22:00:00,Laboratory,26.76,53.46,368,105.39,761.17,60.09,93.37,20,68.48,0
2026-05-11 23:00:00,Admin Block,19.58,66.29,451,163.29,1221.25,102.25,90.93,80,55.42,0
2026-05-12 00:00:00,Computer Science Block,28.55,59.42,470,74.5,894.95,72.43,52.77,68,61.98,0
2026-05-12 01:00:00,Library,20.46,41.58,201,164.74,864.32,62.84,64.35,64,37.63,0
2026-05-12 02:00:00,Engineering Block,28.21,71.29,401,146.01,460.9,41.6,69.13,220,65.2,0
2026-05-12 03:00:00,Admin Block,31.46,32.42,291,131.3,1128.67,104.56,69.01,46,98.93,0
2026-05-12 04:00:00,Laboratory,26.09,40.16,54,156.21,1250.4,36.87,57.53,170,81.67,0
2026-05-12 05:00:00,Hostel A,34.71,65.27,350,162.54,640.83,41.12,38.14,193,94.95,0
2026-05-12 06:00:00,Admin Block,22.16,65.27,382,120.05,605.92,94.46,90.06,228,49.42,0
2026-05-12 07:00:00,Hostel B,32.77,53.62,106,177.04,1209.62,74.4,60.57,54,56.77,0
2026-05-12 08:00:00,Auditorium,30.7,61.48,177,141.62,946.82,89.36,91.65,23,75.43,0
2026-05-12 09:00:00,Hostel A,21.14,34.69,451,100.83,1279.71,72.7,84.56,172,81.77,0
2026-05-12 10:00:00,Laboratory,38.84,67.07,344,72.87,1144.62,101.88,68.47,51,51.29,0
2026-05-12 11:00:00,Computer Science Block,27.75,62.5,135,157.59,369.36,110.12,73.95,66,54.33,0
2026-05-12 12:00:00,Library,24.49,59.54,27,119.98,1247.71,112.77,92.01,73,39.22,0
2026-05-12 13:00:00,Laboratory,22.37,60.21,126,57.3,882.62,74.34,66.82,241,77.51,0
2026-05-12 14:00:00,Auditorium,27.12,64.93,126,131.67,855.74,51.9,52.15,178,54.4,0
2026-05-12 15:00:00,Computer Science Block,27.49,59.71,133,110.97,858.17,79.4,49.8,67,39.71,0
2026-05-12 16:00:00,Engineering Block,28.41,41.26,454,96.54,830.46,59.08,98.19,51,74.38,0
2026-05-12 17:00:00,Admin Block,26.81,81.96,29,155.32,469.97,65.54,77.65,134,30.87,0
2026-05-12 18:00:00,Hostel B,30.53,72.01,303,92.43,1196.29,127.36,70.42,183,96.51,0
2026-05-12 19:00:00,Hostel A,26.45,47.15,439,104.13,711.61,101.21,18.65,228,74.87,0
2026-05-12 20:00:00,Hostel A,20.26,56.55,79,112.45,772.1,72.92,62.92,132,72.55,0
2026-05-12 21:00:00,Admin Block,27.4,57.64,285,155.59,994.39,77.48,27.0,223,75.3,0
2026-05-12 22:00:00,Hostel B,18.53,70.79,417,78.89,1287.42,67.51,45.08,6,52.16,0
2026-05-12 23:00:00,Admin Block,29.42,38.41,121,97.85,829.08,84.53,60.16,41,46.32,0
2026-05-13 00:00:00,Engineering Block,24.08,55.01,82,134.88,899.95,69.19,10.72,169,67.58,0
2026-05-13 01:00:00,Auditorium,28.65,42.39,194,137.36,1200.32,107.01,87.61,189,96.08,0
2026-05-13 02:00:00,Computer Science Block,33.26,57.15,216,80.59,991.56,79.7,49.48,154,49.67,0
2026-05-13 03:00:00,Laboratory,24.21,55.27,331,106.21,967.27,57.78,66.04,102,80.15,0
2026-05-13 04:00:00,Hostel A,32.25,60.8,409,115.89,126.46,116.13,28.18,68,98.13,0
2026-05-13 05:00:00,Engineering Block,26.27,53.95,241,130.08,775.57,91.74,73.1,223,68.46,0
2026-05-13 06:00:00,Computer Science Block,35.01,52.49,422,112.66,892.13,89.68,37.91,85,62.1,0
2026-05-13 07:00:00,Engineering Block,26.54,66.2,455,394.11354064941304,1541.8180837621405,67.87212395568663,56.45,171,82.37,1
2026-05-13 08:00:00,Hostel B,24.64,64.55,209,116.55,1079.03,78.8,39.09,91,39.9,0
2026-05-13 09:00:00,Hostel A,30.75,65.51,147,172.82,544.2,61.91,68.01,78,32.32,0
2026-05-13 10:00:00,Laboratory,26.26,58.23,452,103.73,594.21,20.0,86.54,154,54.63,0
2026-05-13 11:00:00,Admin Block,24.63,54.28,353,63.97,1093.06,77.8,67.7,19,88.61,0
2026-05-13 12:00:00,Admin Block,26.09,58.81,414,207.88,1122.36,76.48,26.04,193,35.43,0
2026-05-13 13:00:00,Computer Science Block,27.82,65.01,65,116.96,591.47,111.29,32.47,192,71.38,0
2026-05-13 14:00:00,Laboratory,33.37,38.23,88,132.94,917.29,65.73,57.05,54,33.61,0
2026-05-13 15:00:00,Auditorium,20.26,63.94,320,69.24,789.0,59.6,34.42,193,65.07,0
2026-05-13 16:00:00,Library,28.09,63.09,370,129.17,688.94,62.95,27.59,194,39.1,0
2026-05-13 17:00:00,Hostel B,30.5,60.62,383,148.75,550.11,86.2,14.2,132,72.53,0
2026-05-13 18:00:00,Computer Science Block,28.77,58.51,77,79.9,625.8,108.77,19.37,44,51.71,0
2026-05-13 19:00:00,Library,33.24,34.34,435,115.01,644.6,79.96,60.83,168,55.95,0
2026-05-13 20:00:00,Engineering Block,27.7,55.6,235,117.88,1237.92,65.54,27.52,111,34.41,0
2026-05-13 21:00:00,Hostel B,27.26,77.89,134,75.16,973.83,75.42,54.86,171,84.32,0
2026-05-13 22:00:00,Engineering Block,30.37,60.13,29,176.86,921.04,96.32,67.77,20,72.19,0
2026-05-13 23:00:00,Auditorium,28.4,56.93,416,26.34,570.01,109.05,32.51,60,70.71,0
2026-05-14 00:00:00,Laboratory,26.44,60.17,386,45.15,1181.19,109.57,95.46,123,76.07,0
2026-05-14 01:00:00,Hostel A,30.06,63.55,288,123.72,1210.74,77.21,33.1,160,76.46,0
2026-05-14 02:00:00,Hostel B,25.39,66.59,311,85.18,911.32,91.55,24.59,39,54.66,0
2026-05-14 03:00:00,Library,25.56,57.71,105,143.7,883.19,100.09,51.12,164,49.21,0
2026-05-14 04:00:00,Auditorium,25.89,64.25,403,107.9,883.85,78.23,49.79,56,50.83,0
2026-05-14 05:00:00,Hostel A,33.41,76.77,476,133.95,1035.1,97.02,87.25,51,86.8,0
2026-05-14 06:00:00,Admin Block,15.12,70.06,397,72.15,484.75,99.18,14.26,220,41.86,0
2026-05-14 07:00:00,Library,29.58,83.4,166,106.09,583.82,93.28,34.52,195,64.07,0
2026-05-14 08:00:00,Computer Science Block,28.14,53.43,137,104.51,649.98,100.25,89.12,153,73.8,0
2026-05-14 09:00:00,Admin Block,21.28,76.76,154,202.04,732.52,131.71,78.29,237,66.14,0
2026-05-14 10:00:00,Auditorium,29.24,52.09,34,104.15,926.33,59.39,10.35,87,68.73,0
2026-05-14 11:00:00,Admin Block,29.9,63.54,356,39.87,1104.43,112.87,57.51,164,88.73,0
2026-05-14 12:00:00,Computer Science Block,30.36,67.32,321,158.54,1082.65,84.84,32.03,242,53.06,0
2026-05-14 13:00:00,Hostel B,17.39,54.89,225,111.45,457.11,78.64,98.94,38,54.21,0
2026-05-14 14:00:00,Admin Block,33.47,60.88,252,129.43,1322.79,66.15,98.52,184,41.61,0
2026-05-14 15:00:00,Laboratory,25.05,69.1,323,107.91,1402.7,86.94,93.46,86,82.52,0
2026-05-14 16:00:00,Library,30.75,52.9,85,75.33,1260.61,66.98,10.9,15,44.51,0
2026-05-14 17:00:00,Hostel A,30.96,76.69,481,165.74,677.59,75.95,91.45,79,66.38,0
2026-05-14 18:00:00,Admin Block,24.49,46.15,23,85.77,726.87,43.7,39.4,86,89.79,0
2026-05-14 19:00:00,Library,30.64,79.4,22,126.50928664071101,801.8697242446061,159.14618345316248,67.77,133,36.87,1
2026-05-14 20:00:00,Engineering Block,26.46,70.01,278,136.46,921.61,57.44,50.43,172,41.8,0
2026-05-14 21:00:00,Library,19.71,59.1,222,125.45,918.04,75.83,41.91,5,42.84,0
2026-05-14 22:00:00,Hostel A,32.67,55.97,344,157.43,759.0,80.24,35.82,156,39.41,0
2026-05-14 23:00:00,Library,24.9,54.93,259,129.82,621.62,56.92,48.5,45,96.14,0
2026-05-15 00:00:00,Computer Science Block,24.58,58.64,112,117.37,905.6,56.56,36.73,218,81.8,0
2026-05-15 01:00:00,Auditorium,26.39,59.52,303,151.77,807.71,68.84,93.34,203,61.85,0
2026-05-15 02:00:00,Hostel A,29.09,72.55,42,62.33,947.37,63.23,49.33,122,50.83,0
2026-05-15 03:00:00,Auditorium,27.77,79.69,305,113.64,1240.43,83.08,95.02,213,38.06,0
2026-05-15 04:00:00,Hostel B,30.19,61.99,337,86.87,1017.31,76.5,43.43,53,31.66,0
2026-05-15 05:00:00,Auditorium,22.64,51.54,106,236.2788470861915,1497.4483286819723,202.5845572381248,33.39,144,75.5,1
2026-05-15 06:00:00,Engineering Block,25.03,54.54,70,148.55,899.5,82.07,82.82,197,65.35,0
2026-05-15 07:00:00,Computer Science Block,27.54,58.17,316,129.76,590.51,88.21,56.84,199,71.47,0
2026-05-15 08:00:00,Hostel B,35.59,49.7,489,144.81,837.05,77.55,24.65,115,41.72,0
2026-05-15 09:00:00,Library,27.54,48.21,339,163.36,927.82,41.14,93.52,98,71.21,0
2026-05-15 10:00:00,Hostel A,32.34,80.97,62,137.62,1080.59,77.18,96.59,219,44.31,0
2026-05-15 11:00:00,Engineering Block,28.15,63.03,223,145.95,1017.64,29.93,71.94,63,32.87,0
2026-05-15 12:00:00,Computer Science Block,26.07,51.67,366,185.61,785.37,68.25,97.47,76,91.05,0
2026-05-15 13:00:00,Hostel B,27.01,68.17,77,473.82045784059574,2266.8810997449,143.11046101857775,70.67,240,87.91,1
2026-05-15 14:00:00,Hostel B,27.33,48.22,78,221.6633909659324,698.5011736626542,86.12572467609725,66.09,21,71.22,1
2026-05-15 15:00:00,Engineering Block,30.41,49.04,187,87.1,992.13,26.44,84.33,138,94.04,0
2026-05-15 16:00:00,Laboratory,33.5,51.97,193,29.73,611.22,61.15,16.09,64,84.06,0
2026-05-15 17:00:00,Library,29.44,76.55,337,187.37,1232.96,83.89,49.86,60,49.22,0
2026-05-15 18:00:00,Engineering Block,32.75,57.47,452,100.11,1097.71,68.63,48.74,144,94.03,0
2026-05-15 19:00:00,Hostel B,24.14,35.58,391,136.19,482.37,47.39,65.87,25,57.17,0
2026-05-15 20:00:00,Admin Block,26.34,72.1,226,143.1,598.97,67.3,41.25,79,98.83,0
2026-05-15 21:00:00,Computer Science Block,25.1,56.94,130,148.19,416.86,92.54,50.81,198,78.84,0
2026-05-15 22:00:00,Engineering Block,29.26,41.51,42,111.22,1039.53,71.56,86.45,131,44.58,0
2026-05-15 23:00:00,Laboratory,26.56,56.83,447,147.81,963.11,100.01,95.31,152,57.69,0
2026-05-16 00:00:00,Hostel B,30.92,65.21,252,138.97,1076.91,66.13,53.57,68,76.57,0
2026-05-16 01:00:00,Library,24.28,64.04,447,96.27,183.6,42.31,73.47,116,85.19,0
2026-05-16 02:00:00,Auditorium,28.17,77.98,294,176.92,644.96,121.74,59.26,24,70.35,0
2026-05-16 03:00:00,Hostel B,30.75,51.47,191,143.69,1033.66,89.58,88.08,99,81.82,0
2026-05-16 04:00:00,Library,19.74,60.47,30,75.07,1169.03,113.45,33.56,168,63.71,0
2026-05-16 05:00:00,Engineering Block,36.49,53.0,79,106.99,762.94,77.57,87.71,66,49.96,0
2026-05-16 06:00:00,Library,26.87,44.58,441,106.21,921.86,73.05,56.36,28,79.33,0
2026-05-16 07:00:00,Hostel A,19.9,68.86,251,208.31534664273508,1580.180675000637,194.17624122289607,51.05,218,87.73,1
2026-05-16 08:00:00,Hostel A,28.63,64.63,254,141.39,1236.39,118.53,95.68,141,52.24,0
2026-05-16 09:00:00,Hostel A,28.13,62.84,22,165.19,461.12,46.81,37.46,190,59.93,0
2026-05-16 10:00:00,Laboratory,27.67,64.27,163,81.7,796.91,64.54,17.42,53,53.65,0
2026-05-16 11:00:00,Laboratory,31.96,53.15,499,107.5,469.43,57.45,70.47,213,40.19,0
2026-05-16 12:00:00,Admin Block,30.99,49.94,249,160.12,964.95,96.09,33.67,230,83.66,0
2026-05-16 13:00:00,Laboratory,29.19,60.38,28,90.6,488.11,60.91,67.76,185,65.71,0
2026-05-16 14:00:00,Auditorium,29.8,71.61,316,95.02,849.89,92.64,15.04,15,41.34,0
2026-05-16 15:00:00,Engineering Block,27.58,76.08,313,41.17,879.15,100.41,60.61,138,54.24,0
2026-05-16 16:00:00,Hostel B,35.1,67.95,344,146.91,647.6,126.73,31.34,191,81.85,0
2026-05-16 17:00:00,Hostel B,22.08,60.29,212,127.08,1100.43,52.52,16.77,183,56.49,0
2026-05-16 18:00:00,Admin Block,28.56,62.7,310,108.31,908.65,109.21,15.0,181,35.02,0
2026-05-16 19:00:00,Laboratory,28.26,60.12,146,63.81,861.73,74.21,96.18,91,37.38,0
2026-05-16 20:00:00,Auditorium,31.25,49.74,438,108.0,676.78,127.97,33.89,244,99.87,0
2026-05-16 21:00:00,Library,24.62,60.25,479,52.7,800.68,106.26,62.36,117,59.96,0
2026-05-16 22:00:00,Admin Block,21.03,46.65,488,113.86,622.88,103.79,53.61,125,74.53,0
2026-05-16 23:00:00,Auditorium,28.63,58.76,67,187.23,771.66,61.34,42.66,179,73.35,0
2026-05-17 00:00:00,Library,29.12,76.36,126,126.87,852.95,75.11,58.83,49,41.63,0
2026-05-17 01:00:00,Auditorium,33.96,68.23,283,163.14,1498.24,90.22,60.37,53,57.93,0
2026-05-17 02:00:00,Library,22.92,50.77,272,165.69,830.89,65.95,85.35,172,80.01,0
2026-05-17 03:00:00,Computer Science Block,32.62,59.28,46,101.51,672.34,97.0,44.76,222,59.73,0
2026-05-17 04:00:00,Auditorium,37.47,51.66,28,141.65,528.44,125.06,41.75,13,71.25,0
2026-05-17 05:00:00,Hostel B,26.49,59.37,239,24.42,1009.83,64.37,71.13,12,55.96,0
2026-05-17 06:00:00,Hostel A,22.84,70.41,177,129.84,588.55,62.19,43.46,181,48.56,0
2026-05-17 07:00:00,Laboratory,26.37,66.53,33,157.65,945.14,65.4,55.99,184,31.31,0
2026-05-17 08:00:00,Library,28.06,84.84,426,138.29,1195.78,117.09,25.58,242,59.7,0
2026-05-17 09:00:00,Computer Science Block,30.26,71.92,48,107.45,1039.76,75.09,35.55,30,57.76,0
2026-05-17 10:00:00,Auditorium,25.63,62.04,45,163.95,616.03,120.57,28.11,248,62.24,0
2026-05-17 11:00:00,Hostel B,34.22,66.77,233,159.81,909.45,99.33,85.66,144,30.46,0
2026-05-17 12:00:00,Hostel A,23.54,57.98,162,118.28,1172.87,91.12,81.82,101,66.22,0
2026-05-17 13:00:00,Library,21.04,48.72,134,287.3602087850073,2041.0528019659675,250.73400424531462,45.29,241,38.27,1
2026-05-17 14:00:00,Auditorium,32.43,73.06,348,325.1080710333784,1423.341163774469,109.14059811243253,49.63,68,64.74,1
2026-05-17 15:00:00,Auditorium,18.9,70.09,237,63.66,1073.57,35.98,46.96,203,53.95,0
2026-05-17 16:00:00,Library,27.18,57.59,100,131.21,976.02,62.43,27.35,123,33.06,0
2026-05-17 17:00:00,Admin Block,40.47,62.74,220,94.91,883.78,75.02,80.5,84,41.59,0
2026-05-17 18:00:00,Admin Block,27.95,72.41,86,137.39,1019.75,86.86,84.6,158,48.06,0
2026-05-17 19:00:00,Hostel B,23.52,68.46,268,20.0,922.63,99.27,64.89,93,46.33,0
2026-05-17 20:00:00,Hostel A,27.77,45.37,163,175.79,734.95,89.77,76.79,124,72.25,0
2026-05-17 21:00:00,Library,27.8,62.44,160,159.09,899.08,92.65,68.74,39,33.09,0
2026-05-17 22:00:00,Hostel B,28.64,58.32,365,175.65,785.34,78.67,19.23,111,61.07,0
2026-05-17 23:00:00,Hostel B,30.65,71.13,484,119.64,1138.05,95.77,59.6,97,87.15,0
2026-05-18 00:00:00,Engineering Block,23.84,70.31,115,160.47,782.0,87.83,41.23,182,49.98,0
2026-05-18 01:00:00,Auditorium,34.75,73.19,427,127.4,782.78,112.36,29.82,238,72.34,0
2026-05-18 02:00:00,Laboratory,28.98,48.82,137,85.57,1055.44,93.89,69.84,96,94.57,0
2026-05-18 03:00:00,Auditorium,30.91,52.16,337,91.6,791.71,99.16,89.99,148,85.2,0
2026-05-18 04:00:00,Admin Block,25.49,71.14,204,107.92,873.91,146.03,99.99,87,88.2,0
2026-05-18 05:00:00,Hostel A,33.15,54.08,311,163.75,764.67,72.64,61.96,172,60.66,0
2026-05-18 06:00:00,Auditorium,26.97,44.79,463,162.57,654.51,105.13,70.51,10,35.86,0
2026-05-18 07:00:00,Library,29.11,65.33,264,97.36,775.53,82.64,68.63,95,64.07,0
2026-05-18 08:00:00,Hostel B,24.27,54.53,489,145.12,696.56,73.8,72.55,71,35.1,0
2026-05-18 09:00:00,Library,24.01,77.9,399,120.57,1536.21,76.88,32.16,230,64.81,0
2026-05-18 10:00:00,Engineering Block,30.75,62.96,220,86.94,780.86,99.94,24.35,149,64.8,0
2026-05-18 11:00:00,Hostel A,26.23,61.6,297,78.64,730.96,76.57,46.67,36,87.2,0
2026-05-18 12:00:00,Hostel B,24.58,56.31,380,208.4165016951502,1547.6986364672873,60.00058498275322,51.93,156,68.25,1
2026-05-18 13:00:00,Library,25.43,75.91,389,254.19577131993336,1600.8896649655037,121.8885204802533,78.7,231,37.05,1
2026-05-18 14:00:00,Admin Block,30.8,63.59,129,102.26,623.38,115.6,66.05,167,61.99,0
2026-05-18 15:00:00,Laboratory,25.48,55.92,231,147.66,907.41,97.76,59.7,100,81.26,0
2026-05-18 16:00:00,Engineering Block,27.53,52.06,278,130.85,783.91,23.88,54.86,57,37.3,0
2026-05-18 17:00:00,Hostel A,28.06,59.27,183,62.67,921.29,62.58,30.08,128,64.3,0
2026-05-18 18:00:00,Engineering Block,20.33,50.22,116,190.28,783.64,52.95,43.55,147,65.34,0
2026-05-18 19:00:00,Admin Block,22.12,70.29,229,161.82,334.29,33.42,19.84,169,95.17,0
2026-05-18 20:00:00,Hostel A,29.35,41.92,55,70.7,987.4,78.44,15.92,157,84.4,0
2026-05-18 21:00:00,Engineering Block,25.05,58.6,285,133.97,962.71,110.64,11.19,89,47.11,0
2026-05-18 22:00:00,Computer Science Block,32.23,66.1,119,171.66,541.57,56.09,17.89,210,86.54,0
2026-05-18 23:00:00,Admin Block,31.87,63.42,40,134.37,1098.87,66.03,63.54,155,60.01,0
2026-05-19 00:00:00,Admin Block,30.88,52.83,236,105.49,1098.98,72.36,97.44,59,64.91,0
2026-05-19 01:00:00,Admin Block,35.28,66.6,452,188.0107307669395,2188.972252062493,58.18737430954626,12.58,11,55.91,1
2026-05-19 02:00:00,Computer Science Block,27.67,51.14,123,111.21,462.83,133.91,80.49,9,36.35,0
2026-05-19 03:00:00,Computer Science Block,30.6,59.78,390,115.05,1061.08,101.22,69.88,210,99.3,0
2026-05-19 04:00:00,Library,25.66,66.52,412,159.35,638.72,84.43,87.29,87,36.06,0
2026-05-19 05:00:00,Hostel B,37.81,64.63,131,136.54,544.4,63.23,95.08,111,35.84,0
2026-05-19 06:00:00,Laboratory,35.93,53.25,238,89.79,721.49,47.94,83.17,203,38.37,0
2026-05-19 07:00:00,Engineering Block,28.05,71.97,139,110.47,792.89,60.47,81.8,204,49.38,0
2026-05-19 08:00:00,Library,29.55,60.87,268,106.12,721.74,107.63,17.76,72,68.16,0
2026-05-19 09:00:00,Engineering Block,33.44,67.43,354,130.13,1146.53,63.59,42.3,10,84.21,0
2026-05-19 10:00:00,Laboratory,27.41,75.29,455,80.91,591.08,78.21,65.49,128,83.46,0
2026-05-19 11:00:00,Hostel B,25.37,71.18,115,67.26,1093.11,81.37,11.54,105,65.14,0
2026-05-19 12:00:00,Computer Science Block,31.5,71.2,451,87.52,742.56,162.54,52.71,142,89.2,0
2026-05-19 13:00:00,Hostel B,28.31,61.93,207,65.39,873.56,65.1,10.75,54,31.48,0
2026-05-19 14:00:00,Computer Science Block,28.73,67.94,383,66.54,780.55,51.74,76.75,117,32.82,0
2026-05-19 15:00:00,Laboratory,24.66,62.14,394,162.85,648.02,34.1,33.91,146,75.21,0
2026-05-19 16:00:00,Hostel B,21.13,47.91,453,273.2694105876794,1383.3665747903392,95.42200066945972,77.95,17,62.54,1
2026-05-19 17:00:00,Library,28.94,63.03,442,133.02,522.3,138.46,53.21,234,65.33,0
2026-05-19 18:00:00,Hostel A,31.62,62.56,163,122.13,500.0,94.33,19.72,116,45.27,0
2026-05-19 19:00:00,Library,27.1,65.84,47,124.09,806.77,117.07,92.74,110,88.61,0
2026-05-19 20:00:00,Engineering Block,33.75,58.72,25,130.45,1193.28,91.49,72.82,122,65.22,0
2026-05-19 21:00:00,Library,25.18,52.39,336,140.57,570.46,71.5,75.2,75,44.76,0
2026-05-19 22:00:00,Laboratory,23.78,66.57,281,132.92,893.93,97.54,30.78,153,39.69,0
2026-05-19 23:00:00,Admin Block,27.73,46.87,249,217.59,812.85,56.65,21.3,229,99.67,0
2026-05-20 00:00:00,Engineering Block,27.67,74.59,141,84.12,1173.02,96.33,95.9,143,80.92,0
2026-05-20 01:00:00,Hostel B,31.08,57.69,213,82.9,968.9,105.34,41.17,10,67.29,0
2026-05-20 02:00:00,Engineering Block,24.9,62.46,124,100.85,687.51,104.91,31.1,168,69.65,0
2026-05-20 03:00:00,Hostel A,33.47,65.59,443,73.7,552.56,74.85,89.06,79,37.72,0
2026-05-20 04:00:00,Computer Science Block,35.87,65.91,218,232.94012542314596,701.2942485245865,167.82817158779892,51.7,59,80.51,1
2026-05-20 05:00:00,Hostel B,27.84,45.91,494,86.52,659.47,52.15,68.87,38,94.35,0
2026-05-20 06:00:00,Auditorium,33.0,68.24,81,122.85,1390.42,98.28,33.96,226,92.8,0
2026-05-20 07:00:00,Engineering Block,23.77,63.03,303,122.57,703.13,86.96,97.22,205,85.15,0
2026-05-20 08:00:00,Hostel B,32.3,53.65,99,74.33,378.34,62.54,52.66,75,75.69,0
2026-05-20 09:00:00,Hostel B,32.19,52.5,194,303.2929024731434,756.9389083295665,84.82568279267004,48.19,178,48.7,1
2026-05-20 10:00:00,Hostel B,31.45,56.66,28,91.92,1245.91,78.07,15.82,41,54.13,0
2026-05-20 11:00:00,Computer Science Block,27.94,47.01,199,87.17,738.37,81.75,73.72,192,88.23,0
2026-05-20 12:00:00,Auditorium,16.18,77.22,290,135.38,950.77,64.31,58.69,150,80.17,0
2026-05-20 13:00:00,Laboratory,25.43,74.86,181,120.0,927.99,47.52,96.96,53,99.33,0
2026-05-20 14:00:00,Library,25.5,64.52,295,120.05,692.55,101.05,21.49,97,35.96,0
2026-05-20 15:00:00,Hostel B,24.09,57.77,225,85.25,731.84,104.18,45.19,89,54.35,0
2026-05-20 16:00:00,Admin Block,28.49,58.03,79,81.04,615.35,132.46,32.86,146,91.58,0
2026-05-20 17:00:00,Laboratory,26.32,67.58,205,147.91,393.19,63.27,70.09,20,31.81,0
2026-05-20 18:00:00,Hostel A,24.7,77.58,94,117.42,1106.09,81.63,16.45,158,53.52,0
2026-05-20 19:00:00,Computer Science Block,23.76,54.3,113,128.02,1050.43,103.99,99.34,121,98.2,0
2026-05-20 20:00:00,Engineering Block,25.14,48.82,86,125.34,845.22,106.32,74.29,227,68.27,0
2026-05-20 21:00:00,Computer Science Block,32.49,75.48,21,143.72,869.0,89.38,44.31,55,51.58,0
2026-05-20 22:00:00,Engineering Block,25.36,42.13,197,117.99,1096.67,98.03,43.15,79,95.11,0
2026-05-20 23:00:00,Computer Science Block,25.94,49.91,161,111.88,278.57,63.34,53.24,100,54.29,0
2026-05-21 00:00:00,Engineering Block,26.17,57.53,459,265.76634588484956,1614.218343153707,133.62167503281194,72.81,94,39.34,1
2026-05-21 01:00:00,Hostel B,29.36,44.4,496,198.21,1107.71,58.17,63.23,67,70.54,0
2026-05-21 02:00:00,Library,29.82,71.12,472,148.40172272130744,2624.9705323720123,156.9033324441734,53.56,165,80.0,1
2026-05-21 03:00:00,Engineering Block,15.82,68.57,63,100.8,1081.87,107.02,27.59,64,35.55,0
2026-05-21 04:00:00,Auditorium,32.09,54.25,193,130.25,1248.83,166.77,25.64,169,73.55,0
2026-05-21 05:00:00,Engineering Block,33.75,72.8,409,43.84,795.27,116.97,92.42,143,56.03,0
2026-05-21 06:00:00,Admin Block,23.8,74.49,411,158.86,854.29,37.11,59.65,152,38.72,0
2026-05-21 07:00:00,Engineering Block,24.11,58.87,314,147.82,648.19,54.28,62.19,209,74.5,0
2026-05-21 08:00:00,Admin Block,26.2,55.49,250,121.05,697.89,117.23,48.95,166,48.84,0
2026-05-21 09:00:00,Hostel A,24.98,82.6,255,136.32,1086.14,94.04,73.73,192,41.88,0
2026-05-21 10:00:00,Hostel B,28.9,67.21,112,172.74,958.62,82.7,82.14,101,36.56,0
2026-05-21 11:00:00,Admin Block,20.21,62.56,63,130.12,981.89,78.66,47.01,62,58.09,0
2026-05-21 12:00:00,Library,23.53,73.64,46,75.72,466.26,55.95,14.74,175,73.45,0
2026-05-21 13:00:00,Laboratory,34.16,63.02,291,153.62,974.9,30.76,32.72,200,98.28,0
2026-05-21 14:00:00,Hostel B,24.29,54.94,494,152.43,1192.59,56.81,83.95,58,53.66,0
2026-05-21 15:00:00,Admin Block,32.97,60.8,58,127.29,962.16,74.7,60.42,204,72.87,0
2026-05-21 16:00:00,Hostel B,29.42,70.39,404,211.53,610.56,85.41,89.32,118,38.23,0
2026-05-21 17:00:00,Auditorium,20.76,40.08,454,116.33,841.2,72.96,44.36,192,95.53,0
2026-05-21 18:00:00,Hostel B,30.54,57.12,466,57.2,1205.76,47.87,38.35,15,81.85,0
2026-05-21 19:00:00,Hostel B,27.53,73.83,308,129.08,928.43,66.57,10.13,198,79.81,0
2026-05-21 20:00:00,Hostel A,26.18,54.88,267,125.14,1167.79,83.13,26.22,26,68.34,0
2026-05-21 21:00:00,Library,28.98,75.46,69,197.94,1330.11,86.13,40.16,8,69.44,0
2026-05-21 22:00:00,Computer Science Block,29.9,74.15,378,132.49,804.67,69.71,17.15,46,61.27,0
2026-05-21 23:00:00,Computer Science Block,30.83,59.34,457,111.55,585.17,70.83,64.41,221,33.2,0
2026-05-22 00:00:00,Admin Block,32.71,54.31,302,76.07,726.83,100.04,99.07,56,34.93,0
2026-05-22 01:00:00,Hostel B,29.63,57.13,228,183.27,1333.81,86.11,15.24,48,43.43,0
2026-05-22 02:00:00,Admin Block,22.5,86.65,143,40.15,1060.82,70.46,45.27,118,43.17,0
2026-05-22 03:00:00,Hostel A,26.11,78.74,482,136.43,912.88,88.68,46.01,147,34.0,0
2026-05-22 04:00:00,Hostel A,39.77,61.25,361,99.9850997183212,1640.846429369974,56.147898015560415,16.28,80,64.77,1
2026-05-22 05:00:00,Engineering Block,30.9,53.92,268,109.79,739.49,72.59,26.69,101,65.62,0
2026-05-22 06:00:00,Auditorium,37.48,61.17,422,107.56,770.95,76.08,50.76,164,71.96,0
2026-05-22 07:00:00,Hostel A,33.58,62.44,303,95.97,675.87,79.41,96.0,74,85.11,0
2026-05-22 08:00:00,Engineering Block,28.97,47.57,170,107.05,1395.48,58.16,61.32,111,95.52,0
2026-05-22 09:00:00,Library,29.21,60.8,83,124.91,898.88,96.14,18.99,5,96.36,0
2026-05-22 10:00:00,Admin Block,27.85,73.22,260,103.87,825.9,48.57,76.8,234,92.98,0
2026-05-22 11:00:00,Laboratory,21.05,42.01,186,115.87,906.59,37.58,87.16,108,81.91,0
2026-05-22 12:00:00,Library,28.07,68.27,259,95.68,828.91,75.41,82.74,234,76.93,0
2026-05-22 13:00:00,Hostel A,32.84,73.75,68,111.53,637.58,65.18,83.65,24,38.23,0
2026-05-22 14:00:00,Library,25.6,54.39,206,154.05,1121.36,47.03,83.06,240,75.95,0
2026-05-22 15:00:00,Library,29.65,76.94,167,103.85,430.62,90.49,30.05,118,40.98,0
2026-05-22 16:00:00,Auditorium,31.41,53.1,208,174.65,904.05,78.98,63.47,73,82.19,0
2026-05-22 17:00:00,Auditorium,24.36,64.41,130,154.0,1009.41,103.75,24.64,41,41.34,0
2026-05-22 18:00:00,Auditorium,26.19,56.93,403,299.04254682052454,925.1375770764298,165.75298087894785,39.55,108,77.71,1
2026-05-22 19:00:00,Library,23.93,56.93,284,120.26,966.79,76.93,47.55,183,35.06,0
2026-05-22 20:00:00,Hostel A,24.71,53.83,298,86.71,738.87,51.26,48.87,6,51.94,0
2026-05-22 21:00:00,Laboratory,22.85,66.99,256,123.46,441.04,50.79,49.41,82,56.19,0
2026-05-22 22:00:00,Hostel B,24.4,68.49,410,181.56,897.21,71.31,80.52,149,51.96,0
2026-05-22 23:00:00,Library,33.68,59.36,178,91.12,1082.39,68.51,65.82,54,51.75,0
2026-05-23 00:00:00,Engineering Block,24.34,46.4,79,130.28,1627.48,99.56,67.76,214,67.27,0
2026-05-23 01:00:00,Hostel A,28.51,64.03,336,88.23,752.2,99.61,79.18,149,87.65,0
2026-05-23 02:00:00,Library,25.99,64.22,94,105.9,974.24,40.55,28.62,108,91.13,0
2026-05-23 03:00:00,Laboratory,32.72,57.83,484,130.5,1083.11,50.3,51.8,163,35.14,0
2026-05-23 04:00:00,Hostel B,33.24,78.67,247,132.75,885.0,37.52,86.97,60,43.47,0
2026-05-23 05:00:00,Auditorium,31.46,44.36,173,124.1,1033.01,62.6,73.51,110,51.65,0
2026-05-23 06:00:00,Hostel A,29.22,37.83,375,141.23,743.34,108.05,89.21,35,77.86,0
2026-05-23 07:00:00,Computer Science Block,27.08,52.69,485,135.9,805.39,88.98,50.79,40,58.17,0
2026-05-23 08:00:00,Hostel B,23.23,67.1,329,108.52,536.21,84.27,78.93,23,63.37,0
2026-05-23 09:00:00,Engineering Block,35.77,49.44,306,145.32,756.56,77.27,33.94,65,84.91,0
2026-05-23 10:00:00,Library,24.96,50.19,260,86.16,437.99,62.71,88.1,164,74.93,0
2026-05-23 11:00:00,Laboratory,30.65,69.51,246,110.95,461.33,101.53,36.7,85,71.12,0
2026-05-23 12:00:00,Computer Science Block,32.24,64.63,188,103.75,1070.75,93.47,40.65,92,70.6,0
2026-05-23 13:00:00,Laboratory,25.78,63.77,303,133.03,526.82,104.11,74.59,241,43.96,0
2026-05-23 14:00:00,Computer Science Block,32.15,67.81,365,36.8,1084.12,56.36,77.3,236,37.75,0
2026-05-23 15:00:00,Hostel A,31.06,55.75,281,106.02,810.39,72.49,14.73,136,52.86,0
2026-05-23 16:00:00,Computer Science Block,34.91,56.21,309,135.98,810.95,47.98,23.52,73,83.79,0
2026-05-23 17:00:00,Engineering Block,26.12,68.1,367,206.45,664.78,58.84,32.47,248,89.73,0
2026-05-23 18:00:00,Engineering Block,22.86,46.55,383,121.74,842.37,61.05,99.99,121,85.82,0
2026-05-23 19:00:00,Admin Block,25.98,38.57,28,82.13,1235.34,92.41,84.02,51,41.05,0
2026-05-23 20:00:00,Engineering Block,28.84,55.67,368,143.6,669.1,90.32,74.35,127,94.32,0
2026-05-23 21:00:00,Hostel B,28.23,69.31,117,96.19,763.29,109.46,96.71,248,57.13,0
2026-05-23 22:00:00,Computer Science Block,26.43,62.56,31,72.47,1046.96,24.15,71.85,45,88.64,0
2026-05-23 23:00:00,Engineering Block,20.36,68.57,291,126.39,560.87,73.04,72.25,133,73.83,0
2026-05-24 00:00:00,Hostel A,29.88,39.84,90,166.29,537.58,157.79,90.84,94,85.54,0
2026-05-24 01:00:00,Laboratory,35.89,63.15,434,91.94,837.93,94.52,37.18,174,32.12,0
2026-05-24 02:00:00,Auditorium,29.86,66.54,436,112.6,1149.82,74.76,10.16,199,60.43,0
2026-05-24 03:00:00,Laboratory,30.44,46.49,154,144.25,828.16,99.64,74.35,27,72.45,0
2026-05-24 04:00:00,Admin Block,30.29,68.62,278,155.8,781.24,58.85,24.05,17,55.89,0
2026-05-24 05:00:00,Laboratory,29.59,58.88,423,169.92,841.5,53.04,35.85,218,85.26,0
2026-05-24 06:00:00,Computer Science Block,31.73,90.71,24,95.6,827.5,78.59,84.03,227,80.65,0
2026-05-24 07:00:00,Admin Block,29.58,38.23,470,115.62,688.17,87.3,80.01,65,57.29,0
2026-05-24 08:00:00,Computer Science Block,26.75,73.69,258,44.07,1082.65,97.91,52.73,76,60.73,0
2026-05-24 09:00:00,Hostel A,24.82,56.06,313,106.19,906.12,98.91,19.39,162,64.4,0
2026-05-24 10:00:00,Admin Block,27.0,43.83,354,83.3,722.12,59.04,36.85,178,68.16,0
2026-05-24 11:00:00,Library,29.26,54.73,118,124.92,865.95,88.35,52.8,208,50.88,0
2026-05-24 12:00:00,Hostel B,26.74,62.77,459,151.0,768.59,104.98,79.14,90,46.04,0
2026-05-24 13:00:00,Hostel B,29.26,70.37,170,144.16,494.79,100.83,98.62,47,37.89,0
2026-05-24 14:00:00,Computer Science Block,29.76,77.22,277,79.41,1391.97,96.66,66.3,19,39.82,0
2026-05-24 15:00:00,Laboratory,31.33,74.22,375,106.06,882.98,93.29,14.8,34,62.73,0
2026-05-24 16:00:00,Auditorium,33.13,50.35,168,328.95920238615275,1271.4418585825745,164.2185145667324,29.9,192,76.51,1
2026-05-24 17:00:00,Auditorium,28.31,71.3,481,124.38,563.48,79.35,33.36,156,76.61,0
2026-05-24 18:00:00,Library,22.77,63.91,161,95.38,478.55,124.21,67.1,117,61.95,0
2026-05-24 19:00:00,Admin Block,26.62,53.45,270,133.11,666.14,101.09,11.66,131,73.32,0
2026-05-24 20:00:00,Library,28.18,57.88,465,146.81,553.52,72.55,55.59,29,97.13,0
2026-05-24 21:00:00,Library,20.66,52.9,253,113.36,795.53,37.8,99.61,57,98.76,0
2026-05-24 22:00:00,Laboratory,33.55,60.37,414,85.34,1260.21,134.21,79.18,190,89.14,0
2026-05-24 23:00:00,Auditorium,28.57,52.7,151,133.21,674.54,59.92,79.24,6,94.01,0
2026-05-25 00:00:00,Admin Block,29.53,49.72,66,151.69595696576883,2527.741030131712,75.90506520932071,77.08,69,39.52,1
2026-05-25 01:00:00,Hostel A,33.46,64.79,391,166.28,1013.79,104.56,71.51,88,49.51,0
2026-05-25 02:00:00,Laboratory,25.48,66.29,113,27.7,1398.88,80.01,36.85,177,96.78,0
2026-05-25 03:00:00,Library,30.3,58.12,268,108.63,526.2,93.91,80.46,176,39.12,0
2026-05-25 04:00:00,Library,27.56,73.68,375,88.84,674.87,48.65,68.13,158,91.22,0
2026-05-25 05:00:00,Hostel A,27.26,57.4,39,144.93,688.14,100.6,30.6,140,60.74,0
2026-05-25 06:00:00,Library,24.91,56.97,199,170.16,830.92,117.32,98.11,87,98.25,0
2026-05-25 07:00:00,Library,34.66,66.6,291,97.1,1020.05,79.43,98.61,163,80.16,0
2026-05-25 08:00:00,Library,26.5,58.68,448,87.18,469.19,65.27,43.65,83,53.59,0
2026-05-25 09:00:00,Hostel B,30.8,60.85,155,142.54,1067.43,58.38,77.79,110,38.26,0
2026-05-25 10:00:00,Laboratory,20.5,34.8,256,57.36,674.85,99.41,71.32,56,46.72,0
2026-05-25 11:00:00,Engineering Block,32.72,60.17,209,128.63,1305.85,108.33,62.55,6,79.3,0
2026-05-25 12:00:00,Laboratory,32.21,41.73,231,219.86495906546236,1488.789076668331,138.2363273337099,26.28,198,52.48,1
2026-05-25 13:00:00,Hostel A,28.39,47.79,424,112.34,1163.41,66.7,52.11,54,96.44,0
2026-05-25 14:00:00,Library,27.09,46.65,83,90.64,736.0,81.09,75.69,126,67.44,0
2026-05-25 15:00:00,Laboratory,29.6,49.57,379,46.11,987.3,73.5,98.95,225,66.73,0
2026-05-25 16:00:00,Hostel B,37.16,54.51,433,154.08,732.3,45.19,65.23,229,86.5,0
2026-05-25 17:00:00,Auditorium,20.95,55.14,183,142.03,1002.29,33.21,77.7,142,85.81,0
2026-05-25 18:00:00,Hostel A,31.13,66.64,408,117.98,909.7,72.89,92.25,244,78.09,0
2026-05-25 19:00:00,Computer Science Block,24.35,62.22,488,128.03,1233.18,60.89,65.24,50,96.65,0
2026-05-25 20:00:00,Laboratory,27.92,40.99,57,114.73,1085.01,96.22,78.81,190,70.58,0
2026-05-25 21:00:00,Computer Science Block,27.01,60.83,234,154.38,968.86,56.54,51.23,89,93.03,0
2026-05-25 22:00:00,Library,26.29,63.18,38,113.04,897.54,20.0,36.27,217,62.93,0
2026-05-25 23:00:00,Hostel B,27.96,56.71,273,118.89,869.21,72.39,54.37,239,83.34,0
2026-05-26 00:00:00,Hostel B,23.46,59.39,93,125.16,477.77,97.04,18.01,17,46.39,0
2026-05-26 01:00:00,Laboratory,32.12,61.9,430,106.53,567.44,124.83,93.7,183,89.53,0
2026-05-26 02:00:00,Hostel A,20.82,67.65,160,116.75,624.11,130.04,37.94,84,54.69,0
2026-05-26 03:00:00,Hostel A,30.16,44.25,412,115.39,1264.65,66.7,51.49,87,80.82,0
2026-05-26 04:00:00,Hostel B,26.69,57.56,36,96.02,716.87,56.0,68.8,220,52.57,0
2026-05-26 05:00:00,Hostel A,23.32,75.08,114,86.65,737.71,80.17,55.4,190,96.73,0
2026-05-26 06:00:00,Hostel B,28.81,74.17,253,113.08,1002.51,90.45,35.45,66,43.35,0
2026-05-26 07:00:00,Laboratory,21.77,68.51,447,109.4,620.56,65.01,98.59,27,66.9,0
2026-05-26 08:00:00,Engineering Block,28.16,65.37,320,157.05,1203.08,66.79,86.35,8,57.62,0
2026-05-26 09:00:00,Hostel B,22.31,76.55,107,86.32,210.56,109.27,19.25,163,67.44,0
2026-05-26 10:00:00,Computer Science Block,29.85,79.18,317,100.47,1158.7,52.06,43.07,140,46.15,0
2026-05-26 11:00:00,Hostel A,24.3,58.71,70,126.46,1314.03,79.78,27.49,238,65.26,0
2026-05-26 12:00:00,Hostel B,26.2,50.31,264,133.94,935.67,105.51,53.08,157,39.23,0
2026-05-26 13:00:00,Hostel B,29.18,57.3,486,115.13,676.18,106.23,28.79,58,46.18,0
2026-05-26 14:00:00,Laboratory,24.91,90.97,461,148.65,1087.44,105.14,38.1,219,77.04,0
2026-05-26 15:00:00,Hostel A,27.77,44.31,132,116.34,663.83,135.66,56.88,143,62.82,0
2026-05-26 16:00:00,Engineering Block,21.94,55.29,461,89.61,1377.88,92.84,22.97,224,64.78,0
2026-05-26 17:00:00,Laboratory,30.52,45.87,433,118.63,991.85,76.62,87.49,49,95.22,0
2026-05-26 18:00:00,Engineering Block,35.06,61.25,408,146.08,620.9,54.31,42.64,91,45.05,0
2026-05-26 19:00:00,Auditorium,39.17,47.97,27,154.03,1057.28,64.51,92.29,49,68.62,0
2026-05-26 20:00:00,Laboratory,28.36,58.91,56,153.06,591.69,25.63,12.71,129,67.21,0
2026-05-26 21:00:00,Hostel A,31.15,40.5,66,126.78,652.36,86.36,79.45,192,61.16,0
2026-05-26 22:00:00,Admin Block,20.88,66.18,119,129.19,1043.28,88.08,87.85,196,88.1,0
2026-05-26 23:00:00,Hostel A,34.01,72.22,364,140.64,674.46,72.29,98.61,249,69.68,0
2026-05-27 00:00:00,Hostel A,31.1,56.16,192,63.01,880.92,55.15,21.87,241,87.43,0
2026-05-27 01:00:00,Engineering Block,26.06,58.65,260,94.88,994.6,80.51,49.04,47,90.2,0
2026-05-27 02:00:00,Engineering Block,32.95,58.37,408,130.45,681.75,75.28,78.43,129,34.99,0
2026-05-27 03:00:00,Hostel A,26.98,61.81,210,85.49,713.8,62.83,56.22,244,95.65,0
2026-05-27 04:00:00,Hostel A,26.17,59.62,361,160.3,1279.4,80.44,83.87,196,83.42,0
2026-05-27 05:00:00,Hostel A,29.9,67.68,450,157.36,1020.35,102.53,98.55,179,63.9,0
2026-05-27 06:00:00,Engineering Block,23.75,72.33,253,101.03,847.4,69.81,78.1,232,87.4,0
2026-05-27 07:00:00,Hostel A,32.09,51.86,300,88.28,828.64,65.49,76.8,65,46.09,0
2026-05-27 08:00:00,Hostel A,23.78,56.91,254,135.05,551.7,70.28,61.11,230,87.36,0
2026-05-27 09:00:00,Auditorium,23.8,69.02,145,75.3,969.45,70.34,51.68,180,68.94,0
2026-05-27 10:00:00,Library,24.36,45.78,197,124.89,878.02,91.39,85.15,79,61.1,0
2026-05-27 11:00:00,Admin Block,31.04,40.29,496,219.06,1079.22,90.2,30.96,245,69.96,0
2026-05-27 12:00:00,Computer Science Block,25.53,62.26,192,84.71,325.64,90.88,87.53,12,80.16,0
2026-05-27 13:00:00,Admin Block,22.61,64.96,391,92.63,799.84,78.13,85.36,166,49.41,0
2026-05-27 14:00:00,Library,25.58,52.78,139,98.39,828.14,84.43,76.35,12,36.82,0
2026-05-27 15:00:00,Computer Science Block,27.87,54.21,49,88.57,934.64,37.62,72.63,56,93.48,0
2026-05-27 16:00:00,Laboratory,23.28,52.4,67,90.34,908.14,55.31,10.73,85,96.54,0
2026-05-27 17:00:00,Hostel A,23.39,51.33,198,273.45507746733784,1822.309556680452,143.60351619605714,99.14,218,73.73,1
2026-05-27 18:00:00,Library,36.45,66.93,113,122.2,801.1,82.36,45.27,12,65.75,0
2026-05-27 19:00:00,Auditorium,24.56,48.2,74,151.83,538.1,102.62,44.18,66,33.77,0
2026-05-27 20:00:00,Laboratory,26.71,57.34,255,161.98,485.2,68.12,98.95,69,59.1,0
2026-05-27 21:00:00,Hostel A,26.53,50.95,458,56.85,834.54,33.33,31.77,146,53.82,0
2026-05-27 22:00:00,Engineering Block,26.31,45.45,321,93.07,1599.59,92.62,95.78,73,56.84,0
2026-05-27 23:00:00,Hostel B,30.49,68.7,306,88.26,995.74,33.27,44.67,95,80.35,0
2026-05-28 00:00:00,Library,31.79,54.8,437,27.87,1484.92,69.9,18.84,180,55.29,0
2026-05-28 01:00:00,Engineering Block,26.78,61.88,367,134.91,1023.72,37.54,57.08,245,85.38,0
2026-05-28 02:00:00,Library,23.05,44.92,93,130.63,586.63,127.95,73.56,91,99.35,0
2026-05-28 03:00:00,Auditorium,33.1,52.58,471,166.28,817.97,49.54,64.81,144,68.24,0
2026-05-28 04:00:00,Library,27.62,67.56,436,136.59,1483.61,80.92,95.7,68,49.43,0
2026-05-28 05:00:00,Engineering Block,34.92,85.87,331,28.73,1043.77,75.48,44.53,248,97.05,0
2026-05-28 06:00:00,Auditorium,19.02,40.24,461,95.43,1036.33,37.61,49.78,128,81.23,0
2026-05-28 07:00:00,Computer Science Block,28.78,57.99,141,97.96,676.91,116.65,32.13,34,45.74,0
2026-05-28 08:00:00,Admin Block,35.67,64.12,76,137.9,851.42,96.36,62.01,140,99.61,0
2026-05-28 09:00:00,Hostel A,26.59,53.84,292,27.15,582.47,67.8,94.57,129,30.72,0
2026-05-28 10:00:00,Library,27.1,68.5,158,139.04,741.22,47.32,41.11,236,70.32,0
2026-05-28 11:00:00,Hostel A,29.18,51.33,218,147.58,889.77,53.06,20.35,70,77.91,0
2026-05-28 12:00:00,Hostel B,25.76,61.54,228,111.24,695.91,35.93,42.95,201,42.77,0
2026-05-28 13:00:00,Engineering Block,26.75,54.78,495,192.23806929113678,1941.548171276188,117.99269184971797,89.49,209,33.59,1
2026-05-28 14:00:00,Hostel A,26.65,72.19,292,161.24,705.52,86.05,91.02,213,30.52,0
2026-05-28 15:00:00,Engineering Block,25.49,53.24,380,71.58,930.3,110.81,20.98,167,94.82,0
2026-05-28 16:00:00,Hostel A,32.92,56.48,157,160.1,1096.97,100.45,78.81,83,70.8,0
2026-05-28 17:00:00,Admin Block,29.84,69.46,429,151.8,1369.3,101.19,22.75,144,41.98,0
2026-05-28 18:00:00,Admin Block,29.0,49.72,153,139.62,941.47,90.07,89.6,231,73.1,0
2026-05-28 19:00:00,Auditorium,31.23,60.69,356,183.59,593.38,87.86,52.77,110,30.18,0
2026-05-28 20:00:00,Admin Block,26.94,41.77,35,120.59,846.16,75.02,90.89,116,56.16,0
2026-05-28 21:00:00,Auditorium,24.9,49.12,122,141.74,1340.04,97.93,16.7,119,83.76,0
2026-05-28 22:00:00,Admin Block,25.59,63.82,262,118.32,1087.52,64.49,16.88,71,36.98,0
2026-05-28 23:00:00,Admin Block,28.01,50.09,109,108.76,898.17,78.06,94.18,142,72.26,0
2026-05-29 00:00:00,Admin Block,23.76,54.55,23,138.5,993.53,83.76,79.51,134,52.1,0
2026-05-29 01:00:00,Engineering Block,26.0,64.93,81,109.38,919.9,98.35,23.1,147,36.9,0
2026-05-29 02:00:00,Library,25.94,54.21,231,122.19,531.02,66.99,90.14,123,87.72,0
2026-05-29 03:00:00,Auditorium,36.5,68.23,267,122.38,901.35,123.17,86.84,195,68.38,0
2026-05-29 04:00:00,Hostel A,16.9,62.16,211,105.83,676.0,144.76,58.4,139,85.39,0
2026-05-29 05:00:00,Admin Block,27.28,64.36,75,145.71,713.58,40.77,24.86,24,97.79,0
2026-05-29 06:00:00,Engineering Block,34.9,72.41,478,58.01,779.12,92.09,48.02,192,42.85,0
2026-05-29 07:00:00,Engineering Block,28.49,63.2,426,95.67,330.18,111.61,59.52,12,39.59,0
2026-05-29 08:00:00,Engineering Block,31.01,75.39,308,85.92,808.08,66.03,28.86,115,98.66,0
2026-05-29 09:00:00,Auditorium,28.4,69.11,50,130.75,430.13,95.35,87.26,94,46.33,0
2026-05-29 10:00:00,Library,25.33,54.77,410,111.68,1059.29,64.8,85.02,62,59.88,0
2026-05-29 11:00:00,Auditorium,19.03,72.93,489,108.93302700867575,729.9223802641211,111.92115963027965,12.1,140,88.54,1
2026-05-29 12:00:00,Hostel A,28.82,62.64,408,136.45,416.3,76.91,11.77,34,46.13,0
2026-05-29 13:00:00,Library,24.9,56.05,440,127.96,379.59,54.5,49.32,113,79.8,0
2026-05-29 14:00:00,Computer Science Block,24.8,62.78,20,121.28,928.03,74.29,93.18,88,85.08,0
2026-05-29 15:00:00,Laboratory,26.0,71.12,217,147.32,848.5,54.71,79.13,58,64.75,0
2026-05-29 16:00:00,Engineering Block,34.98,64.55,64,138.27,1276.66,80.01,96.26,186,64.12,0
2026-05-29 17:00:00,Auditorium,37.62,78.22,66,111.84,958.03,81.56,35.56,227,46.01,0
2026-05-29 18:00:00,Computer Science Block,28.87,70.87,471,134.57,409.91,85.32,97.13,128,73.82,0
2026-05-29 19:00:00,Hostel B,26.14,65.23,241,167.93,639.61,91.19,57.84,161,44.06,0
2026-05-29 20:00:00,Auditorium,23.29,49.74,305,114.63,898.21,86.6,64.99,185,48.39,0
2026-05-29 21:00:00,Admin Block,29.87,58.2,100,163.63,932.87,100.72,30.6,226,71.74,0
2026-05-29 22:00:00,Laboratory,35.13,60.72,463,186.33,402.55,65.11,51.52,35,49.43,0
2026-05-29 23:00:00,Admin Block,27.01,66.97,299,131.55,1075.49,103.41,78.06,8,62.47,0
2026-05-30 00:00:00,Library,18.48,66.37,306,84.81,633.43,90.28,41.6,161,96.53,0
2026-05-30 01:00:00,Laboratory,30.68,61.7,303,109.59,638.48,77.14,16.27,48,71.63,0
2026-05-30 02:00:00,Auditorium,31.94,61.2,448,125.7,1118.37,66.48,85.4,98,82.56,0
2026-05-30 03:00:00,Hostel A,21.66,67.2,407,273.25511624857546,1778.1224537023213,68.60452615585002,13.01,131,79.21,1
2026-05-30 04:00:00,Computer Science Block,28.71,51.41,208,124.51,934.95,51.13,18.67,26,96.69,0
2026-05-30 05:00:00,Hostel A,29.8,76.96,58,162.52,982.13,120.56,67.34,130,37.48,0
2026-05-30 06:00:00,Auditorium,27.71,39.53,102,90.25,460.68,51.21,70.17,100,42.86,0
2026-05-30 07:00:00,Library,24.84,74.55,427,132.88,912.4,62.63,59.49,144,78.0,0
2026-05-30 08:00:00,Admin Block,32.06,59.55,346,152.24,1331.21,73.49,17.0,34,89.24,0
2026-05-30 09:00:00,Laboratory,26.39,70.03,449,111.22,797.74,80.07,79.92,9,82.26,0
2026-05-30 10:00:00,Hostel A,22.06,63.64,456,84.09,943.84,69.78,63.84,198,40.34,0
2026-05-30 11:00:00,Auditorium,19.8,63.46,195,112.81,1485.32,95.58,70.34,127,77.59,0
2026-05-30 12:00:00,Hostel A,33.04,65.54,28,83.55,1236.04,85.7,10.26,202,73.97,0
2026-05-30 13:00:00,Auditorium,30.47,68.09,297,95.27,740.25,93.55,17.91,111,67.59,0
2026-05-30 14:00:00,Admin Block,28.35,56.71,402,140.35,972.74,114.13,74.88,111,69.49,0
2026-05-30 15:00:00,Laboratory,26.24,70.35,277,129.25,1038.44,85.42,71.0,167,72.5,0
2026-05-30 16:00:00,Computer Science Block,25.88,49.16,366,144.92,1389.42,74.07,27.85,78,42.67,0
2026-05-30 17:00:00,Admin Block,23.7,59.95,291,136.93,621.79,24.8,55.44,84,53.27,0
2026-05-30 18:00:00,Hostel A,26.27,68.36,280,112.79,1617.08,137.04,38.12,52,72.87,0
2026-05-30 19:00:00,Computer Science Block,19.52,69.95,415,84.65,922.32,122.51,66.24,218,35.56,0
2026-05-30 20:00:00,Auditorium,25.06,64.61,199,131.33,771.79,111.66,81.77,183,79.71,0
2026-05-30 21:00:00,Computer Science Block,26.76,56.07,173,101.29,1005.41,84.72,26.92,82,82.19,0
2026-05-30 22:00:00,Auditorium,30.44,68.97,34,115.12,759.27,77.09,68.44,236,40.07,0
2026-05-30 23:00:00,Admin Block,27.84,53.31,86,94.98,766.3,79.43,49.09,148,49.89,0
2026-05-31 00:00:00,Hostel A,31.18,77.51,348,151.64,707.75,88.87,27.35,52,46.18,0
2026-05-31 01:00:00,Library,33.4,59.15,206,41.56,713.64,100.54,45.69,171,44.69,0
2026-05-31 02:00:00,Hostel A,32.23,44.6,367,138.03,428.19,61.04,19.38,133,55.67,0
2026-05-31 03:00:00,Auditorium,29.88,48.05,442,125.22,441.86,70.7,69.19,129,82.82,0
2026-05-31 04:00:00,Engineering Block,28.05,60.44,82,298.1049574902222,1296.2055565972398,121.36390670788177,99.84,20,58.47,1
2026-05-31 05:00:00,Laboratory,24.08,61.4,375,77.21,917.13,93.43,75.99,24,67.44,0
2026-05-31 06:00:00,Hostel B,30.96,79.7,300,118.39,668.9,104.68,86.68,164,38.59,0
2026-05-31 07:00:00,Library,34.72,49.62,60,105.03,1379.02,112.13,30.32,134,73.01,0
2026-05-31 08:00:00,Computer Science Block,29.37,60.39,47,114.46,1009.55,86.37,19.56,63,99.94,0
2026-05-31 09:00:00,Library,35.67,49.41,386,120.62,682.35,125.35,10.19,191,81.04,0
2026-05-31 10:00:00,Laboratory,21.9,55.07,296,103.22,1301.58,82.37,75.66,218,63.94,0
2026-05-31 11:00:00,Computer Science Block,23.38,76.84,240,116.21,796.04,123.99,84.08,9,62.99,0
2026-05-31 12:00:00,Laboratory,31.42,48.64,236,163.37,794.03,104.94,27.02,198,94.58,0
2026-05-31 13:00:00,Computer Science Block,29.06,65.87,241,170.65,1010.57,71.49,53.05,245,58.55,0
2026-05-31 14:00:00,Library,33.26,63.93,80,128.36,831.54,137.95,62.65,171,80.84,0
2026-05-31 15:00:00,Computer Science Block,27.94,59.76,122,171.33,874.52,44.84,96.24,48,72.7,0
2026-05-31 16:00:00,Computer Science Block,24.53,65.19,204,69.47,1018.06,118.04,92.25,173,73.87,0
2026-05-31 17:00:00,Engineering Block,27.15,48.4,414,148.17,564.73,75.17,11.42,100,35.86,0
2026-05-31 18:00:00,Hostel A,21.87,76.56,166,127.43,823.28,34.93,14.43,125,76.6,0
2026-05-31 19:00:00,Hostel A,23.49,79.25,94,107.01,615.24,141.31,96.3,66,74.94,0
2026-05-31 20:00:00,Hostel B,31.89,60.47,492,141.46,937.35,89.24,15.23,79,81.92,0
2026-05-31 21:00:00,Hostel B,31.49,84.23,20,125.48,497.24,74.56,62.38,30,77.42,0
2026-05-31 22:00:00,Auditorium,29.45,56.01,435,99.02,1243.7,74.9,17.13,55,91.59,0
2026-05-31 23:00:00,Auditorium,21.12,64.0,488,282.8338708498876,1394.6215085561914,181.91779914351807,70.02,99,99.82,1
2026-06-01 00:00:00,Auditorium,26.57,74.32,384,118.42,766.61,82.71,26.58,211,43.37,0
2026-06-01 01:00:00,Engineering Block,23.1,55.41,352,95.0,821.3,133.31,13.07,144,92.19,0
2026-06-01 02:00:00,Hostel B,32.71,46.18,181,148.37,608.53,69.18,35.09,222,50.45,0
2026-06-01 03:00:00,Laboratory,25.67,43.88,36,60.35,908.09,51.75,57.82,179,48.34,0
2026-06-01 04:00:00,Auditorium,23.66,80.61,262,177.51,1127.35,89.08,58.15,53,45.72,0
2026-06-01 05:00:00,Auditorium,28.12,54.71,458,151.73,767.51,90.79,78.72,79,68.23,0
2026-06-01 06:00:00,Library,25.44,58.14,386,53.82,743.91,55.76,15.44,117,66.89,0
2026-06-01 07:00:00,Admin Block,33.93,48.87,38,162.48,1010.95,46.91,10.74,218,89.54,0
2026-06-01 08:00:00,Laboratory,25.06,69.48,349,122.97,995.67,59.31,74.28,224,60.73,0
2026-06-01 09:00:00,Auditorium,22.4,52.18,445,47.99,881.09,70.89,95.88,26,84.85,0
2026-06-01 10:00:00,Auditorium,19.39,55.09,78,54.85,1154.3,62.02,27.34,89,98.2,0
2026-06-01 11:00:00,Auditorium,27.88,63.0,220,140.04,953.29,113.91,23.49,112,43.6,0
2026-06-01 12:00:00,Admin Block,25.75,49.36,134,81.76,1293.5,73.71,40.87,186,35.86,0
2026-06-01 13:00:00,Admin Block,22.28,58.21,222,218.59881440323045,1104.3628248712814,193.4281750275886,73.2,78,54.49,1
2026-06-01 14:00:00,Engineering Block,32.76,74.02,313,123.68,564.35,25.42,78.56,57,97.08,0
2026-06-01 15:00:00,Laboratory,30.67,64.28,50,137.7,1197.78,92.04,94.3,42,84.8,0
2026-06-01 16:00:00,Engineering Block,27.89,61.31,213,127.44,409.08,85.96,82.17,29,61.8,0
2026-06-01 17:00:00,Computer Science Block,33.46,62.15,491,88.27,638.9,111.07,12.5,107,36.52,0
2026-06-01 18:00:00,Admin Block,30.65,56.11,125,93.75,603.92,78.75,28.57,146,50.74,0
2026-06-01 19:00:00,Library,24.71,79.96,386,82.88,865.27,56.65,42.0,244,92.08,0
2026-06-01 20:00:00,Hostel B,23.84,51.88,472,128.06,830.71,86.47,95.22,39,40.78,0
2026-06-01 21:00:00,Library,31.27,62.11,325,126.3,1153.23,85.74,64.5,77,75.8,0
2026-06-01 22:00:00,Hostel B,29.59,61.15,145,133.94,866.63,64.12,99.67,170,72.92,0
2026-06-01 23:00:00,Admin Block,28.68,70.09,433,126.44,706.5,75.87,38.59,194,51.74,0
2026-06-02 00:00:00,Admin Block,24.61,71.03,122,123.95,779.75,70.12,92.92,105,71.33,0
2026-06-02 01:00:00,Admin Block,30.43,59.68,182,151.27,615.37,122.64,72.88,8,81.61,0
2026-06-02 02:00:00,Engineering Block,24.98,62.91,334,123.41,1015.14,78.31,89.84,83,34.13,0
2026-06-02 03:00:00,Laboratory,27.59,63.29,140,150.93,1221.92,78.72,93.04,161,85.8,0
2026-06-02 04:00:00,Hostel B,33.79,37.28,259,106.26,902.22,74.72,50.77,206,62.22,0
2026-06-02 05:00:00,Laboratory,25.36,44.11,420,92.47,845.54,72.01,88.48,37,45.55,0
2026-06-02 06:00:00,Engineering Block,21.71,53.95,114,162.03,966.45,86.5,98.49,139,67.75,0
2026-06-02 07:00:00,Engineering Block,23.79,54.38,469,103.56,736.28,61.74,70.04,249,34.13,0
2026-06-02 08:00:00,Hostel A,31.98,48.01,227,116.17,814.72,77.32,33.31,85,88.92,0
2026-06-02 09:00:00,Library,29.02,67.5,168,91.04,808.58,42.31,34.24,8,99.45,0
2026-06-02 10:00:00,Library,27.48,60.02,369,189.55,1026.12,85.84,77.72,206,77.43,0
2026-06-02 11:00:00,Computer Science Block,25.96,57.85,327,66.43,753.44,86.48,39.58,197,52.27,0
2026-06-02 12:00:00,Auditorium,29.94,47.44,212,154.39,320.64,52.27,46.99,110,92.49,0
2026-06-02 13:00:00,Engineering Block,24.6,59.55,161,54.87,566.59,95.72,57.39,88,51.83,0
2026-06-02 14:00:00,Hostel B,29.22,33.73,291,106.76,1426.83,71.61,92.05,203,55.3,0
2026-06-02 15:00:00,Hostel A,25.07,58.37,330,145.91,809.13,116.06,74.02,13,94.56,0
2026-06-02 16:00:00,Hostel A,24.41,60.63,412,178.78,975.18,74.92,36.19,36,73.44,0
2026-06-02 17:00:00,Auditorium,25.45,62.42,411,111.64,829.29,113.53,22.03,32,56.61,0
2026-06-02 18:00:00,Laboratory,26.5,44.36,220,101.08,831.36,96.02,36.08,224,60.94,0
2026-06-02 19:00:00,Auditorium,27.8,62.25,181,127.13,570.7,51.18,40.02,66,77.61,0
2026-06-02 20:00:00,Auditorium,28.94,49.59,128,177.79,1275.92,66.96,75.94,6,75.7,0
2026-06-02 21:00:00,Auditorium,13.25,51.88,436,125.94,663.09,121.56,48.27,128,55.45,0
2026-06-02 22:00:00,Library,24.77,67.18,489,137.88,657.15,101.83,99.81,136,38.36,0
2026-06-02 23:00:00,Engineering Block,26.43,80.14,369,97.6,945.65,55.51,13.1,85,59.47,0
2026-06-03 00:00:00,Computer Science Block,34.02,60.51,282,151.82,1141.27,92.97,41.88,74,76.9,0
2026-06-03 01:00:00,Engineering Block,23.68,51.83,229,65.18,781.54,64.1,17.73,12,48.61,0
2026-06-03 02:00:00,Laboratory,28.65,61.89,168,163.85,381.73,72.63,42.11,178,91.9,0
2026-06-03 03:00:00,Admin Block,33.98,69.39,275,166.51,389.66,115.85,49.03,144,53.75,0
2026-06-03 04:00:00,Auditorium,22.75,66.21,408,190.73,1236.43,92.45,90.2,131,44.33,0
2026-06-03 05:00:00,Engineering Block,29.58,87.43,218,166.44,868.31,50.63,48.28,151,59.42,0
2026-06-03 06:00:00,Laboratory,24.79,52.85,415,101.12,1182.19,82.44,12.3,127,46.64,0
2026-06-03 07:00:00,Admin Block,25.98,62.52,462,171.29,908.8,109.2,95.97,225,61.83,0
2026-06-03 08:00:00,Admin Block,24.79,75.49,356,159.56,636.98,89.86,23.07,228,36.21,0
2026-06-03 09:00:00,Auditorium,25.07,74.86,205,94.63,947.47,79.2,79.63,160,60.62,0
2026-06-03 10:00:00,Computer Science Block,38.89,40.5,363,127.3,916.99,67.04,28.02,137,81.7,0
2026-06-03 11:00:00,Hostel B,31.38,59.97,184,20.0,974.85,81.04,93.1,175,49.76,0
2026-06-03 12:00:00,Library,32.41,74.85,127,71.72,870.66,20.0,30.39,117,98.9,0
2026-06-03 13:00:00,Engineering Block,29.97,88.91,102,148.73,730.13,82.78,86.96,16,42.93,0
2026-06-03 14:00:00,Admin Block,21.57,67.04,320,177.22,1136.5,54.62,47.31,73,54.03,0
2026-06-03 15:00:00,Engineering Block,29.58,56.32,99,278.5674827349745,1682.2193750767558,100.99033925380267,50.24,37,64.44,1
2026-06-03 16:00:00,Hostel B,32.29,49.91,272,121.94,908.95,88.16,66.63,185,89.04,0
2026-06-03 17:00:00,Library,24.59,82.19,44,83.84,605.2,85.35,53.87,35,60.43,0
2026-06-03 18:00:00,Hostel B,31.86,67.29,302,142.55,579.75,75.83,40.31,157,81.49,0
2026-06-03 19:00:00,Library,30.82,51.52,70,52.93,648.44,77.69,31.83,139,31.05,0
2026-06-03 20:00:00,Hostel A,35.41,57.97,394,138.02,578.86,64.45,33.96,235,31.79,0
2026-06-03 21:00:00,Library,26.33,63.1,445,88.44,310.44,35.31,73.32,157,32.66,0
2026-06-03 22:00:00,Auditorium,23.61,65.44,127,146.44,693.49,77.7,19.79,161,31.62,0
2026-06-03 23:00:00,Computer Science Block,26.55,51.0,474,148.13,1230.86,94.85,60.54,207,44.31,0
2026-06-04 00:00:00,Hostel B,33.74,53.86,257,100.21,744.62,52.77,44.16,25,71.71,0
2026-06-04 01:00:00,Admin Block,20.69,43.47,445,152.68,534.68,67.3,41.78,60,85.33,0
2026-06-04 02:00:00,Auditorium,19.73,70.4,335,58.6,1027.39,76.69,74.39,27,69.73,0
2026-06-04 03:00:00,Hostel A,28.36,56.58,347,114.98,820.54,75.61,55.29,10,35.69,0
2026-06-04 04:00:00,Computer Science Block,26.23,64.66,482,147.69,756.31,79.82,16.95,234,79.25,0
2026-06-04 05:00:00,Engineering Block,28.03,74.22,205,301.70364163036646,945.7855950697814,144.42389980427612,91.86,219,68.71,1
2026-06-04 06:00:00,Auditorium,31.78,62.2,99,100.55,851.8,55.25,90.82,78,52.13,0
2026-06-04 07:00:00,Hostel B,25.79,58.87,347,150.87,858.62,91.73,48.28,128,42.38,0
2026-06-04 08:00:00,Laboratory,20.51,61.94,115,152.17,926.45,68.41,11.24,167,35.67,0
2026-06-04 09:00:00,Laboratory,36.18,60.63,401,78.93,868.48,97.37,15.42,137,64.63,0
2026-06-04 10:00:00,Admin Block,24.01,72.46,484,116.08,814.44,83.42,54.24,66,88.88,0
2026-06-04 11:00:00,Library,23.76,63.11,169,126.83,850.44,89.16,17.33,86,37.05,0
2026-06-04 12:00:00,Admin Block,32.41,54.56,371,126.33,822.49,104.22,49.89,89,37.43,0
2026-06-04 13:00:00,Laboratory,26.46,70.48,461,148.4,481.17,91.23,27.08,83,49.21,0
2026-06-04 14:00:00,Engineering Block,27.75,72.3,414,105.54,1339.67,98.94,82.22,208,56.6,0
2026-06-04 15:00:00,Hostel A,29.93,46.62,384,177.25,1000.32,118.41,43.08,44,99.51,0
2026-06-04 16:00:00,Hostel A,32.33,75.33,25,106.21,886.09,49.35,44.06,130,67.76,0
2026-06-04 17:00:00,Hostel B,26.67,63.65,41,80.31,792.23,64.33,12.24,203,87.96,0
2026-06-04 18:00:00,Hostel A,34.08,62.83,481,112.07,807.66,66.81,68.84,224,45.78,0
2026-06-04 19:00:00,Hostel B,19.46,70.07,239,128.89,922.83,112.66,79.61,231,93.7,0
2026-06-04 20:00:00,Auditorium,31.04,54.33,378,78.75,1200.76,79.17,33.71,129,82.07,0
2026-06-04 21:00:00,Hostel B,24.64,69.54,31,231.98202711921513,1397.7994415659236,98.69010299208286,65.51,139,53.4,1
2026-06-04 22:00:00,Auditorium,33.49,56.23,302,76.59,917.93,55.42,68.22,150,82.81,0
2026-06-04 23:00:00,Hostel B,28.57,45.25,404,144.61,445.47,98.32,66.67,52,92.06,0
2026-06-05 00:00:00,Laboratory,25.31,50.02,211,113.79,1053.18,88.29,72.85,216,55.16,0
2026-06-05 01:00:00,Laboratory,30.65,65.67,477,36.49,935.69,43.4,80.65,222,88.21,0
2026-06-05 02:00:00,Library,31.57,50.55,244,156.33,824.29,64.91,78.22,102,61.16,0
2026-06-05 03:00:00,Auditorium,30.57,76.1,355,79.03,309.22,30.31,61.66,235,82.18,0
2026-06-05 04:00:00,Computer Science Block,23.88,71.89,186,213.34,706.77,100.69,94.5,233,50.61,0
2026-06-05 05:00:00,Auditorium,26.06,73.33,335,96.08,615.19,80.64,80.24,210,78.36,0
2026-06-05 06:00:00,Hostel B,27.98,61.25,135,99.76,621.47,75.67,90.18,83,91.33,0
2026-06-05 07:00:00,Hostel B,27.83,62.58,345,125.61,385.9,44.2,55.7,84,63.57,0
2026-06-05 08:00:00,Computer Science Block,31.0,48.06,457,35.5,758.55,64.09,73.04,27,84.5,0
2026-06-05 09:00:00,Admin Block,19.94,69.96,428,135.41,1305.32,95.44,87.68,102,68.98,0
2026-06-05 10:00:00,Hostel B,29.34,63.8,167,144.54,1027.27,72.49,58.58,216,89.44,0
2026-06-05 11:00:00,Library,26.84,65.67,55,151.72,863.23,66.79,88.66,23,46.6,0
2026-06-05 12:00:00,Hostel A,24.65,76.88,426,129.83,987.5,121.64,75.27,142,31.64,0
2026-06-05 13:00:00,Hostel A,25.03,53.94,483,123.19,1398.04,39.7,77.84,182,76.92,0
2026-06-05 14:00:00,Engineering Block,27.14,58.74,404,66.89,599.8,63.9,93.46,38,84.4,0
2026-06-05 15:00:00,Engineering Block,13.6,63.27,264,137.26,654.83,59.04,39.73,108,35.5,0
2026-06-05 16:00:00,Hostel A,25.19,50.65,497,118.54,728.24,93.82,63.52,234,76.11,0
2026-06-05 17:00:00,Hostel A,24.5,58.12,430,105.05,496.07,86.73,34.54,183,44.73,0
2026-06-05 18:00:00,Laboratory,30.13,64.93,327,83.85,930.39,77.9,57.63,76,99.29,0
2026-06-05 19:00:00,Library,24.78,56.75,149,136.8,773.25,52.09,49.93,55,84.8,0
2026-06-05 20:00:00,Computer Science Block,27.14,73.09,259,202.44827399255,1775.3905275107752,136.31869594855917,51.17,217,40.82,1
2026-06-05 21:00:00,Engineering Block,34.17,44.89,424,54.13,1058.09,33.41,28.77,197,63.25,0
2026-06-05 22:00:00,Laboratory,31.98,71.23,412,112.19,1179.88,71.15,66.3,49,85.14,0
2026-06-05 23:00:00,Laboratory,31.61,66.61,386,93.04,1030.76,65.29,81.6,117,66.52,0
2026-06-06 00:00:00,Computer Science Block,26.0,54.31,363,150.66,755.84,101.76,34.18,174,98.51,0
2026-06-06 01:00:00,Laboratory,30.17,50.76,323,114.2,722.55,94.23,21.15,128,60.28,0
2026-06-06 02:00:00,Auditorium,27.06,39.2,124,110.8,602.57,93.78,32.98,86,92.08,0
2026-06-06 03:00:00,Library,27.22,52.05,186,130.81,861.64,83.77,77.97,63,36.46,0
2026-06-06 04:00:00,Hostel A,29.64,70.47,61,178.62,939.53,111.35,15.71,123,68.43,0
2026-06-06 05:00:00,Hostel B,25.61,59.44,474,134.21,477.36,99.44,65.6,53,99.67,0
2026-06-06 06:00:00,Computer Science Block,33.97,71.63,273,92.36,1139.3,53.65,83.78,155,77.5,0
2026-06-06 07:00:00,Hostel A,27.36,53.8,369,65.51,856.56,68.62,82.15,148,40.77,0
2026-06-06 08:00:00,Hostel A,30.47,67.07,320,166.56,755.49,95.53,98.88,51,76.24,0
2026-06-06 09:00:00,Admin Block,33.82,52.83,405,34.18,596.19,85.85,81.1,174,59.77,0
2026-06-06 10:00:00,Auditorium,32.13,50.34,479,119.24,1201.32,79.08,22.14,157,79.29,0
2026-06-06 11:00:00,Computer Science Block,22.36,58.93,224,202.23,977.15,88.83,41.24,73,54.6,0
2026-06-06 12:00:00,Laboratory,29.78,53.35,214,57.78,1065.64,32.25,29.53,79,64.61,0
2026-06-06 13:00:00,Hostel B,31.4,44.57,190,80.9,822.9,90.04,43.87,47,45.2,0
2026-06-06 14:00:00,Computer Science Block,31.57,58.18,269,126.97,1254.18,108.35,67.32,114,41.27,0
2026-06-06 15:00:00,Laboratory,23.55,61.06,123,91.8,1055.89,98.44,36.08,138,50.9,0
2026-06-06 16:00:00,Hostel A,25.37,72.68,382,115.95,1180.72,146.49,21.59,243,84.31,0
2026-06-06 17:00:00,Hostel B,31.98,69.37,421,134.88,1140.94,91.51,74.28,146,85.54,0
2026-06-06 18:00:00,Laboratory,24.95,72.2,58,139.92,694.26,76.3,20.55,240,68.05,0
2026-06-06 19:00:00,Library,26.8,67.2,255,158.78,901.54,118.41,95.31,30,43.07,0
2026-06-06 20:00:00,Laboratory,34.3,63.33,153,64.64,1183.54,57.9,65.67,223,86.64,0
2026-06-06 21:00:00,Admin Block,27.81,47.71,271,164.32,972.22,68.28,78.8,146,90.69,0
2026-06-06 22:00:00,Auditorium,25.09,61.5,189,167.13,603.03,77.9,84.19,128,37.16,0
2026-06-06 23:00:00,Hostel A,24.49,65.97,455,149.6,872.23,59.41,67.87,60,59.0,0
2026-06-07 00:00:00,Laboratory,29.33,74.57,302,80.39,1054.14,96.83,73.18,111,68.57,0
2026-06-07 01:00:00,Auditorium,22.67,66.86,226,78.6,485.4,101.77,81.13,161,86.41,0
2026-06-07 02:00:00,Engineering Block,27.01,72.4,162,130.38,607.71,67.9,50.87,214,74.25,0
2026-06-07 03:00:00,Engineering Block,29.33,49.68,38,142.53,494.72,88.12,10.25,214,58.84,0
2026-06-07 04:00:00,Auditorium,33.2,56.74,209,161.14,968.76,87.53,97.03,210,62.45,0
2026-06-07 05:00:00,Auditorium,30.67,64.29,83,103.17,1239.85,88.98,31.84,132,60.03,0
2026-06-07 06:00:00,Admin Block,25.14,71.61,249,141.93,342.79,73.56,23.47,189,38.88,0
2026-06-07 07:00:00,Library,32.71,58.55,326,140.03,902.05,61.77,92.73,75,85.02,0
2026-06-07 08:00:00,Hostel A,26.8,59.18,194,97.1,690.94,115.07,58.71,96,34.49,0
2026-06-07 09:00:00,Computer Science Block,23.06,66.87,332,104.58,1277.08,61.39,34.81,9,78.02,0
2026-06-07 10:00:00,Admin Block,27.31,48.74,39,64.12,904.46,71.52,93.86,53,40.72,0
2026-06-07 11:00:00,Library,33.75,76.07,295,82.76,1063.78,104.61,86.98,108,59.35,0
2026-06-07 12:00:00,Auditorium,28.66,51.21,357,97.95,1198.12,79.18,51.02,65,38.48,0
2026-06-07 13:00:00,Computer Science Block,28.05,40.81,467,138.27,894.0,136.59,96.06,181,71.39,0
2026-06-07 14:00:00,Auditorium,34.55,60.1,245,199.19,399.43,55.95,18.39,211,93.09,0
2026-06-07 15:00:00,Auditorium,22.27,76.98,250,136.97,820.28,60.13,94.38,53,72.62,0
2026-06-07 16:00:00,Engineering Block,22.86,65.86,120,76.44,902.6,74.05,51.43,102,57.51,0
2026-06-07 17:00:00,Engineering Block,21.54,67.51,246,103.29,556.54,101.52,51.53,73,95.65,0
2026-06-07 18:00:00,Computer Science Block,29.49,60.41,313,237.88650971864323,739.4135823713605,128.42080917143852,50.8,120,50.75,1
2026-06-07 19:00:00,Admin Block,28.67,58.48,57,91.89,504.39,93.72,48.75,72,47.92,0
2026-06-07 20:00:00,Engineering Block,34.17,44.55,84,172.47,1182.74,120.35,58.36,149,80.07,0
2026-06-07 21:00:00,Hostel A,28.97,37.41,95,143.96,558.02,26.39,99.56,133,96.98,0
2026-06-07 22:00:00,Auditorium,26.38,61.96,408,111.2,1551.64,37.84,11.3,65,84.49,0
2026-06-07 23:00:00,Hostel B,28.01,73.13,211,53.04,1207.92,64.21,55.01,14,57.01,0
2026-06-08 00:00:00,Laboratory,28.47,63.44,142,155.26,1078.96,75.93,35.53,166,49.27,0
2026-06-08 01:00:00,Computer Science Block,21.31,66.24,144,142.53,463.44,47.0,25.43,129,62.45,0
2026-06-08 02:00:00,Computer Science Block,38.84,75.84,46,136.54,1201.58,112.89,93.26,193,81.85,0
2026-06-08 03:00:00,Engineering Block,30.08,63.29,122,213.63,724.12,83.15,44.6,182,49.63,0
2026-06-08 04:00:00,Admin Block,28.84,58.77,295,87.24,392.11,112.07,59.18,37,88.75,0
2026-06-08 05:00:00,Auditorium,30.46,51.81,79,173.26,914.22,77.41,93.73,174,74.55,0
2026-06-08 06:00:00,Hostel A,30.84,80.22,187,113.47,963.26,77.37,53.15,95,63.82,0
2026-06-08 07:00:00,Admin Block,27.44,65.27,102,128.93,650.45,54.22,35.94,220,36.32,0
2026-06-08 08:00:00,Library,25.48,50.56,482,130.92,699.74,79.32,18.71,247,59.43,0
2026-06-08 09:00:00,Library,30.4,48.29,25,149.21,805.42,109.04,63.85,188,46.77,0
2026-06-08 10:00:00,Hostel B,29.54,72.53,476,94.99,798.87,94.28,92.04,121,65.64,0
2026-06-08 11:00:00,Engineering Block,24.76,49.63,183,203.78,1037.14,96.08,17.27,111,75.77,0
2026-06-08 12:00:00,Engineering Block,33.68,78.54,387,81.31,781.28,68.29,50.13,96,52.27,0
2026-06-08 13:00:00,Engineering Block,29.17,32.44,490,107.51,1261.36,56.64,69.82,215,86.9,0
2026-06-08 14:00:00,Hostel B,30.92,74.23,221,184.52,928.95,64.77,19.06,186,90.71,0
2026-06-08 15:00:00,Library,33.57,64.87,468,161.29,435.03,91.79,17.08,198,46.52,0
2026-06-08 16:00:00,Admin Block,28.09,61.19,414,107.52,1138.63,53.26,28.4,191,31.95,0
2026-06-08 17:00:00,Hostel B,29.27,58.25,196,143.81,639.77,74.31,21.82,133,42.0,0
2026-06-08 18:00:00,Hostel B,31.24,78.91,389,82.29,1135.39,60.46,44.0,177,61.75,0
2026-06-08 19:00:00,Admin Block,25.1,67.07,359,91.63,935.4,55.91,46.92,29,77.08,0
2026-06-08 20:00:00,Engineering Block,28.22,50.97,175,107.26,645.69,101.8,50.75,7,71.77,0
2026-06-08 21:00:00,Hostel A,28.5,42.81,297,169.92,745.54,81.6,54.2,203,70.79,0
2026-06-08 22:00:00,Admin Block,24.18,61.77,359,46.29,964.08,106.29,15.24,93,46.18,0
2026-06-08 23:00:00,Library,37.27,59.99,322,240.47311569935394,1850.697077293845,130.0869109442968,69.67,83,41.23,1
2026-06-09 00:00:00,Computer Science Block,22.37,44.8,121,106.16,1088.61,105.32,76.03,120,32.5,0
2026-06-09 01:00:00,Auditorium,22.81,59.45,99,141.74,958.19,97.62,22.35,61,60.16,0
2026-06-09 02:00:00,Computer Science Block,33.26,54.26,213,140.43,849.97,60.48,30.43,72,51.09,0
2026-06-09 03:00:00,Laboratory,30.85,60.09,300,119.06,875.85,105.87,35.25,134,68.38,0
2026-06-09 04:00:00,Laboratory,23.9,67.26,110,202.87050373633593,1472.6072929815825,105.47458979731168,47.46,10,72.16,1
2026-06-09 05:00:00,Hostel B,30.43,74.93,86,96.66,981.86,113.86,46.14,125,50.16,0
2026-06-09 06:00:00,Auditorium,33.87,69.09,234,109.02,954.88,117.22,28.51,231,68.72,0
2026-06-09 07:00:00,Computer Science Block,27.88,52.79,435,63.09,914.18,87.34,16.61,38,72.6,0
2026-06-09 08:00:00,Hostel A,38.4,63.69,164,262.8645552964477,2274.795242803255,140.06782318723634,36.14,89,91.6,1
2026-06-09 09:00:00,Engineering Block,21.1,60.63,59,95.3,945.0,54.23,80.13,129,40.25,0
2026-06-09 10:00:00,Library,30.78,46.68,231,103.8,1157.62,134.46,15.25,123,56.88,0
2026-06-09 11:00:00,Laboratory,32.67,63.98,305,112.79,687.28,44.96,42.95,63,52.25,0
2026-06-09 12:00:00,Hostel A,31.57,78.57,78,146.26,852.61,45.75,27.35,26,47.84,0
2026-06-09 13:00:00,Library,27.18,60.32,47,163.34,314.86,61.45,74.13,184,59.78,0
2026-06-09 14:00:00,Library,26.84,44.06,66,168.05,872.32,90.95,39.83,109,95.98,0
2026-06-09 15:00:00,Engineering Block,29.78,60.3,256,134.37,696.79,20.0,45.76,225,89.02,0
2026-06-09 16:00:00,Auditorium,31.26,47.86,136,106.36,673.28,58.23,92.54,245,66.57,0
2026-06-09 17:00:00,Hostel B,30.41,68.64,170,74.23,903.68,76.58,65.01,18,57.95,0
2026-06-09 18:00:00,Computer Science Block,32.16,65.25,102,205.43,749.33,123.9,84.14,242,60.23,0
2026-06-09 19:00:00,Engineering Block,23.92,58.29,76,182.33,464.13,71.4,71.64,174,47.68,0
2026-06-09 20:00:00,Hostel A,27.09,56.69,236,151.22,798.99,73.92,96.4,245,76.04,0
2026-06-09 21:00:00,Hostel B,24.24,57.88,491,143.03,1736.66,112.17,61.44,75,48.49,0
2026-06-09 22:00:00,Hostel A,26.46,60.08,404,107.61,955.46,74.42,32.49,201,37.79,0
2026-06-09 23:00:00,Hostel B,32.06,52.28,239,124.57,919.74,43.27,72.49,147,52.47,0
2026-06-10 00:00:00,Auditorium,28.43,46.12,304,152.22,567.22,91.09,83.82,56,64.1,0
2026-06-10 01:00:00,Laboratory,38.43,71.39,261,53.82,539.56,34.85,97.08,244,80.99,0
2026-06-10 02:00:00,Hostel A,28.77,56.15,453,98.57,616.04,81.12,65.6,210,64.11,0
2026-06-10 03:00:00,Engineering Block,28.24,61.67,339,120.37,920.08,102.94,83.98,233,32.43,0
2026-06-10 04:00:00,Hostel B,28.42,62.85,118,52.69,544.77,69.26,73.96,39,79.31,0
2026-06-10 05:00:00,Hostel B,25.45,63.22,261,67.94,1207.31,66.32,79.75,65,84.19,0
2026-06-10 06:00:00,Library,27.77,48.26,484,96.96,559.54,105.73,63.8,117,37.22,0
2026-06-10 07:00:00,Library,32.51,43.24,222,123.01,1051.88,77.1,36.2,125,80.48,0
2026-06-10 08:00:00,Admin Block,28.46,54.11,56,172.86,916.89,68.16,17.88,96,75.98,0
2026-06-10 09:00:00,Hostel A,24.83,63.96,265,104.35,1226.05,84.0,74.79,105,57.32,0
2026-06-10 10:00:00,Library,24.3,52.72,464,185.84,576.41,119.36,84.66,94,85.74,0
2026-06-10 11:00:00,Admin Block,26.2,56.45,147,94.55,1616.96,63.64,79.4,202,79.74,0
2026-06-10 12:00:00,Laboratory,28.3,81.27,154,115.6,897.49,77.87,13.57,180,69.84,0
2026-06-10 13:00:00,Laboratory,32.77,41.55,365,68.17,1149.34,29.2,14.95,51,83.38,0
2026-06-10 14:00:00,Library,22.64,52.45,362,104.74,948.12,109.91,19.28,204,60.52,0
2026-06-10 15:00:00,Hostel A,26.72,78.97,83,53.39,584.5,59.58,84.2,206,72.62,0
2026-06-10 16:00:00,Hostel B,28.58,59.55,293,238.5,657.87,87.06,64.96,50,32.86,0
2026-06-10 17:00:00,Computer Science Block,20.67,52.94,48,83.42,856.28,120.9,63.07,26,61.58,0
2026-06-10 18:00:00,Auditorium,24.67,71.69,389,132.57,656.93,83.89,29.2,206,72.35,0
2026-06-10 19:00:00,Hostel A,25.28,60.55,245,103.31,887.22,113.71,16.89,87,30.27,0
2026-06-10 20:00:00,Auditorium,24.82,56.52,79,243.67529901117663,1737.81572870821,151.46177832364273,81.65,36,57.78,1
2026-06-10 21:00:00,Engineering Block,28.77,61.92,73,117.32,1170.41,89.98,84.56,146,67.39,0
2026-06-10 22:00:00,Laboratory,27.36,53.42,347,153.23,1267.48,23.71,32.62,28,55.93,0
2026-06-10 23:00:00,Library,25.78,49.83,168,137.79,838.68,20.0,84.34,22,55.37,0
2026-06-11 00:00:00,Library,29.71,58.86,424,128.46,744.16,112.28,38.17,122,90.09,0
2026-06-11 01:00:00,Auditorium,34.89,49.89,77,303.73635353366006,750.0659785159038,173.57771278197595,83.08,31,97.51,1
2026-06-11 02:00:00,Hostel B,34.56,60.11,452,132.99,260.44,88.38,16.18,22,36.76,0
2026-06-11 03:00:00,Auditorium,20.31,63.54,55,75.33,825.7,68.48,41.03,130,93.75,0
2026-06-11 04:00:00,Engineering Block,30.31,68.53,164,111.31,1163.11,69.9,79.34,72,56.51,0
2026-06-11 05:00:00,Hostel B,27.29,71.28,269,143.93,880.23,75.17,35.99,161,46.65,0
2026-06-11 06:00:00,Engineering Block,28.62,55.94,99,99.17,954.37,68.81,13.63,163,40.48,0
2026-06-11 07:00:00,Computer Science Block,26.41,64.99,456,132.5,594.66,89.22,23.53,135,82.33,0
2026-06-11 08:00:00,Laboratory,28.47,64.93,34,158.58,738.26,97.21,96.55,85,80.65,0
2026-06-11 09:00:00,Library,28.61,63.28,482,95.71,1142.38,56.06,64.02,199,36.63,0
2026-06-11 10:00:00,Library,25.68,55.21,59,155.64,960.64,99.86,25.93,75,97.16,0
2026-06-11 11:00:00,Computer Science Block,24.41,49.72,100,116.29,733.81,83.05,68.29,163,35.07,0
2026-06-11 12:00:00,Admin Block,26.21,65.02,326,122.56,1017.33,77.44,66.1,223,64.79,0
2026-06-11 13:00:00,Laboratory,28.94,42.93,212,149.63,880.48,86.25,46.7,130,75.17,0
2026-06-11 14:00:00,Hostel B,30.4,57.32,416,140.76,1121.25,53.37,70.01,234,92.17,0
2026-06-11 15:00:00,Computer Science Block,31.41,34.46,185,24.84,971.72,63.87,20.06,135,48.87,0
2026-06-11 16:00:00,Hostel B,26.02,46.64,477,55.78,768.08,21.44,38.93,209,48.73,0
2026-06-11 17:00:00,Auditorium,29.14,51.23,372,138.61,794.34,88.45,13.38,22,84.69,0
2026-06-11 18:00:00,Hostel A,31.85,70.97,429,115.06,507.14,79.12,92.3,130,58.77,0
2026-06-11 19:00:00,Library,32.66,66.88,223,63.89,445.29,75.95,90.37,90,44.4,0
2026-06-11 20:00:00,Hostel B,27.76,54.46,230,96.93,739.22,75.13,28.36,177,31.49,0
2026-06-11 21:00:00,Engineering Block,27.12,67.29,418,124.1488036047828,2292.846348008493,126.61072665692741,73.69,144,82.21,1
2026-06-11 22:00:00,Hostel B,28.76,68.88,392,116.31,956.95,62.95,83.18,43,31.05,0
2026-06-11 23:00:00,Hostel A,23.4,58.39,408,164.04,777.08,86.25,46.65,182,74.63,0
2026-06-12 00:00:00,Laboratory,27.23,46.16,277,94.98,1015.09,106.22,83.52,194,60.02,0
2026-06-12 01:00:00,Library,30.98,57.92,134,128.6,1128.92,32.86,54.32,187,74.41,0
2026-06-12 02:00:00,Auditorium,30.57,59.02,353,116.35,697.62,73.58,81.75,23,83.21,0
2026-06-12 03:00:00,Computer Science Block,26.92,47.68,368,176.04,698.81,59.31,78.16,178,75.33,0
2026-06-12 04:00:00,Auditorium,28.87,63.67,252,164.39,1647.89,107.6,60.57,98,62.6,0
2026-06-12 05:00:00,Hostel A,24.7,62.8,468,64.39,626.93,89.95,55.66,122,93.52,0
2026-06-12 06:00:00,Library,30.81,64.45,96,113.3,711.93,98.2,36.35,57,30.25,0
2026-06-12 07:00:00,Hostel B,27.69,62.79,335,89.0,760.59,98.19,47.03,112,33.34,0
2026-06-12 08:00:00,Laboratory,26.9,67.3,115,98.97,600.33,122.87,45.26,128,64.06,0
2026-06-12 09:00:00,Admin Block,26.55,58.21,117,147.49,368.4,88.1,19.29,227,47.31,0
2026-06-12 10:00:00,Laboratory,27.75,62.02,75,126.76,872.69,58.56,57.17,213,60.13,0
2026-06-12 11:00:00,Admin Block,26.21,56.02,137,304.47730029316773,1296.0029159976118,149.6828258830703,62.23,224,50.1,1
2026-06-12 12:00:00,Engineering Block,30.63,54.16,481,39.81,960.95,69.45,97.21,237,46.19,0
2026-06-12 13:00:00,Laboratory,26.42,73.38,138,152.57,641.15,89.62,35.46,72,94.61,0
2026-06-12 14:00:00,Library,34.37,39.56,57,134.98,1164.57,80.65,45.95,9,45.17,0
2026-06-12 15:00:00,Admin Block,33.86,68.77,204,176.24,836.79,58.26,59.67,167,36.4,0
2026-06-12 16:00:00,Computer Science Block,24.43,53.79,377,98.62,639.85,74.54,86.77,139,45.8,0
2026-06-12 17:00:00,Library,28.28,52.5,261,157.66,679.26,37.17,33.22,148,59.91,0
2026-06-12 18:00:00,Computer Science Block,25.4,62.62,70,130.22,786.95,71.07,31.09,94,45.63,0
2026-06-12 19:00:00,Laboratory,26.69,45.1,444,124.66,1192.28,75.76,57.87,152,36.84,0
2026-06-12 20:00:00,Computer Science Block,36.01,51.84,482,102.92,704.22,47.88,21.57,136,48.81,0
2026-06-12 21:00:00,Admin Block,26.77,51.51,146,116.69,447.35,68.49,72.68,100,93.45,0
2026-06-12 22:00:00,Library,29.44,57.79,122,85.72,1285.27,127.81,87.38,205,82.69,0
2026-06-12 23:00:00,Hostel B,30.17,51.96,473,106.08,398.92,93.05,12.66,135,46.33,0
2026-06-13 00:00:00,Hostel A,24.0,76.01,496,99.32,1438.09,47.19,27.55,193,72.5,0
2026-06-13 01:00:00,Admin Block,24.58,77.97,248,109.98,389.66,69.52,62.12,121,89.93,0
2026-06-13 02:00:00,Admin Block,23.18,39.78,230,113.64,751.8,54.1,84.5,119,97.97,0
2026-06-13 03:00:00,Hostel B,24.46,65.44,455,114.52,740.62,101.23,54.11,228,35.2,0
2026-06-13 04:00:00,Library,16.6,68.59,404,119.73,1069.19,59.49,80.59,113,44.27,0
2026-06-13 05:00:00,Library,30.18,65.43,104,119.39,1024.7,67.69,48.0,54,96.04,0
2026-06-13 06:00:00,Auditorium,36.22,53.42,378,123.78,1336.99,104.17,44.88,58,91.94,0
2026-06-13 07:00:00,Laboratory,28.59,57.56,293,118.95,470.21,88.24,26.35,188,50.94,0
2026-06-13 08:00:00,Computer Science Block,22.33,52.52,46,110.53,418.47,75.72,23.64,121,43.84,0
2026-06-13 09:00:00,Laboratory,25.43,55.8,367,135.06,1112.46,80.74,77.07,134,87.08,0
2026-06-13 10:00:00,Hostel B,26.16,47.9,91,162.43,1418.26,61.93,25.24,224,37.37,0
2026-06-13 11:00:00,Laboratory,23.93,58.85,114,108.25,1155.18,118.6,46.7,201,73.39,0
2026-06-13 12:00:00,Hostel B,31.44,44.97,95,101.28,1034.18,54.07,59.05,18,93.53,0
2026-06-13 13:00:00,Library,31.24,58.0,445,133.18,1146.85,90.19,33.8,49,42.6,0
2026-06-13 14:00:00,Computer Science Block,23.38,47.51,25,123.77,513.07,95.06,84.92,206,38.76,0
2026-06-13 15:00:00,Laboratory,30.9,62.07,109,86.16,791.8,120.8,46.43,48,75.03,0
2026-06-13 16:00:00,Admin Block,34.11,53.21,99,93.71,858.26,75.64,43.91,164,72.99,0
2026-06-13 17:00:00,Engineering Block,35.61,62.91,241,99.19,824.16,53.76,26.04,234,34.71,0
2026-06-13 18:00:00,Auditorium,39.46,70.82,102,83.71,982.42,88.86,29.78,179,55.29,0
2026-06-13 19:00:00,Hostel A,24.39,75.89,101,291.2496451188657,1509.5414311264753,87.33482157222818,36.22,96,94.88,1
2026-06-13 20:00:00,Admin Block,39.3,34.72,171,146.77,738.8,61.97,41.44,5,46.09,0
2026-06-13 21:00:00,Library,26.58,51.66,64,91.6,562.24,46.63,73.12,194,67.01,0
2026-06-13 22:00:00,Hostel A,25.63,56.97,231,72.38,813.94,59.71,99.67,135,54.68,0
2026-06-13 23:00:00,Engineering Block,29.31,64.6,90,126.04,525.98,74.3,55.59,107,93.31,0
2026-06-14 00:00:00,Engineering Block,25.67,43.5,282,121.08,826.46,53.44,73.48,29,66.45,0
2026-06-14 01:00:00,Computer Science Block,29.6,50.18,419,200.56,931.26,66.15,31.93,34,61.53,0
2026-06-14 02:00:00,Hostel A,22.72,61.3,401,143.36,684.85,96.92,95.24,124,92.41,0
2026-06-14 03:00:00,Computer Science Block,27.04,60.85,77,130.6097281073818,2094.7282265462713,134.82376570763606,82.94,104,75.09,1
2026-06-14 04:00:00,Admin Block,33.14,63.78,76,86.69,1107.38,100.51,71.66,234,55.0,0
2026-06-14 05:00:00,Hostel B,27.77,64.44,445,131.04,724.6,98.42,38.21,62,99.52,0
2026-06-14 06:00:00,Hostel B,28.57,63.39,130,118.08,754.57,84.37,17.34,162,94.11,0
2026-06-14 07:00:00,Hostel B,29.9,61.94,161,116.14,1033.43,72.29,97.14,19,48.52,0
2026-06-14 08:00:00,Hostel A,32.68,60.56,75,122.34,597.73,79.34,75.27,227,32.37,0
2026-06-14 09:00:00,Hostel B,21.38,66.65,31,147.14,573.06,61.78,22.29,175,38.46,0
2026-06-14 10:00:00,Admin Block,30.34,37.61,368,184.89,761.9,52.91,59.67,221,40.83,0
2026-06-14 11:00:00,Computer Science Block,26.93,75.44,34,166.53,845.53,101.2,64.99,129,81.44,0
2026-06-14 12:00:00,Hostel A,28.67,37.96,27,84.49,712.68,98.56,49.91,27,56.33,0
2026-06-14 13:00:00,Computer Science Block,32.24,49.21,250,101.29,993.04,88.9,52.46,242,53.74,0
2026-06-14 14:00:00,Hostel A,23.22,57.73,205,91.58048175950941,894.7982302841978,123.11086961551189,59.14,222,69.12,1
2026-06-14 15:00:00,Computer Science Block,23.95,66.73,72,127.38,962.49,86.17,82.14,68,39.49,0
2026-06-14 16:00:00,Engineering Block,20.26,30.05,156,101.62,715.19,102.57,83.05,191,49.31,0
2026-06-14 17:00:00,Computer Science Block,25.8,59.72,193,119.32,1247.24,49.34,96.45,54,63.95,0
2026-06-14 18:00:00,Hostel B,33.32,67.92,367,91.2,1078.04,76.03,25.47,154,62.8,0
2026-06-14 19:00:00,Engineering Block,27.52,69.95,238,90.83,881.56,110.29,19.92,148,72.82,0
2026-06-14 20:00:00,Computer Science Block,22.64,53.03,282,66.09,839.69,83.41,64.95,85,51.69,0
2026-06-14 21:00:00,Hostel A,26.06,56.99,274,108.83,721.2,99.31,73.35,159,56.76,0
2026-06-14 22:00:00,Hostel A,22.05,53.84,319,139.91,183.36,122.26,40.59,149,34.44,0
2026-06-14 23:00:00,Auditorium,23.5,56.07,289,96.41,877.68,110.55,98.64,85,75.43,0
2026-06-15 00:00:00,Hostel A,29.56,49.68,94,142.81,1134.06,49.07,85.71,88,64.95,0
2026-06-15 01:00:00,Library,23.3,51.11,243,95.8,614.1,108.22,54.38,134,32.93,0
2026-06-15 02:00:00,Admin Block,32.45,64.34,390,120.02,644.13,89.68,75.18,123,65.33,0
2026-06-15 03:00:00,Hostel A,27.72,61.32,111,167.44,875.97,107.19,50.78,168,48.28,0
2026-06-15 04:00:00,Engineering Block,28.34,64.92,153,102.93,533.51,20.0,27.97,27,40.27,0
2026-06-15 05:00:00,Auditorium,26.89,62.14,182,127.88,667.28,97.87,24.34,96,30.36,0
2026-06-15 06:00:00,Hostel A,31.09,67.04,217,129.09,739.7,88.63,36.1,222,98.71,0
2026-06-15 07:00:00,Library,31.13,68.78,208,129.55,881.03,90.86,90.62,111,96.36,0
2026-06-15 08:00:00,Hostel B,29.34,42.58,427,138.56,1365.42,52.3,43.82,246,87.74,0
2026-06-15 09:00:00,Engineering Block,30.26,51.46,92,128.62,838.04,87.11,91.6,177,45.13,0
2026-06-15 10:00:00,Library,27.15,57.69,405,84.06,945.45,96.17,81.83,55,90.82,0
2026-06-15 11:00:00,Hostel B,30.17,59.77,225,105.53,831.14,119.05,64.62,80,92.8,0
2026-06-15 12:00:00,Laboratory,26.65,53.3,454,140.15,924.9,92.33,90.77,85,35.71,0
2026-06-15 13:00:00,Laboratory,28.01,69.12,50,144.66,887.77,94.9,27.05,173,66.5,0
2026-06-15 14:00:00,Engineering Block,26.9,79.8,401,94.0,1091.74,80.25,16.86,224,37.48,0
2026-06-15 15:00:00,Computer Science Block,26.17,61.86,497,154.04,1271.61,47.03,77.53,143,67.32,0
2026-06-15 16:00:00,Admin Block,25.24,60.84,138,103.3,812.72,98.59,91.49,234,89.1,0
2026-06-15 17:00:00,Auditorium,29.87,68.49,302,131.64,758.86,81.17,44.48,241,73.87,0
2026-06-15 18:00:00,Admin Block,33.24,41.34,385,126.83,1443.06,114.6,10.42,143,34.41,0
2026-06-15 19:00:00,Library,32.68,60.28,178,88.04,1275.86,62.3,78.97,211,30.69,0
2026-06-15 20:00:00,Hostel B,22.97,69.79,274,110.4,937.86,95.05,42.84,158,36.6,0
2026-06-15 21:00:00,Admin Block,33.16,53.57,264,48.47,1164.88,75.74,62.71,161,93.61,0
2026-06-15 22:00:00,Hostel B,26.73,47.73,125,106.22,1257.69,113.27,28.85,158,98.97,0
2026-06-15 23:00:00,Hostel B,30.4,58.14,217,163.18,795.81,64.76,71.32,27,63.84,0
2026-06-16 00:00:00,Library,24.38,59.39,446,53.33,1094.77,84.27,57.87,207,55.0,0
2026-06-16 01:00:00,Library,28.57,50.91,139,89.59,895.22,75.82,12.53,136,54.1,0
2026-06-16 02:00:00,Library,29.25,80.96,101,103.85,902.52,109.97,10.55,120,59.75,0
2026-06-16 03:00:00,Admin Block,22.06,55.21,327,45.28,1053.99,91.74,49.4,206,57.67,0
2026-06-16 04:00:00,Laboratory,30.43,48.46,289,49.68,1291.99,34.71,24.75,238,83.71,0
2026-06-16 05:00:00,Library,33.38,59.06,206,192.11,991.28,55.82,91.51,193,66.98,0
2026-06-16 06:00:00,Auditorium,27.3,69.08,295,140.54,1086.97,22.06,19.39,236,36.05,0
2026-06-16 07:00:00,Admin Block,33.44,60.17,393,154.99,1085.25,96.9,74.46,37,36.15,0
2026-06-16 08:00:00,Library,27.24,64.86,71,132.26,1186.19,20.0,41.5,127,37.78,0
2026-06-16 09:00:00,Hostel A,31.4,51.28,478,140.28,1004.41,93.97,94.15,187,57.24,0
2026-06-16 10:00:00,Hostel B,19.13,74.88,376,108.86,918.44,72.62,21.96,200,48.84,0
2026-06-16 11:00:00,Auditorium,37.68,65.62,315,156.5,774.24,110.55,80.0,232,55.91,0
2026-06-16 12:00:00,Library,33.98,70.48,87,295.53613149305374,2160.908351415144,83.91928729294213,96.33,12,36.56,1
2026-06-16 13:00:00,Engineering Block,26.86,63.65,319,96.32,764.19,67.7,96.13,218,93.48,0
2026-06-16 14:00:00,Hostel B,20.11,68.25,153,111.33,884.46,83.76,33.06,25,87.98,0
2026-06-16 15:00:00,Hostel B,29.15,51.27,362,99.69,603.13,52.88,36.68,98,69.16,0
2026-06-16 16:00:00,Library,22.22,55.09,139,117.01,1390.4,78.56,23.45,125,69.98,0
2026-06-16 17:00:00,Laboratory,29.78,73.46,76,145.93,587.14,55.8,43.54,192,65.29,0
2026-06-16 18:00:00,Computer Science Block,29.65,75.6,205,113.74,1001.57,94.41,71.39,98,45.98,0
2026-06-16 19:00:00,Laboratory,24.23,48.53,91,58.86,666.48,97.64,10.97,148,75.81,0
2026-06-16 20:00:00,Library,32.48,62.5,177,153.94,517.65,105.04,68.53,178,36.42,0
2026-06-16 21:00:00,Hostel B,31.22,55.69,247,93.25,981.68,53.97,11.6,70,70.91,0
2026-06-16 22:00:00,Auditorium,31.9,53.03,327,134.21,1238.16,102.26,70.07,27,60.81,0
2026-06-16 23:00:00,Engineering Block,28.04,62.85,253,137.62,670.2,42.19,85.64,38,34.05,0
2026-06-17 00:00:00,Auditorium,22.34,71.41,30,105.03,1010.29,48.53,42.41,196,60.28,0
2026-06-17 01:00:00,Auditorium,31.91,64.52,194,87.96,1313.79,87.09,46.6,226,71.39,0
2026-06-17 02:00:00,Hostel B,26.92,56.8,280,103.26,1436.79,47.0,75.49,68,35.57,0
2026-06-17 03:00:00,Laboratory,22.44,65.15,150,175.88,794.55,108.93,82.83,160,50.89,0
2026-06-17 04:00:00,Engineering Block,33.41,56.4,418,86.79,853.92,100.92,99.97,137,44.17,0
2026-06-17 05:00:00,Admin Block,36.4,64.12,405,81.46,895.43,136.21,58.65,167,31.66,0
2026-06-17 06:00:00,Hostel A,27.84,73.96,21,126.68,1047.97,69.22,86.91,141,35.72,0
2026-06-17 07:00:00,Hostel B,36.64,39.23,268,112.54,822.98,92.89,15.05,42,43.24,0
2026-06-17 08:00:00,Library,28.37,67.97,219,105.65,1029.9,82.55,19.64,242,71.99,0
2026-06-17 09:00:00,Admin Block,26.48,44.61,201,88.4,852.61,77.5,88.34,87,96.03,0
2026-06-17 10:00:00,Hostel A,25.48,72.28,449,119.27,678.71,116.52,44.06,173,75.98,0
2026-06-17 11:00:00,Library,34.55,53.63,369,114.35,979.15,72.81,30.35,64,98.63,0
2026-06-17 12:00:00,Auditorium,24.88,47.82,146,166.79,723.68,81.36,46.47,11,97.74,0
2026-06-17 13:00:00,Computer Science Block,30.94,66.95,401,88.99,619.24,94.05,57.31,194,66.44,0
2026-06-17 14:00:00,Library,25.76,63.64,316,102.98,868.36,104.19,39.17,121,45.53,0
2026-06-17 15:00:00,Engineering Block,26.16,50.01,216,164.95,663.42,63.61,27.79,30,93.92,0
2026-06-17 16:00:00,Engineering Block,32.12,47.47,305,101.89,777.65,105.98,13.33,82,67.48,0
2026-06-17 17:00:00,Computer Science Block,26.48,58.13,63,94.74,1110.33,97.44,79.08,228,40.63,0
2026-06-17 18:00:00,Admin Block,26.38,47.96,29,135.64,718.22,81.81,91.36,43,56.5,0
2026-06-17 19:00:00,Hostel A,32.53,49.39,244,125.55,565.65,70.69,11.55,162,53.37,0
2026-06-17 20:00:00,Library,34.39,61.16,235,109.18,1013.12,115.14,41.45,78,55.21,0
2026-06-17 21:00:00,Engineering Block,30.58,50.34,230,122.65,1141.07,114.27,90.34,6,36.95,0
2026-06-17 22:00:00,Admin Block,25.38,64.27,305,136.61,757.12,56.42,11.86,42,62.31,0
2026-06-17 23:00:00,Computer Science Block,25.96,74.9,236,125.63,1202.96,45.78,75.83,73,66.82,0
2026-06-18 00:00:00,Laboratory,28.32,58.51,350,140.19,1009.31,80.79,31.9,202,91.35,0
2026-06-18 01:00:00,Hostel B,29.28,61.3,68,113.42,1227.06,50.81,79.57,32,34.5,0
2026-06-18 02:00:00,Laboratory,24.05,80.18,182,83.96,627.97,62.73,71.13,19,86.75,0
2026-06-18 03:00:00,Laboratory,30.89,48.12,212,139.83,415.1,51.03,94.71,33,73.99,0
2026-06-18 04:00:00,Engineering Block,28.34,71.91,164,110.51,996.94,104.52,37.6,162,97.66,0
2026-06-18 05:00:00,Auditorium,21.14,70.71,178,109.61,863.31,61.33,23.64,48,87.99,0
2026-06-18 06:00:00,Auditorium,24.28,68.54,345,146.11,923.35,70.68,54.55,240,61.56,0
2026-06-18 07:00:00,Computer Science Block,25.98,72.92,480,178.11,970.97,97.45,98.63,99,84.55,0
2026-06-18 08:00:00,Library,27.71,62.81,199,61.19,1251.68,109.08,13.64,99,94.59,0
2026-06-18 09:00:00,Auditorium,35.56,54.17,45,108.95,700.62,68.62,26.05,39,64.72,0
2026-06-18 10:00:00,Laboratory,28.95,70.95,119,117.31,1286.72,100.02,87.15,158,48.64,0
2026-06-18 11:00:00,Auditorium,24.64,71.33,408,123.82,736.09,104.84,71.77,124,58.33,0
2026-06-18 12:00:00,Laboratory,28.88,71.05,130,113.62,984.53,54.26,48.24,77,59.6,0
2026-06-18 13:00:00,Hostel A,26.59,60.45,289,116.9,959.9,106.38,54.43,185,72.11,0
2026-06-18 14:00:00,Engineering Block,29.3,52.84,70,132.84,664.3,95.78,33.02,244,59.84,0
2026-06-18 15:00:00,Engineering Block,30.32,61.91,34,113.18,974.55,51.97,96.62,185,72.01,0
2026-06-18 16:00:00,Library,32.84,69.42,147,101.36,611.59,86.46,40.87,11,32.32,0
2026-06-18 17:00:00,Auditorium,27.9,70.24,159,100.33,371.01,51.3,44.19,17,56.37,0
2026-06-18 18:00:00,Auditorium,34.56,55.7,261,166.49,1101.71,65.32,52.22,88,76.78,0
2026-06-18 19:00:00,Hostel B,31.63,63.15,65,189.42,1115.69,72.16,29.23,247,37.79,0
2026-06-18 20:00:00,Admin Block,25.17,46.91,253,108.16,497.87,103.08,27.68,193,45.04,0
2026-06-18 21:00:00,Hostel A,36.84,69.85,467,108.91,791.44,86.2,64.06,224,81.17,0
2026-06-18 22:00:00,Engineering Block,29.31,52.17,91,133.72,578.69,89.4,79.72,115,76.28,0
2026-06-18 23:00:00,Hostel A,24.66,67.85,462,124.67,1013.15,65.53,77.7,226,54.2,0
2026-06-19 00:00:00,Engineering Block,34.61,48.51,114,114.84,1132.51,75.35,60.91,247,99.47,0
2026-06-19 01:00:00,Hostel A,36.31,70.31,429,76.25,633.82,43.35,67.5,45,51.76,0
2026-06-19 02:00:00,Computer Science Block,27.87,63.22,304,226.01945346081226,631.2183190155325,138.03640476158873,60.73,223,47.3,1
2026-06-19 03:00:00,Laboratory,25.99,52.19,151,144.22,976.46,87.06,88.74,181,53.88,0
2026-06-19 04:00:00,Engineering Block,27.31,66.91,453,110.24,1002.59,102.35,44.87,226,82.57,0
2026-06-19 05:00:00,Hostel A,30.86,54.1,495,349.06043172673077,984.172692196786,146.81617166262302,21.1,173,36.47,1
2026-06-19 06:00:00,Auditorium,33.11,67.5,300,187.32,726.39,28.21,49.19,156,50.13,0
2026-06-19 07:00:00,Admin Block,30.28,57.26,443,87.89,657.7,62.81,88.37,34,72.56,0
2026-06-19 08:00:00,Computer Science Block,28.41,42.79,51,166.26,854.17,134.83,91.07,133,90.54,0
2026-06-19 09:00:00,Computer Science Block,33.99,50.18,375,115.33,1059.17,82.85,63.05,28,60.54,0
2026-06-19 10:00:00,Admin Block,26.75,55.7,478,125.08,954.09,116.86,15.6,24,56.64,0
2026-06-19 11:00:00,Hostel A,32.12,73.68,56,144.6,987.75,80.3,75.01,186,54.56,0
2026-06-19 12:00:00,Auditorium,26.85,69.01,145,155.09,531.25,71.64,68.77,140,33.71,0
2026-06-19 13:00:00,Library,29.72,76.24,157,94.76,710.1,52.37,50.65,213,95.67,0
2026-06-19 14:00:00,Admin Block,27.55,76.54,441,196.63,1145.57,84.87,24.67,99,33.1,0
2026-06-19 15:00:00,Hostel A,27.78,54.65,464,129.78,550.7,67.69,64.58,200,69.33,0
2026-06-19 16:00:00,Admin Block,26.49,58.12,119,50.82,641.68,99.07,53.41,102,85.54,0
2026-06-19 17:00:00,Admin Block,33.38,55.89,261,110.84,1008.69,109.29,15.44,37,89.97,0
2026-06-19 18:00:00,Engineering Block,25.07,53.28,264,194.04,394.96,57.25,45.8,225,42.93,0
2026-06-19 19:00:00,Hostel A,25.04,41.59,46,99.3,601.18,59.66,94.48,120,32.28,0
2026-06-19 20:00:00,Library,36.48,59.85,228,200.14,1047.86,80.06,47.03,64,83.79,0
2026-06-19 21:00:00,Laboratory,31.91,47.14,410,124.34,468.56,68.6,48.65,87,34.3,0
2026-06-19 22:00:00,Engineering Block,18.46,59.66,476,119.86,659.26,77.67,60.17,82,60.59,0
2026-06-19 23:00:00,Admin Block,25.74,81.16,118,83.28,1001.42,82.46,36.74,93,54.85,0
2026-06-20 00:00:00,Laboratory,20.75,54.91,156,141.59,572.26,119.52,16.62,133,39.4,0
2026-06-20 01:00:00,Hostel B,24.2,61.95,206,108.55,1063.9,96.74,64.11,127,67.18,0
2026-06-20 02:00:00,Laboratory,15.45,69.07,55,119.31,918.99,115.65,54.56,154,40.58,0
2026-06-20 03:00:00,Admin Block,27.45,62.8,137,112.59,784.86,56.76,71.49,242,76.5,0
2026-06-20 04:00:00,Admin Block,23.43,62.92,177,149.48,375.39,96.0,52.88,136,85.78,0
2026-06-20 05:00:00,Auditorium,28.24,56.38,498,112.83,855.8,117.71,32.26,184,46.19,0
2026-06-20 06:00:00,Hostel A,21.5,57.68,294,32.18,457.97,78.88,44.59,103,81.81,0
2026-06-20 07:00:00,Hostel A,28.33,50.4,188,90.35,419.71,81.07,11.22,182,75.25,0
2026-06-20 08:00:00,Engineering Block,26.34,68.46,74,73.84,948.96,70.93,23.96,248,48.88,0
2026-06-20 09:00:00,Library,34.01,42.59,490,171.88,919.09,87.76,80.74,123,43.66,0
2026-06-20 10:00:00,Engineering Block,33.65,69.71,103,140.92,347.65,40.32,93.85,107,91.21,0
2026-06-20 11:00:00,Computer Science Block,31.14,45.96,25,121.68,780.97,94.7,42.86,229,44.1,0
2026-06-20 12:00:00,Admin Block,26.69,69.63,398,113.16,968.04,79.8,93.47,20,35.5,0
2026-06-20 13:00:00,Laboratory,35.94,56.46,382,70.47,916.19,39.57,67.19,190,52.27,0
2026-06-20 14:00:00,Hostel B,21.79,47.68,363,112.1,899.76,97.82,35.24,241,93.32,0
2026-06-20 15:00:00,Admin Block,22.39,65.79,275,153.35,785.31,111.58,63.98,39,71.01,0
2026-06-20 16:00:00,Admin Block,27.66,69.29,425,272.71029092395923,1942.6639093526499,118.13627695609361,82.73,208,80.28,1
2026-06-20 17:00:00,Engineering Block,37.02,55.62,217,135.0,891.78,81.8,80.73,104,45.32,0
2026-06-20 18:00:00,Hostel B,27.19,67.21,171,71.3,1132.9,45.73,89.66,119,64.57,0
2026-06-20 19:00:00,Hostel B,27.27,37.15,337,94.36,861.01,48.79,80.85,50,85.37,0
2026-06-20 20:00:00,Hostel B,22.23,46.79,189,133.02,565.87,85.55,72.6,186,55.89,0
2026-06-20 21:00:00,Engineering Block,31.78,72.92,267,79.82,893.59,38.25,44.53,75,80.13,0
2026-06-20 22:00:00,Admin Block,31.81,57.76,268,145.26,513.95,62.99,26.18,136,70.83,0
2026-06-20 23:00:00,Engineering Block,31.16,41.38,169,73.4,956.82,47.06,20.14,80,53.47,0
2026-06-21 00:00:00,Hostel A,25.48,53.01,229,81.41,1325.21,69.62,83.14,75,58.95,0
2026-06-21 01:00:00,Hostel A,25.17,50.77,419,119.98934401802458,1563.3476445920141,182.54882536841419,79.01,178,81.54,1
2026-06-21 02:00:00,Engineering Block,22.83,58.34,247,102.7,825.58,76.23,90.5,83,82.41,0
2026-06-21 03:00:00,Hostel B,28.34,56.29,263,66.77,1075.74,102.12,16.36,74,92.4,0
2026-06-21 04:00:00,Auditorium,23.68,61.79,160,102.98,914.3,76.16,67.18,149,67.72,0
2026-06-21 05:00:00,Admin Block,23.29,59.31,139,88.11,1445.39,101.37,74.84,213,61.07,0
2026-06-21 06:00:00,Engineering Block,26.31,73.6,312,96.03,839.72,67.13,47.13,240,84.67,0
2026-06-21 07:00:00,Engineering Block,26.04,64.25,199,143.42,929.67,114.8,57.83,8,57.02,0
2026-06-21 08:00:00,Engineering Block,25.85,64.58,427,119.63,1108.84,66.9,54.69,139,71.52,0
2026-06-21 09:00:00,Auditorium,29.87,71.65,144,143.39,484.65,83.53,49.14,104,83.22,0
2026-06-21 10:00:00,Auditorium,28.32,56.11,486,197.69,1028.62,38.87,36.16,75,94.75,0
2026-06-21 11:00:00,Computer Science Block,26.85,47.38,261,60.92,740.45,102.12,99.01,170,92.21,0
2026-06-21 12:00:00,Hostel A,28.73,72.07,231,100.93,774.21,42.01,89.5,40,76.25,0
2026-06-21 13:00:00,Laboratory,24.03,61.36,494,83.98,1041.88,102.1,80.79,110,31.44,0
2026-06-21 14:00:00,Hostel B,28.42,61.39,36,95.66,676.36,65.07,85.77,188,81.69,0
2026-06-21 15:00:00,Library,28.6,53.67,35,133.18,790.51,50.29,85.36,229,53.19,0
2026-06-21 16:00:00,Auditorium,21.99,53.83,404,454.1350055239715,1450.5737618141738,157.36623917239623,16.73,27,88.34,1
2026-06-21 17:00:00,Laboratory,31.98,68.47,360,142.55,828.77,56.28,61.73,224,31.88,0
2026-06-21 18:00:00,Auditorium,24.47,69.85,400,136.98,676.81,97.18,52.36,32,37.93,0
2026-06-21 19:00:00,Hostel B,28.36,67.84,494,156.42,989.36,69.84,27.89,37,78.29,0
2026-06-21 20:00:00,Library,32.66,67.93,276,172.22,552.93,77.89,33.51,218,48.61,0
2026-06-21 21:00:00,Computer Science Block,31.7,65.69,305,182.89,379.85,73.38,22.72,43,52.25,0
2026-06-21 22:00:00,Engineering Block,28.14,61.32,487,137.05,776.09,41.36,52.6,26,58.02,0
2026-06-21 23:00:00,Computer Science Block,26.55,58.25,299,86.32,983.67,87.24,33.07,193,43.31,0
2026-06-22 00:00:00,Auditorium,31.79,72.1,65,108.12,990.69,67.61,29.13,200,90.16,0
2026-06-22 01:00:00,Computer Science Block,30.7,56.26,277,48.24,927.57,61.49,59.38,92,36.18,0
2026-06-22 02:00:00,Laboratory,25.53,63.7,162,146.82,765.41,74.26,29.14,191,41.91,0
2026-06-22 03:00:00,Admin Block,24.82,51.96,304,90.19,950.24,126.56,63.07,212,56.69,0
2026-06-22 04:00:00,Auditorium,19.71,53.41,374,94.92,815.41,51.87,24.0,246,56.31,0
2026-06-22 05:00:00,Auditorium,28.62,57.64,337,132.38,832.9,33.69,73.51,114,33.63,0
2026-06-22 06:00:00,Laboratory,27.67,51.96,32,51.82,217.82,97.95,37.29,65,53.69,0
2026-06-22 07:00:00,Hostel A,32.54,67.98,486,156.12,738.48,67.32,78.71,145,83.5,0
2026-06-22 08:00:00,Library,29.44,46.52,340,139.44,357.83,63.74,81.69,211,92.34,0
2026-06-22 09:00:00,Engineering Block,33.34,60.99,64,104.84,1379.34,62.69,98.72,229,38.67,0
2026-06-22 10:00:00,Laboratory,25.21,61.33,66,118.28,1065.27,104.73,11.49,226,75.61,0
2026-06-22 11:00:00,Library,32.55,41.89,35,96.52,1148.88,79.65,82.89,188,94.86,0
2026-06-22 12:00:00,Hostel B,25.88,55.59,401,211.15,722.18,59.4,53.37,219,50.99,0
2026-06-22 13:00:00,Library,31.11,62.56,126,87.91,830.25,81.38,21.05,110,91.36,0
2026-06-22 14:00:00,Hostel B,22.16,64.29,22,131.3,525.37,88.63,78.19,191,40.95,0
2026-06-22 15:00:00,Laboratory,28.94,57.96,123,250.71937458051073,819.117329008624,132.79346250713468,15.92,54,90.27,1
2026-06-22 16:00:00,Auditorium,20.06,66.77,473,121.89,783.86,86.42,88.09,201,59.87,0
2026-06-22 17:00:00,Auditorium,26.93,58.91,114,137.94,711.26,88.19,66.91,249,87.78,0
2026-06-22 18:00:00,Hostel A,29.76,60.14,152,139.3,962.64,23.02,26.98,171,44.74,0
2026-06-22 19:00:00,Laboratory,25.92,62.52,429,107.51,948.97,119.18,71.28,230,34.83,0
2026-06-22 20:00:00,Hostel B,23.8,69.27,367,79.33,750.76,88.73,25.06,173,71.71,0
2026-06-22 21:00:00,Library,31.38,53.24,290,94.38,1057.44,37.65,60.89,125,48.64,0
2026-06-22 22:00:00,Library,27.59,55.13,220,103.88,561.21,102.34,10.45,201,86.46,0
2026-06-22 23:00:00,Hostel B,26.04,53.31,273,99.11,536.16,121.15,94.35,63,87.73,0
2026-06-23 00:00:00,Computer Science Block,28.17,56.68,202,83.54,976.54,86.53,15.76,193,80.64,0
2026-06-23 01:00:00,Hostel A,38.55,74.26,169,135.68,985.58,75.55,77.48,182,64.84,0
2026-06-23 02:00:00,Admin Block,32.61,65.73,56,72.55,1061.81,102.69,73.45,240,94.62,0
2026-06-23 03:00:00,Auditorium,32.65,48.69,488,118.2,489.94,73.54,68.64,187,70.99,0
2026-06-23 04:00:00,Engineering Block,29.74,54.0,432,62.88,642.04,68.46,13.52,136,42.6,0
2026-06-23 05:00:00,Library,28.67,63.73,429,158.19,925.26,77.44,69.0,20,70.74,0
2026-06-23 06:00:00,Engineering Block,18.42,50.93,345,98.48,931.23,88.13,65.15,207,70.31,0
2026-06-23 07:00:00,Admin Block,25.28,52.75,158,94.53,1323.52,84.6,66.94,247,74.81,0
2026-06-23 08:00:00,Laboratory,26.08,73.45,119,88.65,594.36,87.13,58.45,159,36.95,0
2026-06-23 09:00:00,Engineering Block,20.5,53.87,423,179.68,1384.19,38.85,39.74,155,78.21,0
2026-06-23 10:00:00,Admin Block,23.37,69.55,255,166.46,979.37,65.34,31.07,123,58.23,0
2026-06-23 11:00:00,Auditorium,20.08,72.55,103,121.9,1141.31,105.2,51.07,229,72.73,0
2026-06-23 12:00:00,Hostel B,27.85,52.67,366,102.43,1002.02,63.15,44.64,91,94.46,0
2026-06-23 13:00:00,Computer Science Block,31.28,51.1,473,192.65,665.29,39.5,71.89,17,53.7,0
2026-06-23 14:00:00,Auditorium,32.43,57.24,52,137.42,710.84,129.98,34.36,126,68.63,0
2026-06-23 15:00:00,Library,29.66,49.11,140,171.6871373078047,1367.0722312170074,198.3108707068979,81.25,73,83.92,1
2026-06-23 16:00:00,Admin Block,24.15,61.21,49,100.36,469.03,113.3,98.19,228,38.48,0
2026-06-23 17:00:00,Engineering Block,20.27,57.94,453,148.62,442.34,78.58,72.87,59,54.8,0
2026-06-23 18:00:00,Library,20.97,63.61,53,112.28,695.5,93.12,56.11,236,39.52,0
2026-06-23 19:00:00,Computer Science Block,22.92,73.97,152,73.14,1025.06,58.69,25.42,206,88.78,0
2026-06-23 20:00:00,Hostel B,24.44,68.17,227,126.02,685.43,69.24,98.39,211,84.04,0
2026-06-23 21:00:00,Laboratory,27.36,64.89,159,128.36,832.47,58.46,34.54,83,52.17,0
2026-06-23 22:00:00,Library,23.94,40.34,95,121.55,812.86,97.71,61.15,64,32.05,0
2026-06-23 23:00:00,Laboratory,29.36,64.43,94,137.68,1102.19,162.59,49.83,219,58.67,0
2026-06-24 00:00:00,Admin Block,27.07,77.23,327,108.68,956.18,75.33,27.94,177,31.22,0
2026-06-24 01:00:00,Computer Science Block,28.04,29.89,326,120.25,1063.62,105.67,80.27,62,50.45,0
2026-06-24 02:00:00,Engineering Block,32.56,66.89,424,281.1465926738057,1830.189741025937,199.76878226595488,20.61,68,44.72,1
2026-06-24 03:00:00,Computer Science Block,23.28,58.41,474,73.14,602.99,88.65,48.68,166,46.34,0
2026-06-24 04:00:00,Computer Science Block,29.67,51.5,77,144.6,328.83,97.38,29.02,136,78.28,0
2026-06-24 05:00:00,Hostel A,27.94,68.01,117,139.26,747.75,87.75,59.46,81,79.61,0
2026-06-24 06:00:00,Computer Science Block,26.67,77.1,144,154.62,1133.24,105.16,87.47,225,79.44,0
2026-06-24 07:00:00,Computer Science Block,31.54,67.75,467,84.68,1023.38,42.66,90.17,77,87.41,0
2026-06-24 08:00:00,Auditorium,31.52,56.29,368,105.21,755.55,87.32,57.74,73,85.54,0
2026-06-24 09:00:00,Library,24.21,50.57,153,158.82,1329.64,81.01,31.75,144,73.9,0
2026-06-24 10:00:00,Engineering Block,27.27,61.45,245,99.83,1044.12,77.93,44.51,230,45.89,0
2026-06-24 11:00:00,Auditorium,29.12,68.73,452,182.88,699.48,62.95,71.99,184,54.75,0
2026-06-24 12:00:00,Auditorium,26.91,56.13,219,65.42,1141.32,116.06,35.9,12,58.82,0
2026-06-24 13:00:00,Library,30.34,57.1,56,100.21,454.5,85.66,23.81,216,79.49,0
2026-06-24 14:00:00,Library,29.12,88.22,157,103.73,932.73,109.21,35.04,20,67.55,0
2026-06-24 15:00:00,Admin Block,35.33,70.79,227,146.73,717.56,86.1,20.94,220,81.97,0
2026-06-24 16:00:00,Library,21.88,71.5,213,178.29,833.06,108.62,34.9,152,41.12,0
2026-06-24 17:00:00,Hostel A,27.51,45.4,75,130.64,1001.27,96.01,13.92,76,46.26,0
2026-06-24 18:00:00,Hostel A,24.37,52.93,358,28.27,1081.31,76.72,15.61,33,34.01,0
2026-06-24 19:00:00,Auditorium,30.42,60.75,346,117.16,878.0,112.99,87.26,23,70.96,0
2026-06-24 20:00:00,Laboratory,21.53,49.99,341,124.31,794.86,95.75,26.04,184,97.56,0
2026-06-24 21:00:00,Admin Block,29.39,76.0,320,133.76,420.1,77.61,85.94,174,68.04,0
2026-06-24 22:00:00,Laboratory,25.48,74.1,106,117.25,459.75,37.66,99.63,221,45.43,0
2026-06-24 23:00:00,Laboratory,25.06,54.66,114,165.72,206.46,96.18,45.14,41,73.15,0
2026-06-25 00:00:00,Auditorium,22.21,77.84,215,88.91,891.57,130.78,50.3,71,77.6,0
2026-06-25 01:00:00,Hostel B,26.14,59.96,211,83.92,1080.82,101.08,35.74,131,70.45,0
2026-06-25 02:00:00,Auditorium,32.34,85.89,163,98.57,253.41,88.08,20.73,151,56.05,0
2026-06-25 03:00:00,Engineering Block,27.9,61.45,29,211.07,1113.23,61.49,67.32,56,88.08,0
2026-06-25 04:00:00,Engineering Block,30.51,65.76,260,113.71,1197.56,38.51,86.32,67,64.41,0
2026-06-25 05:00:00,Library,34.66,74.0,168,160.21,895.43,103.94,70.24,102,99.24,0
2026-06-25 06:00:00,Library,29.06,72.78,495,159.55,1235.12,89.26,19.84,139,47.04,0
2026-06-25 07:00:00,Hostel B,25.76,65.11,159,59.84,839.16,51.74,64.6,59,45.63,0
2026-06-25 08:00:00,Library,29.87,58.59,32,118.02,535.88,72.1,67.54,13,35.26,0
2026-06-25 09:00:00,Engineering Block,25.82,65.14,273,159.21,767.42,72.42,72.08,12,57.92,0
2026-06-25 10:00:00,Laboratory,25.98,51.84,100,220.16,1251.18,92.91,16.25,215,47.39,0
2026-06-25 11:00:00,Auditorium,21.92,61.52,229,157.74,696.71,81.45,72.83,105,88.33,0
2026-06-25 12:00:00,Computer Science Block,31.71,48.91,392,108.01,954.9,107.73,64.42,204,66.4,0
2026-06-25 13:00:00,Hostel A,26.46,42.19,413,171.11,985.85,127.66,88.13,51,34.21,0
2026-06-25 14:00:00,Computer Science Block,28.73,60.5,397,104.91,1143.88,91.21,24.86,28,55.02,0
2026-06-25 15:00:00,Computer Science Block,23.86,72.62,239,80.4,383.86,27.71,15.59,70,78.69,0
2026-06-25 16:00:00,Engineering Block,29.74,69.26,416,144.49,1196.26,99.73,83.16,33,64.01,0
2026-06-25 17:00:00,Computer Science Block,24.95,59.18,437,69.18,613.72,98.4,19.26,144,54.63,0
2026-06-25 18:00:00,Auditorium,27.43,77.47,78,99.16,1228.96,101.22,44.21,53,40.86,0
2026-06-25 19:00:00,Hostel B,31.51,54.31,147,172.04,759.07,117.65,88.2,116,76.59,0
2026-06-25 20:00:00,Admin Block,31.16,40.82,324,144.93,760.15,110.04,35.04,201,42.44,0
2026-06-25 21:00:00,Library,27.91,38.18,281,89.76,1042.59,89.55,49.75,69,90.92,0
2026-06-25 22:00:00,Admin Block,20.93,48.19,287,124.91,1175.95,31.18,65.28,81,99.25,0
2026-06-25 23:00:00,Laboratory,39.97,68.17,48,116.67,732.02,95.7,67.52,107,68.69,0
2026-06-26 00:00:00,Auditorium,34.98,53.65,352,151.76,779.48,102.85,63.47,12,38.2,0
2026-06-26 01:00:00,Auditorium,30.89,64.61,399,133.3,698.03,124.13,15.46,127,77.99,0
2026-06-26 02:00:00,Hostel A,24.99,76.46,301,125.42,706.21,114.31,80.06,58,39.3,0
2026-06-26 03:00:00,Auditorium,27.55,49.0,87,118.72,974.15,113.57,81.55,23,93.13,0
2026-06-26 04:00:00,Library,25.83,64.78,226,81.51,827.26,62.23,19.39,242,71.02,0
2026-06-26 05:00:00,Auditorium,33.06,65.39,291,168.31,1164.54,84.62,76.57,160,86.02,0
2026-06-26 06:00:00,Computer Science Block,29.05,51.39,328,134.66,676.61,31.13,55.35,14,73.74,0
2026-06-26 07:00:00,Hostel A,24.86,73.54,422,108.5,1038.26,56.95,11.13,181,66.82,0
2026-06-26 08:00:00,Library,26.12,57.12,194,111.05,1027.89,87.34,72.48,54,66.77,0
2026-06-26 09:00:00,Hostel B,32.48,56.16,237,116.43,779.64,71.98,51.47,102,81.76,0
2026-06-26 10:00:00,Hostel B,34.4,81.12,179,91.22,786.28,75.05,21.4,78,93.18,0
2026-06-26 11:00:00,Hostel B,34.11,65.23,345,100.13,971.85,117.99,25.83,22,45.33,0
2026-06-26 12:00:00,Hostel B,31.03,69.25,263,154.41,676.95,20.0,78.2,14,37.97,0
2026-06-26 13:00:00,Computer Science Block,26.99,73.55,272,65.23,759.07,103.58,95.08,217,33.95,0
2026-06-26 14:00:00,Auditorium,15.03,53.5,473,185.05,523.79,122.07,24.76,70,90.67,0
2026-06-26 15:00:00,Admin Block,29.19,72.5,208,120.13,622.72,89.23,46.21,13,38.57,0
2026-06-26 16:00:00,Library,27.99,54.98,280,92.3,591.35,86.03,38.77,131,74.01,0
2026-06-26 17:00:00,Computer Science Block,28.56,54.55,462,107.89,615.66,104.56,62.81,244,51.93,0
2026-06-26 18:00:00,Hostel B,28.22,57.28,405,134.73,410.82,88.19,27.57,42,69.43,0
2026-06-26 19:00:00,Laboratory,22.69,53.78,149,103.16,437.16,68.73,62.11,139,35.95,0
2026-06-26 20:00:00,Auditorium,30.23,68.22,22,143.08,1067.16,115.82,84.81,7,70.62,0
2026-06-26 21:00:00,Admin Block,30.53,62.67,473,82.82,814.66,44.77,67.7,158,91.46,0
2026-06-26 22:00:00,Laboratory,30.73,55.09,370,92.09,1161.45,68.14,27.48,139,48.62,0
2026-06-26 23:00:00,Hostel A,31.79,66.75,62,128.55,1111.64,69.38,77.41,120,52.52,0
2026-06-27 00:00:00,Laboratory,30.42,57.25,152,98.3,734.34,76.58,51.42,44,45.27,0
2026-06-27 01:00:00,Hostel A,26.36,56.72,197,188.57,618.42,71.75,20.16,93,39.09,0
2026-06-27 02:00:00,Hostel A,27.72,60.49,285,149.03,887.95,38.46,39.44,105,35.07,0
2026-06-27 03:00:00,Hostel B,28.36,64.63,430,137.93,739.0,102.27,31.73,103,76.92,0
2026-06-27 04:00:00,Hostel A,28.43,63.9,43,123.9,1009.09,100.95,85.91,178,54.25,0
2026-06-27 05:00:00,Engineering Block,31.99,56.37,41,107.86,352.88,69.78,30.42,31,62.07,0
2026-06-27 06:00:00,Library,30.57,68.47,364,111.04,934.2,97.59,56.07,234,52.52,0
2026-06-27 07:00:00,Library,36.31,57.78,22,90.78,1247.49,115.92,68.71,231,82.1,0
2026-06-27 08:00:00,Hostel B,36.83,53.45,419,127.42,750.63,77.08,15.07,122,77.79,0
2026-06-27 09:00:00,Engineering Block,28.32,45.32,177,76.39,1003.39,101.82,22.68,75,76.6,0
2026-06-27 10:00:00,Laboratory,12.65,69.83,387,171.04,543.15,74.93,80.84,170,83.61,0
2026-06-27 11:00:00,Computer Science Block,32.95,60.12,446,122.14,699.86,98.06,40.95,152,70.81,0
2026-06-27 12:00:00,Laboratory,25.84,62.11,23,167.94,630.53,133.64,73.18,219,36.81,0
2026-06-27 13:00:00,Auditorium,24.79,70.46,126,151.26,1233.21,100.38,78.33,118,59.6,0
2026-06-27 14:00:00,Computer Science Block,26.41,55.23,315,117.57,1340.46,73.03,67.84,225,52.18,0
2026-06-27 15:00:00,Hostel A,26.21,46.26,291,135.61,727.22,81.12,62.35,185,53.97,0
2026-06-27 16:00:00,Admin Block,30.45,60.7,251,105.08,1175.33,66.28,54.55,186,43.72,0
2026-06-27 17:00:00,Computer Science Block,21.76,63.08,380,116.63,995.94,81.05,45.37,90,41.27,0
2026-06-27 18:00:00,Admin Block,23.69,57.37,257,92.84,753.94,65.08,23.45,153,62.65,0
2026-06-27 19:00:00,Library,29.37,74.74,91,178.3,1247.68,78.39,97.56,238,97.99,0
2026-06-27 20:00:00,Admin Block,30.49,35.14,107,126.58,705.03,33.38,67.77,73,31.56,0
2026-06-27 21:00:00,Library,30.57,71.2,35,149.62,688.6,69.34,27.48,172,49.78,0
2026-06-27 22:00:00,Engineering Block,24.85,67.91,393,104.67,593.79,77.06,85.28,185,97.6,0
2026-06-27 23:00:00,Engineering Block,24.09,64.57,110,175.22,1071.9,118.58,84.02,179,54.96,0
2026-06-28 00:00:00,Hostel B,25.97,26.64,469,94.64,612.05,103.09,77.77,244,75.82,0
2026-06-28 01:00:00,Hostel B,28.96,72.84,458,115.98,813.86,80.69,20.41,239,48.73,0
2026-06-28 02:00:00,Hostel A,33.94,49.74,39,103.51,763.29,49.47,11.61,58,67.94,0
2026-06-28 03:00:00,Computer Science Block,19.81,54.92,454,129.62,719.01,78.43,73.74,206,42.15,0
2026-06-28 04:00:00,Hostel A,27.12,58.29,231,95.82,793.17,71.53,28.41,37,67.71,0
2026-06-28 05:00:00,Library,22.67,64.07,103,140.67,745.35,63.09,85.67,197,63.55,0
2026-06-28 06:00:00,Hostel A,21.39,66.39,358,129.21,1246.28,99.48,70.55,245,88.44,0
2026-06-28 07:00:00,Admin Block,31.87,68.93,460,114.43,960.4,65.65,43.7,104,86.28,0
2026-06-28 08:00:00,Library,30.18,68.16,145,82.71,872.32,74.04,53.88,84,42.76,0
2026-06-28 09:00:00,Hostel B,29.8,62.53,70,117.17,746.33,45.16,55.25,215,95.82,0
2026-06-28 10:00:00,Engineering Block,31.68,64.16,37,116.31,536.36,82.23,44.1,73,57.26,0
2026-06-28 11:00:00,Hostel B,26.08,49.09,480,151.37,693.02,102.09,26.14,155,33.54,0
2026-06-28 12:00:00,Computer Science Block,26.27,52.49,356,109.87,844.24,64.69,99.49,58,35.36,0
2026-06-28 13:00:00,Library,36.74,68.95,462,85.72,834.52,106.79,77.43,7,59.31,0
2026-06-28 14:00:00,Library,27.01,68.37,372,58.02,887.9,104.78,24.08,178,92.12,0
2026-06-28 15:00:00,Admin Block,30.94,67.24,136,387.3224521360432,2394.8281405471685,133.44029560150685,13.11,54,40.94,1
2026-06-28 16:00:00,Computer Science Block,28.03,54.86,143,113.75,737.91,112.34,40.99,22,63.65,0
2026-06-28 17:00:00,Engineering Block,20.61,69.1,47,131.51,1202.52,108.5,59.9,7,67.72,0
2026-06-28 18:00:00,Laboratory,19.82,48.39,472,101.96,799.22,95.8,94.41,110,92.39,0
2026-06-28 19:00:00,Library,25.68,70.77,431,99.04,899.85,133.36,21.92,119,30.87,0
2026-06-28 20:00:00,Library,32.22,57.39,364,116.65,825.1,104.87,49.62,7,92.32,0
2026-06-28 21:00:00,Admin Block,31.15,76.84,487,90.76,1182.0,109.44,26.08,146,48.91,0
2026-06-28 22:00:00,Hostel A,31.66,44.79,488,107.13,639.91,79.24,16.28,140,91.0,0
2026-06-28 23:00:00,Auditorium,24.05,77.63,160,145.01,1049.1,58.57,64.12,36,59.68,0
2026-06-29 00:00:00,Engineering Block,34.46,56.39,25,144.56,1285.89,63.44,19.34,98,52.92,0
2026-06-29 01:00:00,Hostel B,24.14,56.21,176,102.41,824.08,79.85,74.82,23,99.3,0
2026-06-29 02:00:00,Computer Science Block,28.85,61.95,125,111.97,126.38,101.88,59.82,10,84.77,0
2026-06-29 03:00:00,Library,27.96,53.03,138,52.62,569.44,75.94,30.93,77,63.96,0
2026-06-29 04:00:00,Library,27.3,59.28,156,61.54,742.13,103.25,81.5,52,56.15,0
2026-06-29 05:00:00,Hostel B,33.35,52.62,48,230.18152434971083,2076.445300347028,62.53208566872113,72.97,226,52.36,1
2026-06-29 06:00:00,Engineering Block,25.18,52.99,185,121.53,1179.14,56.89,66.37,188,78.42,0
2026-06-29 07:00:00,Auditorium,22.6,64.87,84,75.52,824.58,66.17,29.25,74,59.17,0
2026-06-29 08:00:00,Hostel A,28.08,50.98,75,144.63,739.86,58.78,73.59,65,75.49,0
2026-06-29 09:00:00,Library,26.4,52.32,305,149.79,1016.49,96.52,58.66,180,59.09,0
2026-06-29 10:00:00,Auditorium,41.51,46.27,389,207.77858625791097,1371.6484454556905,115.51919682896961,58.09,35,56.0,1
2026-06-29 11:00:00,Engineering Block,30.71,54.96,115,88.95,856.54,61.2,20.76,174,53.22,0
2026-06-29 12:00:00,Hostel B,26.36,73.12,396,134.4,729.04,96.04,22.16,249,94.33,0
2026-06-29 13:00:00,Admin Block,23.78,51.54,462,178.42,1259.16,121.88,12.91,217,83.65,0
2026-06-29 14:00:00,Hostel A,20.48,52.68,234,105.39,897.29,97.59,32.09,44,75.86,0
2026-06-29 15:00:00,Computer Science Block,23.9,61.94,250,152.78,1144.57,65.85,54.41,187,76.58,0
2026-06-29 16:00:00,Library,28.46,56.29,77,119.07,943.46,87.12,42.31,83,42.75,0
2026-06-29 17:00:00,Engineering Block,33.71,82.28,413,122.14,1130.08,63.16,74.16,239,95.49,0
2026-06-29 18:00:00,Admin Block,32.49,58.37,424,278.8190027888745,1867.6758240744884,187.00905281947655,46.68,25,37.39,1
2026-06-29 19:00:00,Computer Science Block,28.92,63.35,203,152.77,1060.92,85.65,18.39,47,45.68,0
2026-06-29 20:00:00,Laboratory,26.71,69.44,301,189.36,966.25,113.27,75.22,210,31.69,0
2026-06-29 21:00:00,Engineering Block,29.08,69.25,290,149.92,468.76,82.81,26.57,62,55.83,0
2026-06-29 22:00:00,Engineering Block,25.93,62.33,228,78.71,460.67,85.83,38.35,170,51.52,0
2026-06-29 23:00:00,Computer Science Block,34.87,58.39,182,111.1,593.66,43.36,55.06,132,88.95,0
2026-06-30 00:00:00,Admin Block,27.24,80.24,108,51.85,1144.14,33.66,59.87,208,76.68,0
2026-06-30 01:00:00,Laboratory,27.65,59.0,290,191.94,1012.62,87.39,36.55,129,85.51,0
2026-06-30 02:00:00,Auditorium,19.14,55.58,116,132.32,767.31,40.31,51.46,19,40.41,0
2026-06-30 03:00:00,Auditorium,27.22,53.54,94,91.91,1214.67,59.49,16.0,193,69.97,0
2026-06-30 04:00:00,Hostel B,31.35,42.73,107,129.18,1102.21,89.99,24.41,41,64.29,0
2026-06-30 05:00:00,Admin Block,23.73,68.22,25,185.99,981.99,71.31,63.91,15,59.85,0
2026-06-30 06:00:00,Hostel A,25.0,36.52,175,90.73,1029.43,52.87,10.41,98,99.53,0
2026-06-30 07:00:00,Library,31.17,59.94,82,100.04,998.78,64.77,26.56,125,61.26,0
2026-06-30 08:00:00,Computer Science Block,22.09,57.95,48,78.93,542.72,117.61,66.55,122,37.48,0
2026-06-30 09:00:00,Hostel B,32.23,82.4,323,139.85,862.46,83.13,30.9,103,32.32,0
2026-06-30 10:00:00,Laboratory,25.87,41.68,210,115.12,986.37,91.83,83.61,167,85.86,0
2026-06-30 11:00:00,Computer Science Block,26.45,50.99,461,44.46,842.2,82.63,45.33,174,30.68,0
2026-06-30 12:00:00,Computer Science Block,23.5,58.64,424,131.81,671.82,117.45,74.28,46,94.26,0
2026-06-30 13:00:00,Admin Block,29.51,58.02,223,153.23,420.61,89.09,89.66,56,44.6,0
2026-06-30 14:00:00,Library,37.84,54.5,297,101.36,646.75,95.02,50.34,105,91.71,0
2026-06-30 15:00:00,Hostel A,31.13,59.19,46,118.41,1081.39,37.86,70.75,32,85.59,0
2026-06-30 16:00:00,Auditorium,24.54,47.4,104,258.9797426228686,2079.2340345267044,133.99597350400538,85.91,237,44.72,1
2026-06-30 17:00:00,Engineering Block,32.54,63.57,354,144.06,454.03,75.12,32.17,142,88.54,0
2026-06-30 18:00:00,Engineering Block,26.73,36.79,460,62.03,1038.77,52.06,89.67,207,52.48,0
2026-06-30 19:00:00,Computer Science Block,33.5,59.74,229,97.01,522.75,44.83,87.43,6,44.6,0
2026-06-30 20:00:00,Auditorium,31.23,54.0,157,109.29,802.52,72.52,15.44,134,45.01,0
2026-06-30 21:00:00,Auditorium,16.23,70.16,297,146.97,1053.56,147.54,52.39,242,91.16,0
2026-06-30 22:00:00,Library,23.98,77.55,191,120.08,768.89,54.49,20.0,85,31.02,0
2026-06-30 23:00:00,Laboratory,31.78,56.69,359,74.18,502.3,85.82,89.75,195,81.79,0
2026-07-01 00:00:00,Laboratory,28.61,73.91,358,99.85,196.51,77.12,31.57,236,86.18,0
2026-07-01 01:00:00,Hostel B,23.9,56.84,175,164.09,613.56,94.9,43.39,117,55.94,0
2026-07-01 02:00:00,Admin Block,25.47,50.34,248,73.69,741.63,127.91,94.42,209,79.42,0
2026-07-01 03:00:00,Library,20.38,77.46,325,155.97,949.41,28.46,60.59,170,93.36,0
2026-07-01 04:00:00,Library,27.65,65.21,198,236.1673633352976,1263.6651899160072,97.69448909728497,93.44,70,68.04,1
2026-07-01 05:00:00,Admin Block,36.84,60.04,266,162.66,721.18,118.51,51.54,189,75.73,0
2026-07-01 06:00:00,Auditorium,31.22,66.87,404,158.5,720.75,89.49,98.45,56,79.02,0
2026-07-01 07:00:00,Laboratory,36.76,62.74,181,167.69,672.1,68.04,95.97,222,97.32,0
2026-07-01 08:00:00,Laboratory,31.53,59.31,182,57.17,1312.94,70.23,11.81,159,59.4,0
2026-07-01 09:00:00,Auditorium,32.11,46.74,237,165.81,913.15,39.06,46.55,249,69.15,0
2026-07-01 10:00:00,Laboratory,35.9,57.29,336,137.33,613.01,88.72,95.5,118,62.7,0
2026-07-01 11:00:00,Computer Science Block,29.51,66.23,305,99.98,322.48,82.48,83.28,57,52.1,0
2026-07-01 12:00:00,Library,27.25,58.77,95,78.68,881.36,80.53,29.08,171,96.02,0
2026-07-01 13:00:00,Engineering Block,32.13,69.02,481,121.06,1213.62,66.9,89.64,169,64.26,0
2026-07-01 14:00:00,Admin Block,33.82,63.84,471,203.34,977.89,85.74,28.14,229,95.15,0
2026-07-01 15:00:00,Laboratory,26.08,51.22,223,138.25,1488.79,57.04,94.26,189,99.37,0
2026-07-01 16:00:00,Hostel B,25.11,46.81,235,103.0,705.77,64.57,17.47,214,90.01,0
2026-07-01 17:00:00,Laboratory,28.56,58.43,443,202.91,982.02,89.09,95.17,33,41.56,0
2026-07-01 18:00:00,Laboratory,31.33,54.76,242,142.59,474.88,69.83,17.41,72,32.69,0
2026-07-01 19:00:00,Hostel A,31.19,63.36,212,143.72,409.36,81.67,30.51,116,67.9,0
2026-07-01 20:00:00,Computer Science Block,22.3,52.82,312,130.15,804.57,69.89,60.95,226,67.67,0
2026-07-01 21:00:00,Admin Block,35.65,53.85,211,138.01,1141.24,91.85,26.92,170,72.34,0
2026-07-01 22:00:00,Hostel A,25.44,70.53,404,33.69,1270.73,67.06,45.03,85,33.99,0
2026-07-01 23:00:00,Hostel A,26.94,61.48,418,125.36,863.96,87.62,25.2,125,50.27,0
2026-07-02 00:00:00,Hostel B,24.39,52.97,288,147.86,623.88,99.36,60.2,180,64.8,0
2026-07-02 01:00:00,Library,38.79,60.18,432,175.31,299.17,78.76,64.98,236,66.0,0
2026-07-02 02:00:00,Hostel B,28.97,73.79,458,200.3,699.25,74.81,29.84,125,96.26,0
2026-07-02 03:00:00,Library,24.6,62.94,320,158.66,836.28,69.22,36.24,17,97.59,0
2026-07-02 04:00:00,Library,31.46,65.93,279,127.44,703.17,75.18,76.43,216,92.27,0
2026-07-02 05:00:00,Admin Block,31.08,52.48,211,122.46,398.48,117.18,17.79,189,47.52,0
2026-07-02 06:00:00,Laboratory,27.25,70.26,290,95.57,847.26,107.3,50.76,232,74.87,0
2026-07-02 07:00:00,Admin Block,31.36,83.18,123,139.12,759.71,93.15,36.11,9,49.19,0
2026-07-02 08:00:00,Computer Science Block,24.7,52.09,451,189.31,961.03,67.76,47.11,31,96.55,0
2026-07-02 09:00:00,Library,26.03,48.18,223,107.08,642.09,113.24,85.19,219,65.43,0
2026-07-02 10:00:00,Hostel A,19.96,61.76,203,316.0987260742089,1308.0196608333742,207.20042604429213,98.12,15,87.99,1
2026-07-02 11:00:00,Laboratory,22.7,68.76,236,95.21,848.56,35.62,26.24,39,57.51,0
2026-07-02 12:00:00,Engineering Block,35.23,59.09,110,156.34,936.42,77.89,15.5,214,56.7,0
2026-07-02 13:00:00,Computer Science Block,34.57,49.47,217,163.68,723.83,84.31,27.72,112,32.36,0
2026-07-02 14:00:00,Admin Block,28.26,58.91,490,95.76,651.26,68.89,88.53,57,62.16,0
2026-07-02 15:00:00,Hostel B,34.65,65.98,418,140.45,567.4,41.92,89.15,199,75.05,0
2026-07-02 16:00:00,Computer Science Block,27.36,55.93,58,27.83,862.3,59.36,35.81,35,39.09,0
2026-07-02 17:00:00,Computer Science Block,27.03,66.07,216,110.49,745.94,114.61,39.69,111,42.94,0
2026-07-02 18:00:00,Laboratory,28.23,71.65,490,164.97,1265.94,56.39,69.76,147,98.01,0
2026-07-02 19:00:00,Computer Science Block,27.5,62.4,98,103.61,794.04,64.15,40.76,231,81.21,0
2026-07-02 20:00:00,Computer Science Block,27.14,59.72,236,74.49,876.26,83.73,91.37,235,93.6,0
2026-07-02 21:00:00,Engineering Block,32.57,68.29,335,144.16,1073.27,79.71,82.1,10,63.33,0
2026-07-02 22:00:00,Auditorium,28.6,51.44,113,116.16,1104.2,66.72,42.2,225,42.54,0
2026-07-02 23:00:00,Hostel B,30.85,50.45,191,126.88,730.27,99.23,97.51,95,41.65,0
2026-07-03 00:00:00,Hostel B,32.13,57.33,62,131.83,1311.7,98.63,77.04,224,67.92,0
2026-07-03 01:00:00,Hostel B,29.55,55.08,151,151.84,1374.05,58.04,78.16,135,80.08,0
2026-07-03 02:00:00,Library,24.12,51.97,96,157.86,757.21,47.25,96.43,155,94.11,0
2026-07-03 03:00:00,Hostel A,22.59,78.3,453,133.55,842.36,91.03,48.76,94,58.5,0
2026-07-03 04:00:00,Auditorium,28.6,81.72,251,161.23,920.23,78.13,13.73,31,52.78,0
2026-07-03 05:00:00,Hostel B,27.31,56.46,58,119.34,648.19,91.53,99.19,126,95.45,0
2026-07-03 06:00:00,Computer Science Block,28.35,60.92,73,131.19,826.48,78.76,94.18,138,61.75,0
2026-07-03 07:00:00,Computer Science Block,27.94,58.12,170,121.16,593.24,66.98,96.95,165,66.44,0
2026-07-03 08:00:00,Hostel B,38.33,71.07,207,78.95,824.34,75.06,52.65,82,61.45,0
2026-07-03 09:00:00,Laboratory,22.68,73.06,483,172.13,801.39,113.58,24.81,249,83.78,0
2026-07-03 10:00:00,Hostel B,20.04,42.23,438,122.1,934.31,62.84,27.62,120,34.98,0
2026-07-03 11:00:00,Computer Science Block,29.33,64.76,329,175.98,972.42,74.79,52.59,7,88.55,0
2026-07-03 12:00:00,Library,26.49,46.93,205,136.28,828.58,46.04,70.78,151,57.44,0
2026-07-03 13:00:00,Admin Block,29.26,77.58,337,134.94,1164.12,42.28,51.86,108,97.61,0
2026-07-03 14:00:00,Admin Block,30.34,64.4,483,153.27,605.38,49.1,45.51,151,51.03,0
2026-07-03 15:00:00,Auditorium,33.14,51.77,451,130.45,745.11,34.92,96.71,159,62.92,0
2026-07-03 16:00:00,Auditorium,21.97,57.59,154,98.52,666.47,50.04,68.29,182,59.57,0
2026-07-03 17:00:00,Hostel B,25.77,57.11,192,115.31,1220.68,91.27,46.66,169,86.1,0
2026-07-03 18:00:00,Engineering Block,29.72,65.25,288,161.16,795.65,97.01,72.09,190,77.01,0
2026-07-03 19:00:00,Hostel B,31.08,70.42,456,145.32,798.66,48.94,81.26,247,75.28,0
2026-07-03 20:00:00,Laboratory,36.77,48.52,134,90.34,1170.32,49.07,43.06,174,80.0,0
2026-07-03 21:00:00,Hostel B,31.82,78.39,240,130.76,462.97,76.91,52.76,52,97.14,0
2026-07-03 22:00:00,Auditorium,27.77,76.06,58,85.88,588.45,137.29,67.77,55,63.46,0
2026-07-03 23:00:00,Admin Block,24.44,51.25,359,123.48,813.06,62.59,67.38,108,75.62,0
2026-07-04 00:00:00,Computer Science Block,25.74,60.73,261,155.7,704.5,72.49,25.79,109,77.87,0
2026-07-04 01:00:00,Hostel B,25.63,77.11,240,99.05,1066.02,111.99,54.73,198,90.0,0
2026-07-04 02:00:00,Computer Science Block,30.62,72.33,165,116.68,490.71,108.74,33.32,177,50.17,0
2026-07-04 03:00:00,Computer Science Block,29.03,56.63,425,87.34,995.06,98.51,92.22,18,86.44,0
2026-07-04 04:00:00,Engineering Block,22.71,68.14,183,141.38,599.12,105.15,54.68,181,64.95,0
2026-07-04 05:00:00,Computer Science Block,26.26,89.97,380,216.6417862000605,1282.2134172635965,209.8435471620062,78.99,60,31.13,1
2026-07-04 06:00:00,Admin Block,31.51,61.05,456,97.6,1069.98,66.89,13.97,160,40.72,0
2026-07-04 07:00:00,Library,29.41,53.67,387,320.1308558699091,2294.9163958979466,141.99285136146693,44.34,62,88.76,1
2026-07-04 08:00:00,Library,30.27,61.72,347,119.17,474.32,70.04,24.29,142,48.78,0
2026-07-04 09:00:00,Hostel A,29.53,62.47,278,137.58,875.62,59.32,45.37,170,50.79,0
2026-07-04 10:00:00,Laboratory,34.51,54.75,209,87.67,1087.96,93.64,81.55,160,81.46,0
2026-07-04 11:00:00,Hostel B,28.94,64.42,432,108.66,867.47,74.39,93.42,17,78.01,0
2026-07-04 12:00:00,Laboratory,26.46,47.46,348,124.8,945.2,76.68,92.46,224,61.52,0
2026-07-04 13:00:00,Admin Block,24.34,53.34,283,144.11,674.88,109.26,20.7,241,81.1,0
2026-07-04 14:00:00,Computer Science Block,29.0,67.58,241,85.85,768.67,89.25,37.14,149,72.73,0
2026-07-04 15:00:00,Library,18.24,42.45,351,124.01,655.9,76.2,69.43,131,42.81,0
2026-07-04 16:00:00,Laboratory,27.26,69.03,193,250.9517858054886,1603.2630615354503,118.65706733936716,28.32,201,49.38,1
2026-07-04 17:00:00,Admin Block,27.18,39.88,111,122.16,1313.02,45.82,14.63,179,34.49,0
2026-07-04 18:00:00,Library,22.54,42.69,459,108.9,889.3,97.13,95.83,201,76.31,0
2026-07-04 19:00:00,Computer Science Block,24.29,55.01,125,101.17,865.12,76.79,39.65,23,33.88,0
2026-07-04 20:00:00,Laboratory,31.24,62.87,264,167.82661846830365,477.06248759536,105.85272687584468,47.79,230,81.99,1
2026-07-04 21:00:00,Library,28.92,73.25,324,127.86,832.61,120.21,34.52,237,67.3,0
2026-07-04 22:00:00,Hostel B,28.41,60.58,62,50.51,991.89,100.01,39.27,111,60.71,0
2026-07-04 23:00:00,Auditorium,29.23,57.53,413,100.85,436.82,85.26,96.76,171,71.78,0
2026-07-05 00:00:00,Hostel B,28.37,65.8,416,134.62,890.52,89.8,27.26,131,73.37,0
2026-07-05 01:00:00,Hostel A,32.97,51.29,460,146.09,846.2,108.11,54.54,196,70.91,0
2026-07-05 02:00:00,Hostel A,28.49,61.39,277,87.25,347.99,74.71,67.43,99,79.93,0
2026-07-05 03:00:00,Library,22.17,48.01,340,156.43166262156237,2055.409623404268,143.0570528188363,30.19,157,74.52,1
2026-07-05 04:00:00,Auditorium,34.52,60.83,105,122.6,743.97,53.54,74.41,55,63.82,0
2026-07-05 05:00:00,Admin Block,29.48,58.7,116,141.74,881.59,86.05,71.42,197,88.07,0
2026-07-05 06:00:00,Hostel B,25.64,51.96,483,107.05,929.69,39.12,95.93,118,98.16,0
2026-07-05 07:00:00,Admin Block,22.99,61.65,445,115.59,660.48,83.92,51.43,218,72.88,0
2026-07-05 08:00:00,Auditorium,29.58,61.59,461,131.86,936.09,111.4,44.62,170,79.85,0
2026-07-05 09:00:00,Admin Block,27.53,71.75,496,171.46361493735162,1242.0110860223801,128.01854310592898,42.5,244,65.59,1
2026-07-05 10:00:00,Auditorium,34.3,43.94,285,410.3151066174961,1292.0892158479915,142.94119093031796,42.79,97,58.06,1
2026-07-05 11:00:00,Library,26.62,59.24,82,122.89,688.05,62.66,13.39,198,90.26,0
2026-07-05 12:00:00,Admin Block,24.65,52.4,122,107.74,1119.98,85.72,31.26,109,43.63,0
2026-07-05 13:00:00,Hostel B,31.58,68.7,273,364.9778354336088,2098.2799557653902,90.35199549126024,20.8,110,78.32,1
2026-07-05 14:00:00,Computer Science Block,31.7,67.54,474,124.46,764.34,51.9,89.25,226,39.61,0
2026-07-05 15:00:00,Hostel A,28.67,65.08,336,113.9,1025.97,91.81,15.06,149,83.66,0
2026-07-05 16:00:00,Computer Science Block,30.71,52.96,20,133.02,745.79,56.08,42.87,168,46.43,0
2026-07-05 17:00:00,Admin Block,27.85,68.85,173,121.46,904.47,117.83,29.75,184,72.49,0
2026-07-05 18:00:00,Computer Science Block,28.94,44.7,280,98.46,638.04,116.72,68.1,18,39.75,0
2026-07-05 19:00:00,Hostel B,32.66,42.65,54,157.35,1091.03,55.68,39.37,21,30.04,0
2026-07-05 20:00:00,Hostel B,30.5,47.24,400,67.58,819.8,136.86,11.49,32,81.9,0
2026-07-05 21:00:00,Admin Block,27.32,59.67,416,105.82,681.38,78.81,90.45,121,91.27,0
2026-07-05 22:00:00,Library,33.41,66.75,46,184.9,907.28,80.34,67.28,138,85.97,0
2026-07-05 23:00:00,Computer Science Block,18.54,30.24,415,123.7,414.8,100.96,10.12,141,39.3,0
2026-07-06 00:00:00,Library,36.21,73.23,369,64.51,597.54,114.38,71.17,143,46.43,0
2026-07-06 01:00:00,Library,21.18,61.31,325,159.53,776.39,113.97,29.47,76,87.71,0
2026-07-06 02:00:00,Auditorium,25.49,44.32,243,250.93629777208665,1431.2398921853928,197.90172147579267,96.73,51,31.18,1
2026-07-06 03:00:00,Engineering Block,27.84,61.01,206,82.91,879.13,90.78,50.04,184,66.99,0
2026-07-06 04:00:00,Admin Block,27.41,70.93,178,265.49699663712187,1500.8373537826526,136.55124079953978,30.09,27,88.5,1
2026-07-06 05:00:00,Hostel A,32.03,65.99,88,158.4,996.3,91.37,12.72,202,43.67,0
2026-07-06 06:00:00,Hostel B,23.77,70.99,184,169.95,542.24,84.11,15.29,217,40.09,0
2026-07-06 07:00:00,Hostel B,29.04,46.34,277,86.09,783.01,45.45,15.08,213,42.72,0
2026-07-06 08:00:00,Admin Block,25.69,55.86,121,115.1,1115.87,28.87,12.83,171,82.89,0
2026-07-06 09:00:00,Auditorium,29.18,50.75,474,109.75,994.02,55.02,59.36,207,97.56,0
2026-07-06 10:00:00,Laboratory,27.74,77.18,212,87.35,1168.52,101.12,86.19,235,44.78,0
2026-07-06 11:00:00,Laboratory,28.37,66.39,278,140.02,1413.25,75.11,41.14,9,37.6,0
2026-07-06 12:00:00,Laboratory,25.8,88.47,423,158.27,696.88,53.61,41.39,99,48.96,0
2026-07-06 13:00:00,Auditorium,25.96,55.32,405,104.04,935.18,109.88,19.36,84,37.76,0
2026-07-06 14:00:00,Hostel A,29.15,52.75,317,125.44,647.2,65.2,10.11,80,30.36,0
2026-07-06 15:00:00,Hostel B,31.77,58.57,318,125.05,575.34,23.05,95.66,162,61.49,0
2026-07-06 16:00:00,Admin Block,25.61,73.78,40,157.94,957.92,49.54,51.19,157,82.6,0
2026-07-06 17:00:00,Auditorium,24.52,56.34,64,120.27,857.37,66.02,76.37,208,51.78,0
2026-07-06 18:00:00,Hostel B,30.45,61.24,499,121.15,750.04,60.14,88.14,71,53.17,0
2026-07-06 19:00:00,Library,27.87,60.97,295,337.8530466280732,1937.4817798734157,145.65461684403977,20.08,85,45.95,1
2026-07-06 20:00:00,Computer Science Block,31.32,60.39,190,193.578015806523,1166.8370995685916,140.82535988521013,33.64,185,39.22,1
2026-07-06 21:00:00,Computer Science Block,24.38,53.48,197,100.09,473.77,87.3,55.18,72,34.67,0
2026-07-06 22:00:00,Auditorium,20.88,58.63,242,81.72,1019.41,76.69,36.76,74,69.92,0
2026-07-06 23:00:00,Hostel B,25.87,58.2,318,98.34,678.67,103.97,14.79,54,83.49,0
2026-07-07 00:00:00,Engineering Block,24.93,59.92,43,128.49,1037.67,107.38,90.36,116,65.26,0
2026-07-07 01:00:00,Hostel A,27.68,69.44,357,74.51,940.18,93.36,32.49,19,89.1,0
2026-07-07 02:00:00,Laboratory,25.45,77.61,103,129.56,193.1,105.89,16.55,164,62.32,0
2026-07-07 03:00:00,Hostel A,30.96,51.6,79,67.08,776.48,44.07,48.01,217,34.99,0
2026-07-07 04:00:00,Hostel A,26.85,56.08,307,85.13,614.05,29.41,82.4,188,72.28,0
2026-07-07 05:00:00,Auditorium,28.6,51.75,141,142.83,1081.91,55.26,25.16,188,80.06,0
2026-07-07 06:00:00,Library,28.63,61.87,24,104.43,707.92,88.53,49.32,128,38.64,0
2026-07-07 07:00:00,Hostel A,28.78,54.62,405,128.06,1062.47,104.73,26.7,198,66.65,0
2026-07-07 08:00:00,Computer Science Block,27.9,62.4,173,118.07,866.24,53.56,83.63,242,50.8,0
2026-07-07 09:00:00,Library,30.04,71.04,300,174.52,705.93,89.51,57.06,116,97.38,0
2026-07-07 10:00:00,Admin Block,24.82,34.74,453,124.76,975.31,104.58,62.05,199,44.83,0
2026-07-07 11:00:00,Hostel A,33.6,64.92,361,84.2,1071.03,68.97,77.28,157,77.78,0
2026-07-07 12:00:00,Hostel A,27.05,55.4,442,141.29,554.54,66.85,94.57,159,51.6,0
2026-07-07 13:00:00,Admin Block,22.75,64.6,105,83.14,467.48,98.78,19.52,223,59.14,0
2026-07-07 14:00:00,Hostel A,28.75,51.04,94,154.72,830.45,60.24,86.1,91,87.89,0
2026-07-07 15:00:00,Admin Block,24.6,71.96,286,147.77,749.05,60.57,52.68,13,99.8,0
2026-07-07 16:00:00,Library,30.66,69.13,210,130.37,970.3,72.28,67.65,193,38.47,0
2026-07-07 17:00:00,Computer Science Block,36.84,65.68,271,146.43,1047.83,74.62,86.75,40,62.17,0
2026-07-07 18:00:00,Admin Block,24.85,67.93,87,161.07,434.41,70.07,39.4,15,73.42,0
2026-07-07 19:00:00,Engineering Block,29.33,52.54,372,119.05,756.24,20.0,88.26,43,57.5,0
2026-07-07 20:00:00,Auditorium,20.98,53.8,165,125.97,460.25,82.94,66.83,139,39.23,0
2026-07-07 21:00:00,Auditorium,29.82,67.52,498,128.48,510.59,117.36,35.11,17,31.67,0
2026-07-07 22:00:00,Admin Block,24.46,52.32,383,181.3358357201404,735.2797091107162,148.64250181676232,92.78,203,32.19,1
2026-07-07 23:00:00,Auditorium,25.5,74.46,141,99.83,754.79,54.59,15.21,238,64.83,0
2026-07-08 00:00:00,Hostel A,23.59,56.76,431,122.02,454.53,97.92,63.15,51,58.78,0
2026-07-08 01:00:00,Laboratory,30.93,65.02,61,119.79,683.39,70.37,11.52,239,98.55,0
2026-07-08 02:00:00,Laboratory,32.03,80.99,335,128.9,633.19,62.74,17.35,81,93.84,0
2026-07-08 03:00:00,Auditorium,28.09,52.94,169,102.73,764.29,104.14,19.02,121,72.79,0
2026-07-08 04:00:00,Library,24.54,60.69,443,68.47,849.67,67.83,90.48,10,63.23,0
2026-07-08 05:00:00,Hostel B,34.36,70.54,81,171.45,830.29,86.11,60.28,136,70.13,0
2026-07-08 06:00:00,Library,25.0,69.51,274,71.23,543.45,106.83,33.4,47,62.51,0
2026-07-08 07:00:00,Hostel B,19.35,56.72,150,148.48,840.3,83.11,45.16,29,54.27,0
2026-07-08 08:00:00,Laboratory,29.83,54.83,346,109.36,743.83,69.76,85.42,216,72.73,0
2026-07-08 09:00:00,Laboratory,23.58,57.67,466,126.99,964.6,91.81,61.31,77,95.13,0
2026-07-08 10:00:00,Admin Block,31.95,74.48,396,143.19,683.2,20.95,12.85,29,75.22,0
2026-07-08 11:00:00,Computer Science Block,26.48,57.21,39,104.03,995.51,99.29,88.41,233,42.42,0
2026-07-08 12:00:00,Engineering Block,30.41,60.78,218,72.13,605.77,60.67,58.46,77,63.31,0
2026-07-08 13:00:00,Library,33.61,55.73,346,155.0,617.85,82.77,27.66,45,42.08,0
2026-07-08 14:00:00,Hostel A,23.16,67.06,240,143.4,822.6,81.12,74.37,112,38.36,0
2026-07-08 15:00:00,Hostel B,25.74,61.56,429,122.52,418.87,88.5,58.05,87,53.08,0
2026-07-08 16:00:00,Auditorium,27.7,49.97,444,148.87,629.78,87.97,27.04,144,43.94,0
2026-07-08 17:00:00,Hostel A,34.15,50.31,150,131.49,1136.34,58.68,68.51,167,95.47,0
2026-07-08 18:00:00,Computer Science Block,25.37,40.01,190,118.08,1016.55,65.84,67.73,72,33.91,0
2026-07-08 19:00:00,Hostel B,25.62,51.69,164,112.98,753.62,60.16,95.92,60,97.49,0
2026-07-08 20:00:00,Library,29.91,67.94,359,44.75,1437.69,70.11,33.78,215,88.86,0
2026-07-08 21:00:00,Admin Block,25.69,73.24,373,129.37,808.21,38.77,59.35,54,48.29,0
2026-07-08 22:00:00,Hostel A,28.61,66.86,200,84.44,888.02,20.0,38.89,48,36.48,0
2026-07-08 23:00:00,Computer Science Block,21.79,65.55,455,135.39,1212.08,91.35,36.84,114,69.69,0
2026-07-09 00:00:00,Library,36.86,58.73,180,109.81,931.2,117.23,55.51,10,47.24,0
2026-07-09 01:00:00,Laboratory,22.61,67.75,483,59.52,771.26,52.4,74.34,163,47.54,0
2026-07-09 02:00:00,Laboratory,26.71,62.86,79,117.79,1023.83,97.12,64.43,115,70.18,0
2026-07-09 03:00:00,Library,27.87,78.04,234,104.27,1002.52,46.29,20.56,247,62.04,0
2026-07-09 04:00:00,Library,35.65,59.02,87,168.24,667.89,79.08,93.01,100,65.48,0
2026-07-09 05:00:00,Library,22.7,73.43,459,49.92,796.12,94.87,73.79,205,52.34,0
2026-07-09 06:00:00,Hostel B,35.93,68.74,380,90.95,884.65,124.19,62.14,125,52.7,0
2026-07-09 07:00:00,Library,31.03,67.35,211,78.77,886.38,82.17,22.98,52,99.96,0
2026-07-09 08:00:00,Hostel A,29.67,39.89,244,147.64,634.16,50.89,22.14,94,57.52,0
2026-07-09 09:00:00,Computer Science Block,24.06,69.29,411,127.44,924.42,80.6,36.41,10,45.61,0
2026-07-09 10:00:00,Hostel B,30.28,58.72,216,146.15,759.35,84.85,93.08,41,79.31,0
2026-07-09 11:00:00,Library,25.11,55.56,180,80.99,968.47,141.14,23.23,239,84.86,0
2026-07-09 12:00:00,Engineering Block,33.07,45.17,268,86.28,1071.69,136.61,68.92,230,46.47,0
2026-07-09 13:00:00,Auditorium,24.12,59.94,428,122.04,645.94,97.66,68.04,236,37.65,0
2026-07-09 14:00:00,Engineering Block,27.55,60.34,474,180.72,758.37,65.42,18.28,119,50.58,0
2026-07-09 15:00:00,Computer Science Block,25.78,46.97,130,139.03,896.5,83.97,73.66,153,66.77,0
2026-07-09 16:00:00,Laboratory,24.05,45.27,410,89.29,1032.97,50.44,52.86,238,56.65,0
2026-07-09 17:00:00,Admin Block,30.97,64.87,78,127.63,707.14,58.56,55.07,95,40.82,0
2026-07-09 18:00:00,Admin Block,30.14,68.72,52,140.86,858.72,108.73,10.49,130,31.72,0
2026-07-09 19:00:00,Auditorium,32.84,61.9,60,72.42,1253.39,101.96,90.71,56,65.4,0
2026-07-09 20:00:00,Laboratory,20.88,71.51,180,111.07,1055.6,93.71,64.93,215,90.94,0
2026-07-09 21:00:00,Hostel B,32.26,59.14,48,113.68,788.06,67.78,64.41,95,71.68,0
2026-07-09 22:00:00,Hostel B,38.02,59.46,274,182.85,1317.06,36.95,45.02,71,90.8,0
2026-07-09 23:00:00,Hostel B,26.19,50.83,442,123.37,967.41,77.28,73.16,221,83.63,0
2026-07-10 00:00:00,Admin Block,35.58,44.4,204,178.23,1285.74,53.61,84.97,38,54.02,0
2026-07-10 01:00:00,Engineering Block,26.95,78.55,380,93.81,1130.55,57.65,54.55,183,58.92,0
2026-07-10 02:00:00,Admin Block,22.51,71.31,243,139.17,1564.37,95.53,59.06,153,90.36,0
2026-07-10 03:00:00,Hostel A,26.78,46.07,376,71.46,1219.18,139.94,28.75,132,79.38,0
2026-07-10 04:00:00,Library,32.19,61.56,240,141.55,736.94,77.41,41.79,207,69.16,0
2026-07-10 05:00:00,Hostel B,24.65,59.0,339,106.46,1051.76,85.02,52.13,159,96.32,0
2026-07-10 06:00:00,Engineering Block,25.6,57.26,105,108.63,625.19,54.08,69.51,160,33.27,0
2026-07-10 07:00:00,Computer Science Block,30.37,55.91,85,144.95,1079.63,59.02,93.86,8,89.98,0
2026-07-10 08:00:00,Auditorium,28.01,63.81,133,148.47,1275.73,77.16,22.34,112,52.31,0
2026-07-10 09:00:00,Computer Science Block,30.34,68.18,397,130.67,642.37,20.0,57.61,173,75.44,0
2026-07-10 10:00:00,Library,28.95,64.02,284,183.27,1034.93,54.08,64.99,57,94.05,0
2026-07-10 11:00:00,Engineering Block,29.92,58.79,304,122.4,1010.57,94.33,84.29,52,54.78,0
2026-07-10 12:00:00,Admin Block,26.27,58.43,116,131.45,1018.12,122.12,85.92,222,64.66,0
2026-07-10 13:00:00,Admin Block,28.93,69.37,349,129.26,554.43,90.39,69.46,89,52.59,0
2026-07-10 14:00:00,Hostel A,24.29,64.63,143,144.55,732.02,62.1,27.52,43,79.3,0
2026-07-10 15:00:00,Hostel A,33.15,60.73,175,120.84,930.75,48.87,80.18,200,39.13,0
2026-07-10 16:00:00,Admin Block,25.46,59.64,129,84.2,758.71,73.82,62.07,233,82.71,0
2026-07-10 17:00:00,Computer Science Block,32.52,63.45,72,133.25,609.4,75.31,96.52,53,84.65,0
2026-07-10 18:00:00,Auditorium,27.07,55.32,193,66.25,1091.07,60.02,95.79,196,34.62,0
2026-07-10 19:00:00,Hostel B,28.81,68.22,186,149.99,689.15,99.69,59.65,187,57.98,0
2026-07-10 20:00:00,Computer Science Block,26.02,49.24,95,161.03,842.05,46.8,94.9,111,78.78,0
2026-07-10 21:00:00,Auditorium,23.94,55.89,333,103.01,1409.8,62.58,12.32,200,36.6,0
2026-07-10 22:00:00,Hostel A,21.02,66.11,233,101.82,1107.58,70.87,92.4,54,85.54,0
2026-07-10 23:00:00,Library,23.78,48.67,201,51.67,861.45,134.83,96.81,155,74.97,0
2026-07-11 00:00:00,Auditorium,26.7,44.27,409,118.11,950.22,102.51,98.12,188,62.42,0
2026-07-11 01:00:00,Admin Block,28.85,60.63,64,201.9393112826071,1496.2849750115322,152.53232347983942,80.02,13,36.64,1
2026-07-11 02:00:00,Hostel A,32.04,43.04,443,131.64,486.27,99.54,26.26,108,34.99,0
2026-07-11 03:00:00,Hostel A,26.22,47.01,170,129.42,935.05,85.69,97.72,156,47.16,0
2026-07-11 04:00:00,Hostel B,24.47,67.57,136,110.75,1136.05,86.68,48.52,124,85.32,0
2026-07-11 05:00:00,Admin Block,22.23,57.95,141,151.88,830.26,74.8,52.41,33,92.3,0
2026-07-11 06:00:00,Hostel B,29.92,72.85,189,86.18,1037.11,110.34,11.36,11,47.34,0
2026-07-11 07:00:00,Admin Block,33.53,47.95,185,87.06,981.24,83.69,40.9,150,51.31,0
2026-07-11 08:00:00,Hostel B,33.07,59.06,419,180.6489391314161,2216.608892620948,130.95885724645225,33.14,198,41.91,1
2026-07-11 09:00:00,Auditorium,30.84,64.0,349,97.02,586.59,104.17,50.48,32,78.01,0
2026-07-11 10:00:00,Computer Science Block,30.55,48.29,450,79.94,951.65,75.01,34.23,47,31.94,0
2026-07-11 11:00:00,Library,34.79,70.32,168,39.9,1280.21,79.22,50.26,173,95.16,0
2026-07-11 12:00:00,Library,29.33,65.11,93,94.73,844.01,74.89,23.28,67,49.25,0
2026-07-11 13:00:00,Admin Block,30.58,43.91,478,148.41,784.91,120.01,95.68,33,83.93,0
2026-07-11 14:00:00,Engineering Block,26.72,59.62,168,130.14,1056.52,77.02,69.77,177,97.52,0
2026-07-11 15:00:00,Laboratory,22.55,63.86,44,142.01,1082.37,85.98,98.96,21,40.28,0
2026-07-11 16:00:00,Hostel A,25.26,54.1,399,138.48,1154.82,20.0,10.43,99,38.7,0
2026-07-11 17:00:00,Hostel A,27.96,45.2,80,233.5842821157434,1287.9821531353195,149.90480518996048,85.22,149,49.31,1
2026-07-11 18:00:00,Admin Block,28.24,62.78,373,112.0,983.99,84.41,17.58,163,71.27,0
2026-07-11 19:00:00,Auditorium,35.71,82.11,73,94.87,1335.02,116.14,79.65,91,30.09,0
2026-07-11 20:00:00,Hostel B,28.33,56.13,242,128.67,647.88,96.4,93.02,142,72.41,0
2026-07-11 21:00:00,Engineering Block,32.72,75.69,238,220.05,503.96,78.53,22.66,202,70.38,0
2026-07-11 22:00:00,Computer Science Block,26.26,52.48,492,74.37,1047.05,75.17,96.05,106,33.21,0
2026-07-11 23:00:00,Hostel B,26.75,62.16,335,154.92,957.41,20.89,49.26,124,66.61,0
2026-07-12 00:00:00,Hostel B,22.68,67.72,189,101.34,747.04,63.79,40.98,243,88.41,0
2026-07-12 01:00:00,Admin Block,25.03,59.92,208,170.87,688.74,81.97,81.62,159,50.96,0
2026-07-12 02:00:00,Admin Block,30.11,57.02,51,132.88,830.84,28.21,86.78,79,87.27,0
2026-07-12 03:00:00,Auditorium,28.03,67.26,72,151.33930418674666,2174.9336440656875,142.54290809127176,85.29,152,60.97,1
2026-07-12 04:00:00,Hostel A,31.77,78.91,447,111.74,1087.1,112.37,66.16,50,88.94,0
2026-07-12 05:00:00,Admin Block,28.73,63.01,158,316.10916738942217,1513.277636306056,162.51571239653256,36.66,73,62.97,1
2026-07-12 06:00:00,Admin Block,26.59,54.84,393,179.14,731.05,61.24,34.89,164,93.06,0
2026-07-12 07:00:00,Admin Block,36.59,58.1,66,148.23,222.28,119.3,30.58,73,93.97,0
2026-07-12 08:00:00,Auditorium,27.62,85.2,109,104.45,962.67,76.4,23.18,194,30.45,0
2026-07-12 09:00:00,Hostel A,32.65,61.35,335,137.07,1017.52,56.64,45.33,218,57.01,0
2026-07-12 10:00:00,Computer Science Block,26.4,54.06,55,175.9,814.16,69.46,87.04,197,92.11,0
2026-07-12 11:00:00,Computer Science Block,30.84,48.55,463,136.27,1433.16,81.16,99.66,130,30.98,0
2026-07-12 12:00:00,Laboratory,31.71,41.74,436,115.47,665.04,24.54,72.42,152,37.15,0
2026-07-12 13:00:00,Laboratory,28.83,63.64,244,70.52,1219.76,106.08,24.05,55,60.17,0
2026-07-12 14:00:00,Admin Block,18.58,66.55,61,163.03,1040.65,32.14,70.62,83,98.62,0
2026-07-12 15:00:00,Laboratory,28.07,56.03,247,115.48,804.27,74.76,34.78,79,94.92,0
2026-07-12 16:00:00,Hostel A,32.92,59.85,288,95.21,449.85,105.95,74.59,36,70.95,0
2026-07-12 17:00:00,Auditorium,30.11,48.3,417,145.64,1197.92,79.47,31.27,191,47.68,0
2026-07-12 18:00:00,Computer Science Block,29.78,61.33,205,147.02,863.98,92.91,24.77,187,74.92,0
2026-07-12 19:00:00,Hostel B,21.11,64.81,390,87.69,1301.04,112.02,67.1,224,52.6,0
2026-07-12 20:00:00,Computer Science Block,25.12,54.65,376,177.9019116795413,1484.542464733918,169.60706609298427,71.66,32,75.74,1
2026-07-12 21:00:00,Computer Science Block,29.65,76.9,254,139.7,1213.02,86.57,26.63,149,41.86,0
2026-07-12 22:00:00,Hostel A,29.64,51.63,141,162.31,493.15,149.18,56.08,166,72.13,0
2026-07-12 23:00:00,Laboratory,32.86,62.83,443,108.46,513.84,44.3,89.26,192,78.41,0
2026-07-13 00:00:00,Hostel B,27.42,68.48,340,112.75,749.35,90.22,71.63,63,80.02,0
2026-07-13 01:00:00,Hostel A,29.62,59.23,408,95.83,308.18,94.45,70.83,192,98.4,0
2026-07-13 02:00:00,Admin Block,28.07,58.12,433,163.11,928.84,35.46,75.12,220,31.84,0
2026-07-13 03:00:00,Auditorium,24.05,45.71,136,142.98,659.9,64.69,41.5,198,35.42,0
2026-07-13 04:00:00,Library,18.98,73.57,485,80.98,1037.77,53.81,28.54,192,72.36,0
2026-07-13 05:00:00,Computer Science Block,29.72,58.3,448,178.13,366.03,81.23,76.02,95,63.78,0
2026-07-13 06:00:00,Library,28.7,65.37,376,240.77,1138.07,70.33,83.07,132,74.02,0
2026-07-13 07:00:00,Auditorium,25.53,66.73,461,57.01,871.39,129.06,90.62,13,78.56,0
2026-07-13 08:00:00,Auditorium,21.52,53.72,58,132.21,1077.25,107.75,81.57,56,32.41,0
2026-07-13 09:00:00,Hostel A,30.52,58.02,415,65.87,806.97,87.61,41.15,87,63.77,0
2026-07-13 10:00:00,Hostel A,26.94,73.34,181,109.62,433.33,78.9,52.03,168,64.79,0
2026-07-13 11:00:00,Hostel A,30.23,48.83,128,68.66,1180.28,24.18,80.19,61,73.49,0
2026-07-13 12:00:00,Library,35.46,81.28,33,171.46,1037.25,36.9,58.38,123,55.09,0
2026-07-13 13:00:00,Hostel A,19.43,52.55,185,107.12,1089.96,90.92,60.14,225,34.76,0
2026-07-13 14:00:00,Auditorium,25.2,48.2,419,155.38,881.37,85.14,94.83,15,52.6,0
2026-07-13 15:00:00,Admin Block,27.16,61.32,381,126.03,1309.46,35.83,96.18,36,45.24,0
2026-07-13 16:00:00,Hostel A,33.82,82.08,464,278.9964402852943,2530.4557158798902,184.1243191287237,78.51,223,85.04,1
2026-07-13 17:00:00,Engineering Block,21.45,40.89,462,77.64,1194.08,69.61,82.86,184,91.58,0
2026-07-13 18:00:00,Laboratory,35.74,58.59,350,43.23,496.36,52.27,33.8,129,42.16,0
2026-07-13 19:00:00,Library,28.54,64.76,354,99.75,913.37,85.89,63.44,43,72.65,0
2026-07-13 20:00:00,Engineering Block,27.62,60.34,131,106.92,682.88,94.22,53.01,220,44.07,0
2026-07-13 21:00:00,Hostel A,27.21,63.82,253,64.25,512.76,63.19,13.69,95,88.24,0
2026-07-13 22:00:00,Auditorium,26.25,52.82,221,135.02,819.53,95.9,89.52,68,84.02,0
2026-07-13 23:00:00,Admin Block,32.19,54.0,342,133.36,1138.05,60.83,36.61,31,70.73,0
2026-07-14 00:00:00,Computer Science Block,23.73,58.52,158,166.67,741.79,66.65,93.86,172,52.22,0
2026-07-14 01:00:00,Hostel B,29.38,48.7,286,300.5124428438627,1115.474646128646,29.415319956336447,67.28,100,98.82,1
2026-07-14 02:00:00,Laboratory,26.46,59.55,291,102.53,773.9,88.41,83.17,113,75.25,0
2026-07-14 03:00:00,Hostel B,24.95,56.11,185,79.5,1371.9,38.68,51.29,112,81.71,0
2026-07-14 04:00:00,Hostel A,38.34,55.3,433,60.0,981.67,55.25,26.87,90,91.63,0
2026-07-14 05:00:00,Laboratory,29.68,63.21,188,113.09,673.11,67.19,88.72,127,87.66,0
2026-07-14 06:00:00,Laboratory,30.45,41.79,276,112.48,1287.31,107.52,80.44,181,87.46,0
2026-07-14 07:00:00,Admin Block,32.55,57.71,143,133.48,883.08,66.07,77.91,238,47.79,0
2026-07-14 08:00:00,Laboratory,22.31,83.17,57,62.92,640.41,109.27,29.15,228,52.11,0
2026-07-14 09:00:00,Library,35.01,49.14,389,124.91,727.93,42.24,56.95,127,57.48,0
2026-07-14 10:00:00,Engineering Block,17.96,72.86,268,138.47,645.72,92.19,39.04,127,94.17,0
2026-07-14 11:00:00,Engineering Block,24.92,60.55,256,97.31,817.51,101.22,65.15,180,34.01,0
2026-07-14 12:00:00,Engineering Block,26.16,53.97,117,139.73,834.32,77.94,57.92,242,48.14,0
2026-07-14 13:00:00,Library,30.33,46.79,79,111.58,899.9,106.78,25.96,103,61.0,0
2026-07-14 14:00:00,Hostel B,28.87,61.4,38,161.47,716.75,71.64,66.14,122,80.06,0
2026-07-14 15:00:00,Admin Block,27.33,74.53,143,170.18,1004.42,81.73,13.44,197,41.35,0
2026-07-14 16:00:00,Laboratory,27.95,56.11,245,120.96,1251.13,20.0,16.37,121,65.52,0
2026-07-14 17:00:00,Library,24.09,59.19,462,150.09,703.49,67.36,26.45,38,53.46,0
2026-07-14 18:00:00,Engineering Block,22.01,70.1,119,72.69,1174.1,51.76,62.09,5,45.14,0
2026-07-14 19:00:00,Hostel A,30.91,63.41,343,103.38,901.01,103.31,78.35,46,34.31,0
2026-07-14 20:00:00,Computer Science Block,30.77,44.28,413,132.85,812.19,100.65,80.42,64,87.54,0
2026-07-14 21:00:00,Laboratory,34.34,60.99,36,104.35,1035.45,109.48,34.9,231,77.92,0
2026-07-14 22:00:00,Library,24.84,75.12,267,110.29,975.28,21.26,44.58,97,49.66,0
2026-07-14 23:00:00,Auditorium,30.77,59.63,99,85.9,1011.74,84.59,31.04,150,57.24,0
2026-07-15 00:00:00,Library,26.87,32.59,104,180.63,677.81,88.33,13.27,202,68.37,0
2026-07-15 01:00:00,Admin Block,32.76,63.88,367,86.54,600.31,33.01,54.56,138,52.49,0
2026-07-15 02:00:00,Admin Block,32.09,58.02,475,146.99,322.98,43.68,59.06,223,43.11,0
2026-07-15 03:00:00,Library,28.84,41.71,48,102.32,952.78,133.8,94.16,171,44.75,0
2026-07-15 04:00:00,Engineering Block,26.64,43.21,153,141.75,623.45,98.86,74.07,59,89.55,0
2026-07-15 05:00:00,Computer Science Block,31.84,69.75,497,154.39698819072825,1432.8926647145627,100.96976575914354,94.09,121,63.93,1
2026-07-15 06:00:00,Laboratory,30.59,52.68,213,107.61,825.6,107.47,35.16,151,63.01,0
2026-07-15 07:00:00,Admin Block,25.26,50.93,138,134.12,542.68,49.72,75.21,170,57.13,0
2026-07-15 08:00:00,Laboratory,22.69,59.64,397,141.23,1212.31,86.59,63.85,135,80.59,0
2026-07-15 09:00:00,Engineering Block,26.85,53.56,386,150.74,781.26,98.16,36.71,121,88.08,0
2026-07-15 10:00:00,Laboratory,34.06,61.0,210,220.28060421204364,1824.5534488925098,66.4611714350644,29.0,119,80.44,1
2026-07-15 11:00:00,Hostel A,32.59,57.97,434,157.62,1071.67,56.58,36.19,106,63.93,0
2026-07-15 12:00:00,Admin Block,23.55,48.0,172,128.14,402.72,79.16,98.17,24,44.04,0
2026-07-15 13:00:00,Engineering Block,23.33,54.89,362,114.75,761.53,109.42,12.09,125,67.93,0
2026-07-15 14:00:00,Engineering Block,33.1,64.43,424,224.67732163360506,1900.7931025863752,197.59963605933694,91.44,70,80.84,1
2026-07-15 15:00:00,Computer Science Block,23.46,60.42,291,123.76,602.47,119.92,79.45,75,58.93,0
2026-07-15 16:00:00,Computer Science Block,30.04,59.18,151,128.33,931.7,98.96,58.92,137,99.36,0
2026-07-15 17:00:00,Hostel A,25.54,79.37,382,201.4102809464183,966.6358994779488,125.33068412036914,87.24,29,95.46,1
2026-07-15 18:00:00,Engineering Block,34.47,67.31,449,97.51,952.22,150.94,14.68,238,95.29,0
2026-07-15 19:00:00,Hostel B,24.92,68.52,27,134.27,714.53,86.13,58.98,57,71.55,0
2026-07-15 20:00:00,Engineering Block,32.57,58.34,153,89.1,872.39,94.65,35.69,209,68.69,0
2026-07-15 21:00:00,Computer Science Block,28.74,62.2,400,121.0,1172.13,109.73,10.88,144,67.37,0
2026-07-15 22:00:00,Hostel B,29.01,55.69,403,117.80076541199405,1592.3251105847353,100.96675612086048,65.71,73,62.85,1
2026-07-15 23:00:00,Admin Block,20.12,67.78,328,186.68,670.35,105.56,69.2,144,41.27,0
2026-07-16 00:00:00,Admin Block,19.19,58.9,394,143.6,983.99,58.59,63.17,214,91.38,0
2026-07-16 01:00:00,Laboratory,27.12,62.22,211,104.27,950.42,104.29,45.14,71,87.24,0
2026-07-16 02:00:00,Library,28.99,61.61,110,172.77,1145.95,106.84,82.38,58,82.0,0
2026-07-16 03:00:00,Computer Science Block,23.5,59.82,454,88.78,874.89,96.42,40.88,136,78.29,0
2026-07-16 04:00:00,Library,23.65,89.38,268,100.36,865.74,85.77,64.36,239,62.65,0
2026-07-16 05:00:00,Hostel B,30.25,53.33,271,137.76,1050.74,116.83,99.65,23,99.69,0
2026-07-16 06:00:00,Computer Science Block,30.25,53.24,82,152.6,1054.5,42.88,86.13,89,60.86,0
2026-07-16 07:00:00,Hostel A,27.45,66.94,235,99.96,1692.0,67.49,67.98,221,48.39,0
2026-07-16 08:00:00,Engineering Block,31.12,54.05,153,136.06,1237.05,58.59,70.68,71,53.35,0
2026-07-16 09:00:00,Hostel A,23.3,57.09,465,131.78,856.54,75.69,85.69,139,80.06,0
2026-07-16 10:00:00,Hostel B,26.58,49.14,126,119.12,829.68,76.53,25.82,141,51.08,0
2026-07-16 11:00:00,Computer Science Block,34.59,64.92,180,101.01,664.94,75.59,19.92,8,76.8,0
2026-07-16 12:00:00,Auditorium,28.27,65.04,277,149.48,478.25,143.41,29.88,187,79.75,0
2026-07-16 13:00:00,Hostel B,28.51,56.85,444,49.47,881.23,67.08,77.01,27,93.34,0
2026-07-16 14:00:00,Auditorium,37.22,67.15,35,124.87,318.31,76.56,79.28,79,62.18,0
2026-07-16 15:00:00,Engineering Block,22.4,41.42,377,225.55307591111767,2622.0288852996205,236.98139715750358,12.54,215,64.27,1
2026-07-16 16:00:00,Admin Block,31.19,52.93,394,115.74,649.49,101.76,15.4,69,34.83,0
2026-07-16 17:00:00,Admin Block,34.66,58.3,78,95.71,1174.72,89.9,98.34,8,42.29,0
2026-07-16 18:00:00,Hostel B,26.7,48.28,28,77.76,822.09,117.0,54.29,13,47.67,0
2026-07-16 19:00:00,Library,31.44,42.51,216,97.41,995.5,55.27,58.23,46,95.25,0
2026-07-16 20:00:00,Computer Science Block,24.07,56.92,136,100.58,534.6,110.46,65.1,75,74.86,0
2026-07-16 21:00:00,Computer Science Block,25.25,66.94,29,111.9,998.33,115.37,96.8,158,93.15,0
2026-07-16 22:00:00,Admin Block,29.54,72.82,369,119.58,886.1,120.06,24.36,25,51.86,0
2026-07-16 23:00:00,Laboratory,31.19,54.53,26,141.94,1341.62,94.79,66.98,116,53.08,0
2026-07-17 00:00:00,Hostel A,32.48,67.33,368,171.87,534.82,69.9,16.82,127,64.91,0
2026-07-17 01:00:00,Laboratory,34.28,66.37,213,122.37,523.06,109.82,56.21,142,76.17,0
2026-07-17 02:00:00,Engineering Block,27.73,72.19,423,83.46,596.38,49.1,49.62,14,40.3,0
2026-07-17 03:00:00,Hostel A,32.77,56.5,142,147.15,344.98,99.02,34.14,194,42.12,0
2026-07-17 04:00:00,Hostel A,26.63,42.01,82,129.28,641.86,92.21,49.65,197,86.19,0
2026-07-17 05:00:00,Hostel B,31.61,60.7,23,85.09,614.04,88.22,72.84,104,90.38,0
2026-07-17 06:00:00,Admin Block,28.83,49.86,303,122.64,844.33,78.63,85.69,71,30.48,0
2026-07-17 07:00:00,Laboratory,29.78,52.76,347,143.66,863.09,120.22,80.64,103,79.67,0
2026-07-17 08:00:00,Laboratory,29.69,56.99,269,90.41,480.07,94.5,62.64,241,55.09,0
2026-07-17 09:00:00,Admin Block,21.58,56.61,438,100.25,1153.55,103.04,90.73,16,54.03,0
2026-07-17 10:00:00,Laboratory,23.5,61.42,149,122.65,997.98,82.76,72.45,95,69.01,0
2026-07-17 11:00:00,Auditorium,28.41,67.03,444,109.82,1084.75,109.37,85.44,213,82.83,0
2026-07-17 12:00:00,Admin Block,21.25,56.32,431,65.84,1151.57,71.67,45.84,151,94.96,0
2026-07-17 13:00:00,Hostel B,31.32,63.96,94,202.07,610.87,51.37,72.85,206,30.74,0
2026-07-17 14:00:00,Library,31.49,60.15,348,98.91,708.9,67.54,16.71,47,48.64,0
2026-07-17 15:00:00,Hostel A,29.31,69.35,377,95.48,950.15,65.09,96.14,94,57.13,0
2026-07-17 16:00:00,Hostel B,23.52,58.11,404,106.78,1176.55,23.37,66.64,140,35.48,0
2026-07-17 17:00:00,Computer Science Block,33.52,59.21,273,116.09,932.92,80.4,87.1,184,32.49,0
2026-07-17 18:00:00,Engineering Block,36.15,56.26,430,130.87,852.85,46.21,53.69,235,99.55,0
2026-07-17 19:00:00,Library,28.59,58.38,342,82.2,687.25,73.07,12.78,6,75.21,0
2026-07-17 20:00:00,Computer Science Block,30.04,52.17,186,163.63,525.59,81.13,54.28,80,48.79,0
2026-07-17 21:00:00,Hostel A,28.81,51.17,220,69.81,1143.87,63.42,75.32,171,56.29,0
2026-07-17 22:00:00,Laboratory,30.12,67.76,187,104.01,762.32,84.08,15.88,58,79.5,0
2026-07-17 23:00:00,Admin Block,27.52,49.17,303,146.37,869.45,75.64,19.03,124,40.16,0
2026-07-18 00:00:00,Hostel A,27.86,56.81,488,144.21,1280.62,54.83,14.89,172,59.74,0
2026-07-18 01:00:00,Hostel B,31.62,70.15,367,22.1,766.39,62.11,20.79,227,90.44,0
2026-07-18 02:00:00,Engineering Block,37.38,56.47,427,117.48,874.53,96.83,65.29,161,48.99,0
2026-07-18 03:00:00,Hostel B,22.4,68.29,357,121.52,739.79,91.58,88.7,76,42.09,0
2026-07-18 04:00:00,Library,27.58,54.09,70,127.85,531.72,142.26,52.38,19,91.95,0
2026-07-18 05:00:00,Library,23.28,49.49,75,98.51,940.59,62.44,82.79,30,96.5,0
2026-07-18 06:00:00,Engineering Block,34.37,44.05,92,110.78,366.98,74.64,45.87,180,91.62,0
2026-07-18 07:00:00,Auditorium,25.65,73.13,301,137.76,1219.25,62.14,86.97,104,94.56,0
2026-07-18 08:00:00,Computer Science Block,22.23,48.63,107,145.8,342.63,53.65,24.18,173,58.54,0
2026-07-18 09:00:00,Computer Science Block,30.55,67.47,71,69.43,788.48,61.75,61.65,72,62.78,0
2026-07-18 10:00:00,Library,34.98,50.0,144,135.98,725.79,58.49,56.81,118,73.44,0
2026-07-18 11:00:00,Library,30.65,73.17,281,131.97,1136.93,84.41,19.26,165,34.11,0
2026-07-18 12:00:00,Laboratory,28.82,82.07,462,149.3,678.54,64.46,31.44,144,77.73,0
2026-07-18 13:00:00,Admin Block,29.64,43.13,392,89.46,459.93,67.57,53.62,182,67.98,0
2026-07-18 14:00:00,Laboratory,33.66,49.15,287,135.26,529.56,64.29,79.47,249,95.62,0
2026-07-18 15:00:00,Laboratory,24.5,67.73,82,54.36,329.16,63.9,91.43,207,68.09,0
2026-07-18 16:00:00,Auditorium,27.55,65.13,55,106.88,1077.34,74.58,76.21,226,99.37,0
2026-07-18 17:00:00,Computer Science Block,26.19,67.77,28,108.54,1317.82,138.11,36.37,57,97.86,0
2026-07-18 18:00:00,Auditorium,23.33,54.26,349,122.75,1161.88,90.41,19.25,241,58.11,0
2026-07-18 19:00:00,Auditorium,26.69,79.88,342,145.35,869.44,96.0,57.27,94,32.41,0
2026-07-18 20:00:00,Engineering Block,32.43,61.18,260,81.67,942.99,31.16,40.99,182,86.53,0
2026-07-18 21:00:00,Computer Science Block,30.27,47.83,304,162.02,771.57,79.71,60.7,34,89.68,0
2026-07-18 22:00:00,Admin Block,30.58,57.47,346,37.8,720.05,62.04,45.81,232,68.71,0
2026-07-18 23:00:00,Hostel B,28.59,47.96,109,60.9,982.99,88.4,44.13,229,81.29,0
2026-07-19 00:00:00,Library,30.09,75.91,283,152.92,527.38,103.15,92.08,241,63.4,0
2026-07-19 01:00:00,Library,24.8,53.4,318,123.64,994.64,81.89,70.08,163,74.3,0
2026-07-19 02:00:00,Admin Block,26.76,64.92,224,179.73,847.23,76.31,70.27,6,65.85,0
2026-07-19 03:00:00,Auditorium,28.77,55.29,310,146.81,1024.13,77.7,22.03,83,63.59,0
2026-07-19 04:00:00,Laboratory,29.11,53.85,230,120.43,986.48,72.87,45.07,198,87.41,0
2026-07-19 05:00:00,Engineering Block,29.28,40.9,385,102.78,552.91,27.4,78.65,57,42.56,0
2026-07-19 06:00:00,Auditorium,27.45,65.98,297,98.04,1047.84,73.84,61.03,208,59.72,0
2026-07-19 07:00:00,Library,26.49,72.99,483,132.85,1240.54,54.51,51.43,214,77.2,0
2026-07-19 08:00:00,Hostel A,40.63,50.84,226,99.64,1051.56,21.12,97.55,76,98.99,0
2026-07-19 09:00:00,Laboratory,31.63,44.55,341,128.73,628.64,85.26,22.27,199,70.02,0
2026-07-19 10:00:00,Library,29.65,68.03,377,96.35,1076.45,39.57,24.47,103,68.51,0
2026-07-19 11:00:00,Hostel A,27.07,43.54,424,127.09,969.45,82.47,60.69,188,65.56,0
2026-07-19 12:00:00,Auditorium,26.2,72.2,113,173.88,386.93,61.61,46.47,165,33.63,0
2026-07-19 13:00:00,Admin Block,27.48,50.96,218,139.41,798.92,47.03,53.26,163,75.56,0
2026-07-19 14:00:00,Admin Block,29.17,48.97,370,103.6,1061.68,98.15,59.31,200,97.47,0
2026-07-19 15:00:00,Laboratory,20.48,62.48,188,132.28,837.2,94.4,21.47,27,80.58,0
2026-07-19 16:00:00,Library,21.72,49.62,316,129.68,989.06,92.57,34.31,105,52.37,0
2026-07-19 17:00:00,Computer Science Block,25.45,52.93,452,127.24,710.93,67.8,58.34,177,75.99,0
2026-07-19 18:00:00,Hostel A,28.83,63.54,246,293.7238564738671,1624.93611147577,89.48578547108984,27.42,113,65.27,1
2026-07-19 19:00:00,Engineering Block,27.04,35.71,23,151.76,1165.62,64.98,85.56,39,76.66,0
2026-07-19 20:00:00,Library,33.91,76.42,117,157.62,979.55,75.85,80.51,108,99.83,0
2026-07-19 21:00:00,Engineering Block,22.07,60.44,212,222.80688556890723,1321.4175109463051,71.09785627351259,61.14,121,72.68,1
2026-07-19 22:00:00,Library,24.99,47.07,285,71.77,878.84,89.85,54.54,234,31.35,0
2026-07-19 23:00:00,Computer Science Block,34.08,49.83,369,122.97,833.88,117.22,93.66,197,47.75,0
2026-07-20 00:00:00,Computer Science Block,28.52,69.92,243,114.48,670.51,70.8,77.71,135,59.64,0
2026-07-20 01:00:00,Laboratory,31.54,66.01,86,139.28,772.07,79.33,13.43,14,34.88,0
2026-07-20 02:00:00,Laboratory,36.2,73.87,157,77.62,898.79,126.74,30.1,248,62.39,0
2026-07-20 03:00:00,Computer Science Block,25.22,53.17,348,137.52,357.43,97.0,16.57,226,61.63,0
2026-07-20 04:00:00,Hostel B,27.6,62.97,420,124.47,1171.53,86.81,99.52,126,91.4,0
2026-07-20 05:00:00,Computer Science Block,26.91,64.27,258,85.9,722.96,65.41,48.0,126,50.2,0
2026-07-20 06:00:00,Admin Block,20.18,66.95,470,47.41,555.42,105.51,22.08,32,58.55,0
2026-07-20 07:00:00,Admin Block,26.76,71.27,494,150.42,1352.48,81.63,42.24,84,46.53,0
2026-07-20 08:00:00,Hostel B,31.52,52.83,328,85.38,900.43,86.56,98.2,8,85.98,0
2026-07-20 09:00:00,Auditorium,30.16,58.86,438,68.2,1121.63,20.0,22.87,121,85.38,0
2026-07-20 10:00:00,Hostel A,30.48,53.9,23,100.24,683.72,106.11,42.12,116,96.13,0
2026-07-20 11:00:00,Auditorium,26.5,59.47,343,161.0,1133.62,83.69,34.82,113,88.22,0
2026-07-20 12:00:00,Engineering Block,25.38,66.98,388,126.84,1031.7,63.89,81.12,189,86.46,0
2026-07-20 13:00:00,Auditorium,33.08,43.46,371,135.56,771.14,101.95,12.3,200,46.53,0
2026-07-20 14:00:00,Library,26.01,71.09,121,118.32,424.9,89.72,95.2,27,77.85,0
2026-07-20 15:00:00,Auditorium,29.18,48.61,414,130.55,1113.17,103.71,88.18,108,32.93,0
2026-07-20 16:00:00,Library,28.65,56.93,63,112.85,801.01,61.84,42.79,155,31.55,0
2026-07-20 17:00:00,Hostel B,33.85,72.44,138,103.52,1144.48,66.63,91.11,182,51.28,0
2026-07-20 18:00:00,Admin Block,31.89,63.28,207,97.58,762.54,69.03,48.32,83,90.85,0
2026-07-20 19:00:00,Laboratory,22.82,63.4,250,109.27,831.54,58.69,36.27,81,49.28,0
2026-07-20 20:00:00,Library,23.25,48.19,473,204.47,940.18,72.99,46.63,5,95.03,0
2026-07-20 21:00:00,Admin Block,30.32,49.56,209,139.96,1344.55,98.88,84.25,105,45.44,0
2026-07-20 22:00:00,Hostel A,27.74,69.41,129,89.98,648.7,60.76,60.5,28,33.32,0
2026-07-20 23:00:00,Engineering Block,26.18,54.11,435,73.43,744.98,87.96,29.55,176,71.58,0
2026-07-21 00:00:00,Hostel A,32.06,55.05,321,116.84,713.47,27.7,16.27,69,87.22,0
2026-07-21 01:00:00,Hostel B,28.75,69.64,298,60.17,692.41,90.45,64.59,49,69.9,0
2026-07-21 02:00:00,Auditorium,28.21,49.5,125,151.71,835.19,90.52,83.66,246,65.37,0
2026-07-21 03:00:00,Auditorium,31.12,62.69,184,30.65,1129.23,68.0,87.0,113,60.73,0
2026-07-21 04:00:00,Computer Science Block,26.5,60.43,145,109.08,756.92,65.66,84.06,209,80.12,0
2026-07-21 05:00:00,Computer Science Block,34.27,59.97,365,57.0,1320.43,103.35,56.21,170,97.6,0
2026-07-21 06:00:00,Computer Science Block,24.85,54.82,117,135.68,1179.17,51.85,43.99,213,51.99,0
2026-07-21 07:00:00,Hostel A,30.63,54.2,350,93.47,823.16,120.87,97.79,188,53.99,0
2026-07-21 08:00:00,Library,33.74,49.22,389,144.66,666.94,77.78,93.02,183,34.68,0
2026-07-21 09:00:00,Engineering Block,22.49,64.83,461,44.27,1035.31,65.97,77.68,34,41.57,0
2026-07-21 10:00:00,Computer Science Block,26.63,53.32,139,365.8447059316123,1816.0868740613403,65.2773413374824,48.71,88,66.82,1
2026-07-21 11:00:00,Hostel B,32.57,69.69,360,132.29,1109.44,96.23,97.61,110,52.08,0
2026-07-21 12:00:00,Hostel B,32.63,57.75,318,118.78,678.61,82.02,43.65,9,87.38,0
2026-07-21 13:00:00,Computer Science Block,27.31,49.42,363,90.52,812.2,95.64,71.6,237,73.55,0
2026-07-21 14:00:00,Auditorium,25.06,57.62,162,109.16,487.13,114.66,36.49,73,81.19,0
2026-07-21 15:00:00,Computer Science Block,31.82,55.89,214,145.1,520.68,61.05,85.21,122,60.92,0
2026-07-21 16:00:00,Engineering Block,32.73,70.09,149,146.3561036884005,1840.7179682494254,130.93587356710918,87.41,242,36.97,1
2026-07-21 17:00:00,Computer Science Block,23.34,56.31,474,116.09,998.05,55.28,55.82,169,69.36,0
2026-07-21 18:00:00,Engineering Block,23.18,57.24,408,109.48,1262.48,61.4,60.6,212,48.14,0
2026-07-21 19:00:00,Hostel B,28.9,74.12,456,126.36,555.65,106.26,95.37,153,66.56,0
2026-07-21 20:00:00,Computer Science Block,30.52,65.08,448,71.21,1189.15,100.12,22.79,230,37.81,0
2026-07-21 21:00:00,Hostel A,26.8,76.63,123,170.82,1176.97,82.86,52.42,242,84.54,0
2026-07-21 22:00:00,Laboratory,30.72,72.59,112,152.78,1369.82,93.94,57.56,118,57.96,0
2026-07-21 23:00:00,Hostel A,25.16,51.13,316,57.96,1068.48,124.75,83.48,74,76.56,0
2026-07-22 00:00:00,Hostel B,19.54,69.9,466,51.25,208.5,70.34,80.0,238,64.47,0
2026-07-22 01:00:00,Engineering Block,26.3,75.25,499,169.21,989.18,100.93,64.19,131,62.67,0
2026-07-22 02:00:00,Hostel A,28.25,75.33,241,122.32,385.92,95.75,24.0,74,56.73,0
2026-07-22 03:00:00,Engineering Block,26.9,69.88,219,56.93,303.88,60.75,46.56,206,63.8,0
2026-07-22 04:00:00,Hostel A,23.37,69.68,307,102.69,919.08,77.18,18.21,227,72.89,0
2026-07-22 05:00:00,Hostel A,20.74,56.97,381,109.86,1049.81,63.62,23.53,138,45.69,0
2026-07-22 06:00:00,Engineering Block,25.94,51.63,277,142.37,422.43,117.79,30.39,71,80.01,0
2026-07-22 07:00:00,Library,31.59,56.48,29,153.07,304.77,51.58,40.03,48,63.99,0
2026-07-22 08:00:00,Hostel A,33.02,43.35,190,124.39,742.51,27.81,49.62,187,73.17,0
2026-07-22 09:00:00,Computer Science Block,32.75,73.43,394,113.96,980.88,40.8,74.86,56,63.08,0
2026-07-22 10:00:00,Laboratory,24.74,57.17,446,103.39,846.18,66.04,12.09,93,41.46,0
2026-07-22 11:00:00,Hostel B,23.39,72.91,120,169.28,765.05,86.91,88.48,88,52.94,0
2026-07-22 12:00:00,Library,29.99,47.69,129,105.22,548.37,42.9,99.29,231,53.84,0
2026-07-22 13:00:00,Engineering Block,30.54,70.83,266,249.66943105009346,1236.2300706276092,162.60851250321656,96.77,197,58.36,1
2026-07-22 14:00:00,Library,29.6,55.05,342,82.43,1099.96,89.07,48.25,184,52.33,0
2026-07-22 15:00:00,Admin Block,19.94,47.16,263,75.66,896.17,70.51,45.94,163,77.23,0
2026-07-22 16:00:00,Admin Block,24.53,76.27,42,126.68,932.2,75.74,57.01,210,99.59,0
2026-07-22 17:00:00,Hostel A,27.88,71.07,373,106.72,1294.29,92.68,69.81,71,79.44,0
2026-07-22 18:00:00,Hostel A,29.95,62.12,485,71.88,1346.31,86.91,34.98,84,97.12,0
2026-07-22 19:00:00,Computer Science Block,31.07,60.34,244,108.73,1322.51,83.21,68.94,210,81.68,0
2026-07-22 20:00:00,Laboratory,28.58,64.4,372,207.07,1517.59,30.55,37.83,71,71.06,0
2026-07-22 21:00:00,Hostel B,29.32,61.95,463,118.69,635.57,64.83,69.46,138,79.4,0
2026-07-22 22:00:00,Library,28.34,52.08,484,109.5,551.68,51.22,68.74,13,87.17,0
2026-07-22 23:00:00,Admin Block,30.74,55.88,281,109.56,986.35,95.27,10.07,229,88.36,0
2026-07-23 00:00:00,Hostel A,29.25,79.61,288,161.95,784.3,68.26,88.41,237,38.98,0
2026-07-23 01:00:00,Auditorium,28.26,86.72,40,114.92,859.19,116.3,27.33,16,73.78,0
2026-07-23 02:00:00,Auditorium,26.93,75.63,498,128.69,336.78,110.05,99.35,70,41.2,0
2026-07-23 03:00:00,Hostel B,28.33,64.78,333,145.09,932.05,113.58,59.5,68,81.1,0
2026-07-23 04:00:00,Library,29.94,56.62,139,165.65,747.1,70.69,44.79,47,30.39,0
2026-07-23 05:00:00,Hostel A,29.07,52.02,488,94.54,754.04,63.99,18.25,114,74.89,0
2026-07-23 06:00:00,Hostel A,29.52,52.68,431,86.32,813.78,71.04,71.29,192,33.43,0
2026-07-23 07:00:00,Admin Block,33.37,54.47,139,95.01,451.05,103.67,42.38,71,93.08,0
2026-07-23 08:00:00,Admin Block,29.06,81.51,217,142.86,695.85,109.35,96.67,81,82.09,0
2026-07-23 09:00:00,Hostel A,25.4,78.06,155,146.87,1219.72,73.45,87.15,35,94.46,0
2026-07-23 10:00:00,Engineering Block,31.53,67.46,96,126.86,933.09,108.34,21.2,205,63.95,0
2026-07-23 11:00:00,Hostel A,22.54,50.39,373,154.27,1211.54,74.08,51.19,172,30.2,0
2026-07-23 12:00:00,Hostel B,23.67,68.93,77,146.9,553.81,84.95,49.97,109,95.41,0
2026-07-23 13:00:00,Hostel A,29.34,57.61,443,98.24,913.16,68.84,73.79,76,48.8,0
2026-07-23 14:00:00,Computer Science Block,30.07,38.47,105,67.52,581.72,130.06,34.57,26,53.42,0
2026-07-23 15:00:00,Laboratory,23.02,62.87,20,104.63,1381.04,126.78,85.26,222,68.74,0
2026-07-23 16:00:00,Computer Science Block,26.47,51.58,96,138.81,570.5,99.72,94.73,129,45.19,0
2026-07-23 17:00:00,Computer Science Block,25.58,51.92,468,137.28,1104.73,73.97,59.71,212,97.19,0
2026-07-23 18:00:00,Engineering Block,26.05,57.5,29,56.89,748.71,37.16,93.45,228,39.08,0
2026-07-23 19:00:00,Engineering Block,31.77,55.02,463,56.7060971951258,2431.1471408277575,142.55354387865484,39.28,167,53.38,1
2026-07-23 20:00:00,Auditorium,30.83,59.66,88,144.17,515.68,94.47,38.56,104,97.33,0
2026-07-23 21:00:00,Hostel A,27.92,59.18,167,362.38439318834736,1093.1041143920452,79.6329615053046,75.1,197,99.4,1
2026-07-23 22:00:00,Computer Science Block,25.82,41.24,81,132.58,1010.43,123.77,49.99,75,74.91,0
2026-07-23 23:00:00,Engineering Block,22.6,75.2,32,151.69,829.78,115.36,34.85,182,84.92,0
2026-07-24 00:00:00,Admin Block,33.68,50.17,205,127.36,893.64,57.33,37.87,117,70.38,0
2026-07-24 01:00:00,Hostel A,30.37,50.48,184,73.49,746.53,83.64,84.91,44,62.5,0
2026-07-24 02:00:00,Hostel B,25.17,56.71,29,109.13,801.2,85.61,68.23,238,54.19,0
2026-07-24 03:00:00,Laboratory,30.88,58.92,278,117.3,788.29,78.99,81.23,116,46.47,0
2026-07-24 04:00:00,Library,27.72,74.59,181,100.05,662.33,86.48,47.15,79,48.62,0
2026-07-24 05:00:00,Hostel A,26.85,62.69,309,99.43,1357.25,64.27,94.49,15,64.1,0
2026-07-24 06:00:00,Library,29.74,65.66,433,116.76,1260.59,76.99,90.16,209,96.03,0
2026-07-24 07:00:00,Computer Science Block,25.03,62.75,440,91.0,1210.58,83.97,13.22,45,90.9,0
2026-07-24 08:00:00,Laboratory,26.62,62.31,215,45.41,1030.22,64.46,42.84,8,52.91,0
2026-07-24 09:00:00,Library,28.49,63.1,53,123.75,1104.5,98.2,16.65,221,96.65,0
2026-07-24 10:00:00,Computer Science Block,26.0,40.67,179,163.58,681.03,80.56,31.4,7,41.03,0
2026-07-24 11:00:00,Admin Block,30.68,57.5,104,42.83,582.33,67.6,93.31,124,68.02,0
2026-07-24 12:00:00,Library,35.48,71.62,77,125.81,1173.15,57.4,90.63,78,78.26,0
2026-07-24 13:00:00,Laboratory,24.98,95.0,380,84.61,974.16,95.73,15.05,201,95.93,0
2026-07-24 14:00:00,Auditorium,21.34,47.96,427,143.8,1176.33,82.34,13.22,80,46.47,0
2026-07-24 15:00:00,Hostel A,19.99,64.23,284,133.33,965.3,61.16,68.13,166,51.56,0
2026-07-24 16:00:00,Computer Science Block,27.4,54.29,316,156.84,673.29,72.14,31.23,80,38.19,0
2026-07-24 17:00:00,Hostel A,25.35,80.48,427,90.45,566.05,71.23,10.2,57,53.54,0
2026-07-24 18:00:00,Laboratory,28.83,46.46,44,122.3,1002.21,101.13,84.97,42,88.64,0
2026-07-24 19:00:00,Engineering Block,28.53,66.25,55,207.14,1067.95,118.34,44.59,211,59.12,0
2026-07-24 20:00:00,Computer Science Block,21.59,45.93,283,226.177468405476,1515.9403637748376,150.45811462253522,47.55,89,99.21,1
2026-07-24 21:00:00,Library,20.74,56.81,401,144.83,614.07,89.25,19.83,8,57.77,0
2026-07-24 22:00:00,Computer Science Block,29.18,59.66,133,169.11,920.36,95.69,52.77,207,80.24,0
2026-07-24 23:00:00,Hostel A,28.54,70.7,124,89.11,932.16,51.22,79.86,126,57.98,0
2026-07-25 00:00:00,Admin Block,26.3,49.23,112,49.34,695.09,81.27,36.97,78,46.68,0
2026-07-25 01:00:00,Computer Science Block,21.37,66.63,108,60.63,1199.63,91.25,84.51,203,42.48,0
2026-07-25 02:00:00,Library,29.89,60.19,462,79.41,827.18,93.01,68.52,77,42.16,0
2026-07-25 03:00:00,Engineering Block,33.09,62.73,182,105.33,1244.89,73.46,47.36,22,75.22,0
2026-07-25 04:00:00,Auditorium,29.11,69.58,57,137.38,962.09,47.49,55.42,51,35.15,0
2026-07-25 05:00:00,Hostel B,24.61,47.17,111,153.36,826.98,92.49,20.06,159,74.69,0
2026-07-25 06:00:00,Admin Block,28.18,68.11,138,82.36,896.6,85.98,90.45,111,59.08,0
2026-07-25 07:00:00,Auditorium,22.54,54.31,230,195.07,344.91,100.79,90.45,32,76.41,0
2026-07-25 08:00:00,Engineering Block,32.23,70.96,179,165.5,863.26,27.71,44.42,189,31.55,0
2026-07-25 09:00:00,Computer Science Block,28.33,63.35,120,102.29,281.41,80.83,69.31,228,39.64,0
2026-07-25 10:00:00,Hostel A,20.93,57.9,388,203.34,734.64,71.83,78.82,78,91.08,0
2026-07-25 11:00:00,Laboratory,26.8,54.1,198,140.77,965.88,67.8,84.31,230,99.99,0
2026-07-25 12:00:00,Hostel A,29.85,68.23,303,117.66,766.12,49.4,75.22,137,88.95,0
2026-07-25 13:00:00,Auditorium,26.67,72.61,459,87.2,1244.95,55.52,55.1,152,38.8,0
2026-07-25 14:00:00,Library,26.9,54.67,374,80.98,869.63,83.46,72.81,59,44.09,0
2026-07-25 15:00:00,Hostel A,23.1,48.67,411,152.8,1031.68,61.52,95.27,98,42.34,0
2026-07-25 16:00:00,Admin Block,30.27,66.94,316,123.37,837.3,55.68,52.43,37,90.74,0
2026-07-25 17:00:00,Hostel A,25.41,45.51,393,134.86,960.74,78.47,17.36,196,87.9,0
2026-07-25 18:00:00,Library,19.37,46.94,42,80.21,792.4,59.57,82.77,151,58.8,0
2026-07-25 19:00:00,Hostel B,26.51,49.37,457,139.05,1025.62,78.25,74.91,6,38.68,0
2026-07-25 20:00:00,Computer Science Block,31.92,55.85,298,122.6,1161.23,77.37,36.72,214,92.2,0
2026-07-25 21:00:00,Laboratory,26.45,46.64,51,82.02,900.67,84.7,62.94,82,70.74,0
2026-07-25 22:00:00,Auditorium,34.95,40.61,157,70.22,1214.73,56.55,16.56,201,98.4,0
2026-07-25 23:00:00,Computer Science Block,29.72,48.65,100,121.35,801.36,101.19,53.11,193,49.75,0
2026-07-26 00:00:00,Hostel A,29.36,66.42,438,143.96,1192.4,98.78,45.91,62,32.62,0
2026-07-26 01:00:00,Engineering Block,27.49,47.28,374,157.14,1064.21,78.9,32.57,150,98.76,0
2026-07-26 02:00:00,Computer Science Block,27.73,56.6,338,128.15,811.31,88.12,23.84,177,54.71,0
2026-07-26 03:00:00,Hostel B,26.95,79.47,214,91.78,1044.84,90.83,40.93,247,61.37,0
2026-07-26 04:00:00,Hostel A,26.79,59.51,311,120.72,1038.44,93.94,94.25,83,36.1,0
2026-07-26 05:00:00,Laboratory,30.12,63.43,112,132.43,1090.08,92.51,56.23,155,71.51,0
2026-07-26 06:00:00,Library,24.26,50.54,452,93.25,338.98,91.47,28.1,54,48.21,0
2026-07-26 07:00:00,Hostel B,23.7,81.63,65,103.5,587.62,87.01,85.19,136,77.69,0
2026-07-26 08:00:00,Hostel A,23.51,54.59,46,121.01,791.88,89.38,34.25,102,83.2,0
2026-07-26 09:00:00,Hostel B,36.18,57.72,434,226.09763272719277,1523.0150516518968,43.60998280432158,82.25,28,50.14,1
2026-07-26 10:00:00,Computer Science Block,30.12,73.17,181,75.97,1011.56,51.61,11.5,16,60.9,0
2026-07-26 11:00:00,Laboratory,29.22,58.18,351,100.69,753.44,93.75,93.1,33,54.15,0
2026-07-26 12:00:00,Library,23.77,60.48,120,124.91,1059.66,53.3,58.11,10,98.53,0
2026-07-26 13:00:00,Hostel A,30.49,57.18,206,137.39,323.53,80.23,78.69,156,89.37,0
2026-07-26 14:00:00,Admin Block,27.53,57.25,457,124.89,510.62,59.55,38.28,115,59.49,0
2026-07-26 15:00:00,Auditorium,28.86,63.71,492,130.22,726.21,85.67,86.14,90,65.96,0
2026-07-26 16:00:00,Library,24.09,65.53,213,128.98,1375.03,20.0,72.25,149,98.88,0
2026-07-26 17:00:00,Admin Block,28.64,53.57,177,216.27538820172325,1812.5783761380694,150.1480492854369,14.24,61,49.05,1
2026-07-26 18:00:00,Hostel B,26.3,52.34,476,168.23,755.19,76.21,13.66,36,91.97,0
2026-07-26 19:00:00,Engineering Block,24.94,53.91,426,106.54,1273.0,55.75,42.49,93,95.91,0
2026-07-26 20:00:00,Library,30.94,45.99,28,218.51714767797247,870.7876323060383,199.1428002191252,14.67,129,62.2,1
2026-07-26 21:00:00,Hostel B,21.85,44.1,231,68.96,669.3,122.07,13.9,185,47.33,0
2026-07-26 22:00:00,Admin Block,30.26,62.97,458,101.91,920.63,26.34,43.99,30,40.87,0
2026-07-26 23:00:00,Computer Science Block,30.74,69.39,404,95.7,880.46,63.33,30.77,223,35.1,0
2026-07-27 00:00:00,Computer Science Block,24.48,68.71,331,106.82,954.4,42.01,41.58,203,42.72,0
2026-07-27 01:00:00,Engineering Block,24.72,36.18,186,131.14,763.44,35.74,46.32,39,53.57,0
2026-07-27 02:00:00,Auditorium,27.11,57.55,362,161.64,1023.95,82.37,17.71,230,84.14,0
2026-07-27 03:00:00,Library,29.13,48.98,293,148.46,883.52,53.05,64.53,31,57.19,0
2026-07-27 04:00:00,Library,27.39,61.44,317,49.53,1157.23,53.03,41.31,140,55.43,0
2026-07-27 05:00:00,Library,29.73,55.82,499,155.29,1054.3,60.92,78.47,167,89.11,0
2026-07-27 06:00:00,Auditorium,35.05,65.92,130,138.24,686.12,78.13,99.21,22,71.62,0
2026-07-27 07:00:00,Hostel B,25.97,59.81,348,183.05,556.35,107.69,44.34,155,62.21,0
2026-07-27 08:00:00,Laboratory,21.14,41.04,222,97.68,1119.16,88.02,76.78,98,74.07,0
2026-07-27 09:00:00,Laboratory,31.3,50.33,267,84.73,575.92,87.42,36.57,20,69.22,0
2026-07-27 10:00:00,Engineering Block,34.73,60.06,84,150.27,1115.45,58.93,83.01,163,61.11,0
2026-07-27 11:00:00,Library,29.57,60.9,222,146.38,784.5,101.96,71.47,65,57.97,0
2026-07-27 12:00:00,Hostel B,23.65,45.94,180,96.31,1007.4,106.67,32.43,125,91.95,0
2026-07-27 13:00:00,Computer Science Block,27.5,44.64,433,111.11,696.99,101.83,51.46,234,42.91,0
2026-07-27 14:00:00,Admin Block,23.53,60.56,152,136.76,968.1,60.94,82.55,130,41.04,0
2026-07-27 15:00:00,Hostel B,30.57,45.96,197,132.21,1139.29,99.83,73.85,246,86.05,0
2026-07-27 16:00:00,Auditorium,22.59,43.31,212,118.73,741.02,110.3,12.85,38,38.44,0
2026-07-27 17:00:00,Laboratory,26.8,55.55,285,123.23,628.82,100.56,10.14,133,97.89,0
2026-07-27 18:00:00,Laboratory,23.98,55.12,79,91.36,651.83,75.46,77.85,77,49.53,0
2026-07-27 19:00:00,Computer Science Block,28.51,51.22,224,112.94,263.49,58.96,50.83,232,89.73,0
2026-07-27 20:00:00,Computer Science Block,26.53,52.96,174,71.52,639.75,84.62,56.03,240,75.3,0
2026-07-27 21:00:00,Auditorium,28.71,60.14,91,119.81,1157.99,67.2,96.82,200,86.64,0
2026-07-27 22:00:00,Admin Block,28.09,52.8,175,72.06,426.31,20.0,21.9,177,57.98,0
2026-07-27 23:00:00,Computer Science Block,24.05,60.71,192,81.38,717.94,63.73,12.9,132,44.22,0
2026-07-28 00:00:00,Engineering Block,30.51,56.2,327,231.54,886.83,86.47,27.01,62,96.37,0
2026-07-28 01:00:00,Admin Block,27.8,61.68,469,53.51,881.03,90.86,74.13,24,85.08,0
2026-07-28 02:00:00,Computer Science Block,24.05,68.78,81,154.12,642.63,118.39,26.4,241,40.5,0
2026-07-28 03:00:00,Hostel A,36.96,68.39,392,129.53,1178.87,114.1,57.58,213,60.99,0
2026-07-28 04:00:00,Hostel B,29.91,72.88,479,130.51,1040.53,91.83,87.01,176,53.13,0
2026-07-28 05:00:00,Computer Science Block,27.39,68.38,494,82.66,609.23,59.65,85.63,142,40.83,0
2026-07-28 06:00:00,Engineering Block,33.66,62.39,400,145.55,813.62,82.65,28.92,50,71.47,0
2026-07-28 07:00:00,Library,35.37,55.67,224,56.38,702.22,69.22,90.75,111,81.79,0
2026-07-28 08:00:00,Computer Science Block,27.42,56.12,79,102.72,971.67,26.33,99.44,130,46.35,0
2026-07-28 09:00:00,Laboratory,29.39,51.22,105,120.65,1220.14,146.69,97.66,108,68.49,0
2026-07-28 10:00:00,Laboratory,24.05,60.05,443,178.21,975.72,52.25,90.21,209,44.06,0
2026-07-28 11:00:00,Laboratory,27.41,66.97,162,142.95,1253.21,33.61,15.68,189,76.27,0
2026-07-28 12:00:00,Library,27.2,52.74,370,104.89,824.05,32.92,66.45,170,78.93,0
2026-07-28 13:00:00,Laboratory,28.74,59.63,26,110.24,447.52,74.62,49.6,112,65.17,0
2026-07-28 14:00:00,Hostel A,29.33,53.23,314,267.0031961949178,1288.5915167945882,162.70827005185672,35.14,20,76.52,1
2026-07-28 15:00:00,Computer Science Block,30.24,62.09,198,77.58,1033.04,62.1,38.4,171,78.92,0
2026-07-28 16:00:00,Auditorium,28.95,54.51,246,158.85,832.77,93.19,94.88,101,93.86,0
2026-07-28 17:00:00,Laboratory,23.16,52.6,26,116.68,879.14,88.83,95.68,159,88.45,0
2026-07-28 18:00:00,Admin Block,24.25,53.2,159,89.37,740.11,71.99,19.11,233,87.55,0
2026-07-28 19:00:00,Auditorium,25.81,65.03,33,71.18,712.69,53.94,28.33,132,31.52,0
2026-07-28 20:00:00,Library,26.87,59.03,53,32.6,1138.17,101.12,92.62,116,48.4,0
2026-07-28 21:00:00,Hostel A,32.2,55.72,397,181.31,1316.3,83.91,65.25,212,43.52,0
2026-07-28 22:00:00,Admin Block,23.35,62.61,442,53.97,732.27,79.91,73.57,83,99.57,0
2026-07-28 23:00:00,Admin Block,26.57,55.85,259,136.78,692.72,111.1,41.28,84,69.47,0
2026-07-29 00:00:00,Admin Block,31.81,71.27,348,135.18,1065.79,87.4,31.72,138,42.19,0
2026-07-29 01:00:00,Admin Block,26.8,50.26,339,103.31,1241.09,60.67,50.09,33,69.93,0
2026-07-29 02:00:00,Auditorium,29.84,58.13,116,116.03,1127.55,105.54,40.67,172,78.59,0
2026-07-29 03:00:00,Auditorium,27.44,45.95,287,105.97,1336.31,113.54,95.01,149,87.63,0
2026-07-29 04:00:00,Computer Science Block,29.03,56.53,145,127.8,1141.38,89.73,24.84,44,49.53,0
2026-07-29 05:00:00,Laboratory,27.09,43.2,53,106.38,1056.45,74.77,99.25,75,69.04,0
2026-07-29 06:00:00,Hostel B,30.67,67.46,302,109.88,1167.57,122.74,91.58,102,51.13,0
2026-07-29 07:00:00,Computer Science Block,21.82,67.67,425,117.1,965.43,118.89,61.4,113,61.51,0
2026-07-29 08:00:00,Computer Science Block,26.55,67.84,37,141.88,885.33,90.4,40.82,59,58.5,0
2026-07-29 09:00:00,Hostel A,29.19,60.29,449,140.98,998.91,46.29,75.13,104,44.98,0
2026-07-29 10:00:00,Hostel A,30.13,51.2,447,115.63,986.71,62.55,53.26,30,50.53,0
2026-07-29 11:00:00,Laboratory,33.97,52.0,421,111.15,688.64,137.99,43.74,30,47.99,0
2026-07-29 12:00:00,Hostel B,26.44,75.3,312,139.71,987.97,63.85,39.93,143,86.8,0
2026-07-29 13:00:00,Hostel A,33.92,74.36,410,89.91,898.0,109.28,17.22,29,40.18,0
2026-07-29 14:00:00,Laboratory,25.36,61.23,87,79.2,980.08,53.21,49.12,104,98.04,0
2026-07-29 15:00:00,Laboratory,33.31,54.84,256,73.04,864.53,62.46,32.31,174,58.13,0
2026-07-29 16:00:00,Auditorium,31.27,73.69,99,128.37,959.13,66.67,11.75,180,45.8,0
2026-07-29 17:00:00,Engineering Block,24.35,53.05,105,158.3,934.7,93.78,31.0,6,83.39,0
2026-07-29 18:00:00,Auditorium,29.23,62.29,79,122.48,578.32,86.67,31.13,109,36.44,0
2026-07-29 19:00:00,Hostel B,27.8,73.52,67,249.47612797004916,1188.820700991913,207.08428397435765,37.2,96,87.07,1
2026-07-29 20:00:00,Hostel A,30.5,51.64,198,101.82,487.04,37.07,95.08,5,51.76,0
2026-07-29 21:00:00,Hostel B,27.11,68.29,375,129.11,1208.38,35.16,90.97,138,42.02,0
2026-07-29 22:00:00,Computer Science Block,26.77,65.21,103,124.79,849.22,64.9,12.88,44,89.14,0
2026-07-29 23:00:00,Computer Science Block,33.48,59.6,114,136.9,934.51,87.69,31.44,40,71.67,0
2026-07-30 00:00:00,Hostel B,27.61,50.07,327,36.32,849.23,89.87,49.8,5,67.69,0
2026-07-30 01:00:00,Engineering Block,31.31,52.76,271,135.0,600.16,77.79,35.0,245,50.92,0
2026-07-30 02:00:00,Engineering Block,27.1,62.89,352,142.07,808.27,54.86,45.57,19,65.04,0
2026-07-30 03:00:00,Auditorium,34.67,45.77,199,141.24,852.96,76.52,84.76,197,84.67,0
2026-07-30 04:00:00,Hostel B,25.29,61.31,103,115.76,411.23,55.97,61.24,87,63.39,0
2026-07-30 05:00:00,Hostel A,25.54,65.41,329,181.43,978.76,79.07,47.74,29,74.16,0
2026-07-30 06:00:00,Auditorium,34.1,69.85,444,152.81,938.62,102.5,53.73,82,32.72,0
2026-07-30 07:00:00,Library,26.22,46.02,445,170.81,764.47,24.59,34.72,90,71.51,0
2026-07-30 08:00:00,Engineering Block,34.4,73.16,169,135.87,1216.33,107.63,28.9,91,46.16,0
2026-07-30 09:00:00,Admin Block,31.57,76.95,58,297.8729759248961,1929.1100628769875,48.64660736891504,29.11,194,81.47,1
2026-07-30 10:00:00,Auditorium,27.38,64.1,298,140.71,1076.07,51.58,81.88,75,51.95,0
2026-07-30 11:00:00,Computer Science Block,20.75,49.62,323,98.09,948.57,143.93,27.41,38,50.6,0
2026-07-30 12:00:00,Auditorium,27.92,56.72,132,148.99,951.92,65.31,92.01,15,59.02,0
2026-07-30 13:00:00,Hostel B,28.41,59.52,395,104.11,309.19,104.54,50.44,84,38.24,0
2026-07-30 14:00:00,Admin Block,32.67,62.7,436,99.38,719.4,115.11,58.01,243,82.75,0
2026-07-30 15:00:00,Hostel B,34.35,60.22,146,73.93,824.98,105.12,64.99,42,73.97,0
2026-07-30 16:00:00,Laboratory,25.26,62.81,60,155.21,575.66,37.93,37.56,141,49.64,0
2026-07-30 17:00:00,Computer Science Block,31.2,59.09,177,190.5,788.34,72.23,90.6,8,84.07,0
2026-07-30 18:00:00,Computer Science Block,31.06,62.65,225,167.88,1079.79,55.42,64.75,177,97.31,0
2026-07-30 19:00:00,Engineering Block,32.29,55.39,66,151.54,852.88,88.83,90.96,60,89.99,0
2026-07-30 20:00:00,Auditorium,29.99,56.62,204,152.53,521.72,63.29,55.68,108,59.0,0
2026-07-30 21:00:00,Engineering Block,20.23,54.24,91,151.32,970.77,109.6,13.51,39,50.61,0
2026-07-30 22:00:00,Admin Block,27.38,79.17,76,115.57,368.39,95.41,12.8,155,30.57,0
2026-07-30 23:00:00,Auditorium,23.38,74.64,258,106.65,998.01,65.82,37.69,28,48.11,0
2026-07-31 00:00:00,Laboratory,27.19,65.55,81,85.92,719.46,78.38,86.26,122,38.11,0
2026-07-31 01:00:00,Hostel B,31.92,73.25,361,185.17,1324.77,89.83,33.98,8,87.97,0
2026-07-31 02:00:00,Laboratory,29.22,67.98,76,112.98,487.44,77.39,53.6,226,84.42,0
2026-07-31 03:00:00,Computer Science Block,32.59,61.81,471,124.99,841.64,57.42,28.14,172,62.95,0
2026-07-31 04:00:00,Admin Block,29.37,44.94,262,80.69,572.65,71.45,77.5,100,38.19,0
2026-07-31 05:00:00,Library,22.81,57.38,347,92.91,756.19,66.47,70.28,184,66.37,0
2026-07-31 06:00:00,Admin Block,17.92,56.65,143,167.46814671742433,2749.053324911956,57.987233352701786,91.22,234,67.14,1
2026-07-31 07:00:00,Hostel A,28.6,48.67,489,204.284108012274,1346.3070200753045,147.9285296401888,41.96,102,74.18,1
2026-07-31 08:00:00,Admin Block,27.14,45.14,172,142.32,550.28,63.18,98.64,64,66.8,0
2026-07-31 09:00:00,Laboratory,24.09,64.93,274,136.32,1007.14,64.92,88.99,166,36.97,0
2026-07-31 10:00:00,Hostel A,21.2,63.25,236,141.06,760.71,98.16,50.36,163,74.73,0
2026-07-31 11:00:00,Hostel A,25.06,48.33,443,119.44,759.91,86.05,87.42,35,99.34,0
2026-07-31 12:00:00,Auditorium,27.22,52.54,251,146.21,764.73,71.31,48.23,164,74.34,0
2026-07-31 13:00:00,Auditorium,30.66,71.61,36,114.84,765.84,83.52,80.88,40,55.4,0
2026-07-31 14:00:00,Hostel A,28.75,51.22,99,135.96,1139.74,67.48,42.41,90,73.53,0
2026-07-31 15:00:00,Library,34.43,61.71,195,106.26,458.78,53.61,32.98,151,69.12,0
2026-07-31 16:00:00,Auditorium,23.86,58.1,58,158.65,866.36,71.15,76.39,177,36.65,0
2026-07-31 17:00:00,Admin Block,31.52,65.06,162,88.67,916.16,70.46,96.81,39,74.39,0
2026-07-31 18:00:00,Laboratory,28.19,51.44,36,159.43,888.83,60.17,75.38,170,75.7,0
2026-07-31 19:00:00,Admin Block,30.78,60.9,268,132.67,570.71,44.72,97.88,174,54.49,0
2026-07-31 20:00:00,Library,26.25,61.69,54,173.1,593.33,79.64,92.85,192,51.06,0
2026-07-31 21:00:00,Computer Science Block,32.29,62.3,308,96.88,770.2,20.0,48.37,19,64.81,0
2026-07-31 22:00:00,Engineering Block,29.18,60.79,165,111.92,599.77,79.87,55.45,60,40.14,0
2026-07-31 23:00:00,Laboratory,25.28,63.45,433,110.96,927.94,69.98,27.14,234,36.44,0
2026-08-01 00:00:00,Auditorium,27.95,81.92,234,89.79,1144.99,75.95,49.53,192,82.84,0
2026-08-01 01:00:00,Laboratory,27.04,85.61,184,189.04,865.13,82.39,79.05,140,42.8,0
2026-08-01 02:00:00,Admin Block,29.96,53.61,130,95.07,772.04,95.75,57.02,228,47.39,0
2026-08-01 03:00:00,Engineering Block,23.28,36.82,154,87.65,315.9,63.92,97.61,232,56.68,0
2026-08-01 04:00:00,Hostel B,27.88,65.95,93,170.83,924.01,68.43,20.34,105,80.32,0
2026-08-01 05:00:00,Hostel B,29.58,61.86,483,146.82,651.93,82.02,55.7,226,69.66,0
2026-08-01 06:00:00,Auditorium,28.13,70.61,175,113.33,767.72,53.89,57.89,247,62.03,0
2026-08-01 07:00:00,Library,33.39,62.85,234,55.16,665.55,57.63,23.39,244,98.89,0
2026-08-01 08:00:00,Hostel B,31.1,60.59,373,289.3670252443682,1123.027639080298,167.056690566796,81.74,27,62.96,1
2026-08-01 09:00:00,Laboratory,27.97,71.29,293,188.11,902.44,71.71,83.63,239,71.1,0
2026-08-01 10:00:00,Hostel B,28.87,72.69,450,141.36,950.79,53.58,90.77,75,35.79,0
2026-08-01 11:00:00,Computer Science Block,29.18,46.13,298,138.23,1112.59,41.85,94.33,154,49.03,0
2026-08-01 12:00:00,Computer Science Block,29.61,51.83,167,127.16,798.52,76.79,77.27,40,50.5,0
2026-08-01 13:00:00,Auditorium,20.7,58.94,50,104.96,794.26,91.31,85.76,171,45.64,0
2026-08-01 14:00:00,Computer Science Block,26.79,60.98,33,162.36,1158.83,97.19,16.57,96,50.74,0
2026-08-01 15:00:00,Hostel B,22.06,57.74,42,106.58,1069.95,44.95,44.54,208,63.86,0
2026-08-01 16:00:00,Library,33.11,64.34,21,139.53,1172.43,89.73,35.65,199,89.94,0
2026-08-01 17:00:00,Hostel A,27.76,69.96,432,127.64,1084.59,53.47,81.45,113,75.13,0
2026-08-01 18:00:00,Hostel A,27.23,77.23,197,119.59,1458.8,122.75,37.77,42,85.86,0
2026-08-01 19:00:00,Auditorium,31.59,65.79,348,90.17,1036.15,72.35,55.09,48,64.15,0
2026-08-01 20:00:00,Engineering Block,29.69,51.48,78,78.18,583.58,49.02,48.14,168,69.76,0
2026-08-01 21:00:00,Hostel A,23.49,58.53,308,137.31,1036.07,87.55,78.27,153,34.85,0
2026-08-01 22:00:00,Hostel A,27.72,59.25,195,104.89,942.83,77.93,61.91,26,39.9,0
2026-08-01 23:00:00,Computer Science Block,26.66,65.15,191,125.06,757.32,97.7,45.52,155,88.18,0
2026-08-02 00:00:00,Computer Science Block,21.02,63.88,415,127.02,731.49,85.44,21.79,139,99.49,0
2026-08-02 01:00:00,Hostel B,25.24,80.5,102,130.84,806.94,121.68,24.7,11,84.8,0
2026-08-02 02:00:00,Auditorium,27.27,55.38,445,115.8,315.31,70.38,74.94,25,43.77,0
2026-08-02 03:00:00,Engineering Block,27.54,63.85,487,142.69,213.35,101.57,13.02,176,31.72,0
2026-08-02 04:00:00,Auditorium,22.07,83.55,242,117.14,870.05,63.47,49.47,82,32.76,0
2026-08-02 05:00:00,Admin Block,32.61,54.15,54,111.59,726.19,85.46,75.69,46,48.78,0
2026-08-02 06:00:00,Laboratory,27.59,61.45,316,145.86,712.19,67.84,42.83,139,91.67,0
2026-08-02 07:00:00,Engineering Block,28.15,50.55,488,120.93,763.46,107.52,68.56,73,44.93,0
2026-08-02 08:00:00,Engineering Block,29.6,60.82,458,128.13,465.87,103.85,79.21,105,74.99,0
2026-08-02 09:00:00,Library,24.85,52.2,129,153.1,1035.12,92.76,89.2,151,39.68,0
2026-08-02 10:00:00,Auditorium,29.83,70.47,254,134.78,774.95,88.58,30.19,93,79.46,0
2026-08-02 11:00:00,Hostel B,26.53,61.47,416,152.62,859.53,97.34,73.38,144,40.3,0
2026-08-02 12:00:00,Library,24.41,50.65,58,64.66,1085.07,103.83,60.29,13,56.91,0
2026-08-02 13:00:00,Engineering Block,30.29,68.41,238,212.51,763.94,82.61,51.32,133,44.42,0
2026-08-02 14:00:00,Engineering Block,33.97,61.8,236,145.22,1072.33,93.74,47.67,56,49.37,0
2026-08-02 15:00:00,Engineering Block,30.9,69.53,213,140.96,940.81,118.8,88.56,175,79.69,0
2026-08-02 16:00:00,Hostel A,31.69,48.52,182,115.17,1070.78,75.16,26.13,97,69.32,0
2026-08-02 17:00:00,Auditorium,25.92,63.69,135,67.5,1091.64,86.55,80.06,239,37.06,0
2026-08-02 18:00:00,Laboratory,21.61,67.73,347,145.15,978.09,70.04,16.89,87,88.41,0
2026-08-02 19:00:00,Laboratory,33.96,55.77,180,158.82,827.74,113.79,59.31,19,72.25,0
2026-08-02 20:00:00,Library,36.22,47.41,108,60.32,974.47,73.89,24.4,104,49.76,0
2026-08-02 21:00:00,Engineering Block,34.17,59.58,488,151.01,588.61,92.76,51.36,86,57.93,0
2026-08-02 22:00:00,Laboratory,26.66,72.28,439,174.04,944.62,133.1,53.42,195,91.74,0
2026-08-02 23:00:00,Computer Science Block,23.38,71.26,160,172.63,1049.22,105.11,75.89,154,52.79,0
2026-08-03 00:00:00,Auditorium,23.74,55.72,331,138.59,610.99,73.83,28.81,26,49.56,0
2026-08-03 01:00:00,Laboratory,21.27,47.17,193,117.27,1171.53,100.6,36.55,226,44.74,0
2026-08-03 02:00:00,Hostel B,27.57,55.69,220,153.18,834.8,90.91,55.09,203,85.16,0
2026-08-03 03:00:00,Auditorium,34.42,55.32,374,224.26385847385646,1771.203384698127,62.42472021261803,78.08,244,47.87,1
2026-08-03 04:00:00,Hostel B,27.43,64.46,321,132.76,549.3,50.95,59.0,65,63.19,0
2026-08-03 05:00:00,Laboratory,29.21,58.95,375,101.56,294.62,72.23,81.46,194,30.7,0
2026-08-03 06:00:00,Computer Science Block,33.5,52.47,132,63.54,1153.44,88.85,68.92,10,97.14,0
2026-08-03 07:00:00,Hostel B,26.38,71.04,386,150.0,815.78,65.03,92.72,17,88.32,0
2026-08-03 08:00:00,Hostel A,36.14,61.4,447,108.65,1097.02,80.78,70.19,188,75.69,0
2026-08-03 09:00:00,Laboratory,35.97,64.35,193,85.7,805.22,66.88,41.18,248,51.49,0
2026-08-03 10:00:00,Hostel A,27.48,42.75,93,81.07,632.18,57.42,19.07,210,43.13,0
2026-08-03 11:00:00,Laboratory,25.69,35.76,344,113.65,1282.94,68.98,73.39,198,60.66,0
2026-08-03 12:00:00,Admin Block,30.79,45.62,306,77.2,831.62,87.69,98.43,238,45.66,0
2026-08-03 13:00:00,Admin Block,26.61,55.19,144,157.75,878.43,92.49,53.89,212,95.59,0
2026-08-03 14:00:00,Admin Block,23.37,65.76,43,138.95,806.58,71.31,22.16,43,81.35,0
2026-08-03 15:00:00,Hostel B,33.12,36.58,51,159.1,493.19,117.01,38.83,114,78.27,0
2026-08-03 16:00:00,Hostel A,32.87,75.93,273,83.92,985.28,62.53,46.93,165,77.51,0
2026-08-03 17:00:00,Hostel A,28.62,61.71,132,71.16,955.26,86.33,22.37,133,83.56,0
2026-08-03 18:00:00,Hostel A,22.95,73.6,214,181.5,1073.57,69.69,39.89,98,33.06,0
2026-08-03 19:00:00,Computer Science Block,23.08,51.14,35,91.98,646.92,59.04,81.89,207,48.08,0
2026-08-03 20:00:00,Hostel A,28.43,65.04,460,123.34,455.62,57.62,38.54,18,70.29,0
2026-08-03 21:00:00,Computer Science Block,26.0,60.85,231,93.27,993.01,77.67,99.88,169,45.29,0
2026-08-03 22:00:00,Admin Block,26.64,68.18,127,91.23,1176.64,41.71,36.18,41,71.99,0
2026-08-03 23:00:00,Admin Block,32.09,57.66,43,140.82,448.12,89.56,18.93,249,97.1,0
2026-08-04 00:00:00,Hostel B,30.93,64.73,309,115.49,501.04,90.11,80.94,231,53.25,0
2026-08-04 01:00:00,Laboratory,33.51,71.02,403,165.98,712.26,95.92,20.89,18,83.02,0
2026-08-04 02:00:00,Admin Block,24.04,53.49,327,57.57,476.64,121.81,14.28,116,60.34,0
2026-08-04 03:00:00,Laboratory,26.63,62.42,323,119.38,751.79,88.13,45.65,154,80.17,0
2026-08-04 04:00:00,Laboratory,31.04,41.12,362,102.11,944.4,53.81,91.15,35,34.44,0
2026-08-04 05:00:00,Auditorium,29.79,67.03,138,111.4,1032.45,69.49,61.34,86,55.53,0
2026-08-04 06:00:00,Hostel B,34.13,79.55,200,208.25253464999517,2140.8344726706837,146.4777106321153,92.6,78,80.79,1
2026-08-04 07:00:00,Engineering Block,29.68,47.56,458,142.51,812.57,74.21,88.61,156,89.22,0
2026-08-04 08:00:00,Engineering Block,35.39,59.09,57,113.51,1169.81,56.27,16.84,28,59.17,0
2026-08-04 09:00:00,Library,30.16,68.8,405,113.87,373.08,62.82,15.02,164,68.58,0
2026-08-04 10:00:00,Auditorium,32.25,60.31,252,180.97,586.03,90.11,36.8,105,97.62,0
2026-08-04 11:00:00,Hostel B,26.71,61.65,88,77.3,858.29,96.48,89.48,186,61.85,0
2026-08-04 12:00:00,Library,28.06,56.09,101,82.0,657.84,69.04,55.45,38,46.5,0
2026-08-04 13:00:00,Library,31.64,55.72,137,185.0,815.33,85.9,96.21,121,31.45,0
2026-08-04 14:00:00,Auditorium,34.45,59.13,328,179.81,970.37,45.04,36.87,124,94.53,0
2026-08-04 15:00:00,Engineering Block,30.92,60.42,69,57.23,712.08,53.35,50.17,78,33.8,0
2026-08-04 16:00:00,Hostel B,27.67,48.19,176,195.01,713.13,78.39,12.33,178,46.71,0
2026-08-04 17:00:00,Engineering Block,33.51,59.34,93,239.28318643682428,1102.9195484825025,73.63330208743511,88.63,210,89.96,1
2026-08-04 18:00:00,Library,19.23,75.69,202,95.2,1068.88,84.54,24.4,219,95.75,0
2026-08-04 19:00:00,Hostel B,22.31,55.81,125,120.19,1008.49,44.42,98.79,36,76.59,0
2026-08-04 20:00:00,Library,30.73,47.63,208,104.97,1051.12,111.21,37.4,192,48.11,0
2026-08-04 21:00:00,Hostel A,28.06,58.49,325,120.02,887.78,112.32,95.07,51,48.77,0
2026-08-04 22:00:00,Auditorium,30.42,52.85,291,105.48,893.93,115.21,70.33,131,65.38,0
2026-08-04 23:00:00,Laboratory,28.26,46.62,106,78.79,1141.25,56.65,61.74,208,95.39,0
2026-08-05 00:00:00,Hostel B,30.28,61.39,369,73.74,635.73,100.2,20.82,45,96.28,0
2026-08-05 01:00:00,Hostel B,24.74,52.9,345,127.53,1147.41,64.65,19.37,92,60.14,0
2026-08-05 02:00:00,Laboratory,30.28,53.75,191,91.98,892.99,32.93,33.93,38,52.48,0
2026-08-05 03:00:00,Library,31.98,61.53,271,70.17,862.28,61.16,42.18,51,57.09,0
2026-08-05 04:00:00,Hostel A,32.88,44.67,375,138.6,723.36,102.56,65.53,24,46.35,0
2026-08-05 05:00:00,Computer Science Block,36.05,42.58,487,138.23,1152.68,87.41,25.1,97,42.04,0
2026-08-05 06:00:00,Laboratory,28.98,66.71,163,138.25,1060.93,65.4,72.33,20,77.87,0
2026-08-05 07:00:00,Auditorium,29.1,40.69,303,122.72,511.67,74.99,15.05,120,48.19,0
2026-08-05 08:00:00,Engineering Block,21.91,50.23,204,89.32,931.12,65.01,87.86,236,88.11,0
2026-08-05 09:00:00,Library,25.87,42.0,173,162.12,669.24,76.17,88.94,182,47.31,0
2026-08-05 10:00:00,Laboratory,27.23,55.14,361,150.85,783.07,114.29,90.65,110,68.51,0
2026-08-05 11:00:00,Laboratory,32.2,64.28,137,387.1050041614271,899.4146641505633,134.16714806266776,48.21,141,79.71,1
2026-08-05 12:00:00,Hostel B,25.56,61.12,286,164.11,889.16,125.44,21.72,112,75.69,0
2026-08-05 13:00:00,Engineering Block,31.19,83.92,404,131.15,901.72,54.47,55.86,182,37.94,0
2026-08-05 14:00:00,Engineering Block,27.99,70.87,344,181.83,917.61,93.61,78.26,184,49.24,0
2026-08-05 15:00:00,Auditorium,27.29,50.69,274,122.59,748.6,103.73,34.21,135,31.16,0
2026-08-05 16:00:00,Engineering Block,29.0,48.03,260,122.87,780.94,46.48,70.03,206,71.32,0
2026-08-05 17:00:00,Laboratory,26.44,87.07,190,118.34,379.57,87.72,11.69,172,73.13,0
2026-08-05 18:00:00,Computer Science Block,26.28,70.63,449,102.36,1090.6,46.69,83.14,5,63.3,0
2026-08-05 19:00:00,Admin Block,21.18,65.89,124,197.89,406.66,126.18,29.59,187,74.39,0
2026-08-05 20:00:00,Library,27.01,60.75,55,90.91,949.62,112.53,92.12,11,89.59,0
2026-08-05 21:00:00,Admin Block,26.08,62.74,85,61.98,793.48,96.49,58.82,227,47.81,0
2026-08-05 22:00:00,Laboratory,25.94,45.18,204,103.68,993.35,80.59,43.79,237,67.68,0
2026-08-05 23:00:00,Admin Block,29.67,61.57,409,132.78,887.88,67.01,76.35,145,39.46,0
2026-08-06 00:00:00,Laboratory,30.63,60.71,209,101.07,603.98,63.51,38.17,60,46.43,0
2026-08-06 01:00:00,Admin Block,28.93,50.96,174,107.56,991.36,116.24,74.36,26,51.34,0
2026-08-06 02:00:00,Engineering Block,31.98,54.61,400,52.76,839.13,84.2,38.13,20,79.83,0
2026-08-06 03:00:00,Hostel A,30.3,75.15,429,76.27,793.02,111.58,86.26,26,40.29,0
2026-08-06 04:00:00,Engineering Block,26.82,58.75,246,73.86,907.19,112.98,98.3,10,78.74,0
2026-08-06 05:00:00,Engineering Block,26.15,80.71,160,149.31,1138.76,77.48,69.2,121,36.56,0
2026-08-06 06:00:00,Auditorium,29.25,42.59,95,70.97,760.87,75.51,58.42,242,77.58,0
2026-08-06 07:00:00,Hostel B,30.3,54.78,165,97.26,943.55,73.46,51.39,5,84.81,0
2026-08-06 08:00:00,Hostel B,33.59,44.53,57,113.38,902.88,59.07,93.63,6,93.14,0
2026-08-06 09:00:00,Admin Block,32.76,47.91,281,82.25,743.29,77.18,49.4,223,88.1,0
2026-08-06 10:00:00,Laboratory,25.83,51.72,145,129.66,703.55,79.06,82.91,208,74.76,0
2026-08-06 11:00:00,Auditorium,27.59,63.15,111,135.75,597.72,96.46,10.35,74,85.14,0
2026-08-06 12:00:00,Engineering Block,30.68,62.67,303,171.17,975.6,77.26,90.32,198,80.32,0
2026-08-06 13:00:00,Auditorium,32.27,53.21,364,120.09,701.21,99.41,44.81,41,63.13,0
2026-08-06 14:00:00,Admin Block,31.76,37.72,280,72.22646041448199,977.5547926468644,188.77737158145476,35.07,206,85.08,1
2026-08-06 15:00:00,Hostel B,27.74,74.78,462,99.8,835.57,98.19,23.58,21,30.37,0
2026-08-06 16:00:00,Hostel A,22.98,57.14,482,110.05,1094.88,83.81,16.44,149,86.3,0
2026-08-06 17:00:00,Library,24.0,48.84,386,165.11,1141.71,92.38,89.4,10,94.69,0
2026-08-06 18:00:00,Admin Block,29.09,62.75,127,112.01,136.68,85.85,39.85,133,93.96,0
2026-08-06 19:00:00,Auditorium,29.37,62.04,476,134.25,880.82,41.92,97.52,216,99.9,0
2026-08-06 20:00:00,Hostel A,23.61,56.77,64,109.41,981.58,69.51,47.88,22,49.52,0
2026-08-06 21:00:00,Library,28.18,61.49,387,138.95,969.23,57.5,95.3,141,39.58,0
2026-08-06 22:00:00,Computer Science Block,30.52,48.45,456,97.91,828.84,117.58,69.25,36,64.48,0
2026-08-06 23:00:00,Admin Block,23.4,67.6,21,61.46,1251.5,103.54,23.86,149,53.98,0
2026-08-07 00:00:00,Admin Block,32.42,50.03,452,27.99,1164.88,86.12,37.54,151,62.01,0
2026-08-07 01:00:00,Computer Science Block,26.49,53.94,220,137.79,827.73,89.53,94.69,53,55.4,0
2026-08-07 02:00:00,Computer Science Block,33.03,66.49,109,131.48,746.18,115.45,48.62,145,89.85,0
2026-08-07 03:00:00,Admin Block,25.87,72.04,234,134.07,934.38,67.03,15.05,5,67.99,0
2026-08-07 04:00:00,Computer Science Block,23.89,75.86,134,124.16,969.53,110.98,40.63,113,85.5,0
2026-08-07 05:00:00,Engineering Block,26.17,70.56,338,51.36,862.53,124.81,88.86,42,50.87,0
2026-08-07 06:00:00,Library,27.62,56.76,111,97.37,884.19,81.83,99.78,240,57.63,0
2026-08-07 07:00:00,Library,26.45,44.59,345,116.48,1232.61,60.38,12.67,42,50.05,0
2026-08-07 08:00:00,Library,27.14,74.05,205,94.45,1239.3,75.4,52.39,40,98.0,0
2026-08-07 09:00:00,Engineering Block,29.34,73.71,279,139.91,1045.02,106.74,32.14,206,61.18,0
2026-08-07 10:00:00,Laboratory,27.32,53.28,177,114.58,1080.52,94.11,98.34,103,58.68,0
2026-08-07 11:00:00,Computer Science Block,27.74,69.21,76,143.03,1063.08,87.13,44.56,30,88.79,0
2026-08-07 12:00:00,Hostel A,21.16,56.68,66,160.43,800.17,58.25,94.03,52,83.0,0
2026-08-07 13:00:00,Computer Science Block,29.57,75.01,421,135.53,962.35,81.8,64.96,101,94.42,0
2026-08-07 14:00:00,Admin Block,27.64,54.85,241,125.92,915.04,88.23,90.26,172,82.8,0
2026-08-07 15:00:00,Hostel B,34.44,79.79,494,74.0,1157.54,68.86,95.42,204,54.29,0
2026-08-07 16:00:00,Auditorium,24.24,67.86,127,122.07,923.05,69.98,19.44,187,51.13,0
2026-08-07 17:00:00,Auditorium,20.77,77.98,370,63.89,1064.71,99.03,28.16,152,77.92,0
2026-08-07 18:00:00,Library,30.47,55.36,319,77.77,819.73,95.42,33.88,6,39.08,0
2026-08-07 19:00:00,Computer Science Block,29.39,64.05,199,130.14,1023.38,81.42,58.17,171,36.22,0
2026-08-07 20:00:00,Hostel A,23.97,50.31,196,75.7,917.99,75.38,31.71,236,85.61,0
2026-08-07 21:00:00,Admin Block,21.88,68.44,433,199.39,661.94,77.64,94.04,224,74.51,0
2026-08-07 22:00:00,Engineering Block,34.15,68.99,199,151.98,1031.14,106.2,26.27,97,45.32,0
2026-08-07 23:00:00,Laboratory,33.66,83.97,56,121.74,1109.82,94.87,25.39,249,76.86,0
2026-08-08 00:00:00,Engineering Block,18.05,64.82,82,22.18,437.63,85.07,23.65,221,51.66,0
2026-08-08 01:00:00,Hostel A,26.17,67.24,287,53.58,414.58,121.42,49.24,94,49.89,0
2026-08-08 02:00:00,Admin Block,34.66,55.29,292,199.76,909.14,63.52,14.07,204,49.14,0
2026-08-08 03:00:00,Library,26.1,65.41,309,100.82,948.67,51.87,71.21,98,65.47,0
2026-08-08 04:00:00,Computer Science Block,26.04,56.2,431,161.43,623.03,21.2,32.38,65,95.89,0
2026-08-08 05:00:00,Admin Block,26.87,61.16,407,101.79,921.79,93.78,94.01,120,96.39,0
2026-08-08 06:00:00,Auditorium,23.52,61.75,373,85.03,826.27,119.0,26.18,190,68.25,0
2026-08-08 07:00:00,Laboratory,21.18,56.48,321,82.68,340.7,117.11,17.1,61,90.8,0
2026-08-08 08:00:00,Engineering Block,32.21,60.63,289,66.28,894.99,65.2,46.22,69,65.37,0
2026-08-08 09:00:00,Laboratory,20.63,56.25,288,139.86,607.02,60.41,32.07,160,64.44,0
2026-08-08 10:00:00,Laboratory,28.99,56.2,461,133.32,993.13,22.51,88.22,98,32.67,0
2026-08-08 11:00:00,Hostel A,31.55,70.77,324,101.08,723.99,63.39,56.83,17,82.16,0
2026-08-08 12:00:00,Hostel A,22.2,61.75,265,47.36,938.25,52.61,52.9,237,74.61,0
2026-08-08 13:00:00,Computer Science Block,24.3,63.47,197,111.26,1143.37,111.35,80.04,181,55.7,0
2026-08-08 14:00:00,Hostel A,32.85,45.43,86,139.62,745.45,84.27,68.74,153,40.29,0
2026-08-08 15:00:00,Hostel A,30.13,64.23,296,197.33,817.75,81.7,10.87,65,99.33,0
2026-08-08 16:00:00,Admin Block,25.53,65.3,227,155.87,1162.26,62.34,71.69,217,87.17,0
2026-08-08 17:00:00,Auditorium,32.81,56.02,326,126.73,991.53,46.19,74.12,44,73.91,0
2026-08-08 18:00:00,Library,32.83,80.85,57,90.4,830.34,47.77,25.69,143,31.16,0
2026-08-08 19:00:00,Computer Science Block,29.08,37.11,138,163.63,1217.55,54.52,73.84,95,90.88,0
2026-08-08 20:00:00,Admin Block,24.4,67.84,45,124.01,797.21,99.69,99.45,201,72.69,0
2026-08-08 21:00:00,Library,26.35,67.13,25,125.54,792.85,45.22,36.46,17,41.06,0
2026-08-08 22:00:00,Laboratory,29.15,65.42,293,305.74397370241843,1285.7953746717185,156.27185832382156,13.47,208,86.99,1
2026-08-08 23:00:00,Admin Block,27.25,61.76,252,111.48,989.99,155.03,86.54,172,72.25,0
2026-08-09 00:00:00,Hostel B,31.76,65.51,133,151.4,590.5,69.59,28.44,37,67.16,0
2026-08-09 01:00:00,Admin Block,21.88,68.68,153,77.98,1186.34,88.85,80.06,190,39.8,0
2026-08-09 02:00:00,Hostel A,22.02,52.74,444,95.01,708.21,81.27,46.64,98,47.83,0
2026-08-09 03:00:00,Library,28.72,62.99,332,136.5,964.27,47.86,91.35,199,78.33,0
2026-08-09 04:00:00,Computer Science Block,26.03,58.17,197,117.91,860.49,53.58,94.78,52,54.51,0
2026-08-09 05:00:00,Computer Science Block,25.49,49.06,44,110.89,978.8,68.15,45.65,219,54.26,0
2026-08-09 06:00:00,Library,20.93,67.17,67,78.4,950.67,78.99,98.28,227,42.62,0
2026-08-09 07:00:00,Hostel A,28.08,54.36,299,153.63,873.07,129.08,12.5,138,44.41,0
2026-08-09 08:00:00,Engineering Block,27.79,45.02,433,62.23,758.96,63.72,61.21,79,77.2,0
2026-08-09 09:00:00,Admin Block,30.61,54.61,362,150.68,914.87,59.43,76.49,41,94.53,0
2026-08-09 10:00:00,Hostel A,28.28,52.01,320,121.78,1162.27,56.85,48.5,43,33.8,0
2026-08-09 11:00:00,Hostel B,27.47,70.28,318,122.33,773.99,109.93,69.29,179,64.47,0
2026-08-09 12:00:00,Auditorium,32.71,61.53,91,118.27,569.9,65.73,37.67,241,96.93,0
2026-08-09 13:00:00,Laboratory,22.75,73.82,459,89.74,1012.58,121.73,16.97,169,67.47,0
2026-08-09 14:00:00,Library,30.15,53.33,220,246.27625586283418,1804.7288091246808,174.95468593258198,85.14,171,59.63,1
2026-08-09 15:00:00,Auditorium,21.32,68.74,345,132.8,1187.96,119.77,36.67,126,50.33,0
2026-08-09 16:00:00,Admin Block,24.65,88.4,52,134.42,986.6,81.81,27.61,119,82.81,0
2026-08-09 17:00:00,Computer Science Block,23.15,63.56,116,116.5,1161.42,75.48,27.99,138,92.67,0
2026-08-09 18:00:00,Laboratory,31.13,68.62,64,116.04,1283.07,85.86,84.03,150,99.29,0
2026-08-09 19:00:00,Auditorium,27.74,66.94,282,115.78,779.64,114.04,15.92,197,51.62,0
2026-08-09 20:00:00,Engineering Block,27.95,45.78,381,111.03,823.96,86.86,54.81,214,38.91,0
2026-08-09 21:00:00,Auditorium,23.57,65.86,421,58.24,1126.5,93.47,27.49,184,80.65,0
2026-08-09 22:00:00,Hostel B,26.8,63.06,89,101.78,869.96,82.26,68.66,15,88.16,0
2026-08-09 23:00:00,Computer Science Block,24.95,57.4,320,83.64,749.31,75.22,81.91,238,91.1,0
2026-08-10 00:00:00,Library,29.53,51.16,312,114.33,783.23,93.23,60.55,138,72.29,0
2026-08-10 01:00:00,Admin Block,24.04,66.94,424,87.89,694.11,86.17,65.34,201,97.22,0
2026-08-10 02:00:00,Library,33.32,50.28,237,132.07,345.45,86.09,66.11,28,37.85,0
2026-08-10 03:00:00,Laboratory,21.3,81.34,226,161.59,1012.33,49.71,61.57,70,51.56,0
2026-08-10 04:00:00,Admin Block,24.77,61.14,191,108.81,668.26,67.03,29.72,244,50.98,0
2026-08-10 05:00:00,Hostel A,34.71,47.77,265,263.86493134521504,741.9953373076471,115.64120186097445,68.82,39,57.92,1
2026-08-10 06:00:00,Engineering Block,26.26,54.86,433,103.44,1069.92,47.04,79.68,230,82.56,0
2026-08-10 07:00:00,Hostel A,22.74,57.22,414,116.38,490.81,98.53,84.17,110,31.42,0
2026-08-10 08:00:00,Hostel A,28.88,84.12,275,167.63,1132.02,50.8,17.14,6,31.22,0
2026-08-10 09:00:00,Library,26.1,51.15,283,65.92,1017.06,61.09,45.79,248,39.61,0
2026-08-10 10:00:00,Laboratory,24.66,58.84,408,96.4,961.69,89.05,43.23,144,43.0,0
2026-08-10 11:00:00,Engineering Block,23.62,54.62,283,123.7,555.03,45.76,93.11,6,99.24,0
2026-08-10 12:00:00,Auditorium,39.07,64.99,24,252.44307798759692,735.7704415357421,163.53485920268977,69.35,243,48.06,1
2026-08-10 13:00:00,Admin Block,26.99,54.78,29,106.87,669.57,49.73,52.55,182,62.02,0
2026-08-10 14:00:00,Admin Block,20.3,48.61,290,78.7,215.2,90.36,96.37,39,32.03,0
2026-08-10 15:00:00,Hostel B,33.97,58.05,249,135.14,265.43,67.98,24.47,97,95.13,0
2026-08-10 16:00:00,Computer Science Block,30.44,57.01,331,116.47,1063.7,83.45,42.54,101,33.3,0
2026-08-10 17:00:00,Hostel B,24.93,54.08,389,142.5,1352.95,73.77,66.62,9,93.16,0
2026-08-10 18:00:00,Auditorium,24.27,54.61,74,156.37,879.73,61.23,55.91,111,44.02,0
2026-08-10 19:00:00,Hostel B,30.69,71.85,406,118.53,858.12,21.84,63.15,120,93.62,0
2026-08-10 20:00:00,Admin Block,27.01,56.8,60,166.4,699.84,48.95,78.55,111,53.15,0
2026-08-10 21:00:00,Library,20.3,48.66,157,156.59,1074.19,37.62,72.65,63,63.38,0
2026-08-10 22:00:00,Hostel A,35.15,55.38,410,104.72,463.64,64.5,69.14,165,79.77,0
2026-08-10 23:00:00,Laboratory,26.26,60.54,466,171.26,897.8,95.9,74.38,186,82.02,0
2026-08-11 00:00:00,Hostel A,33.98,46.64,134,142.96,1310.15,120.61,80.34,107,32.38,0
2026-08-11 01:00:00,Hostel A,33.11,76.26,82,164.73,890.98,108.42,28.94,209,31.36,0
2026-08-11 02:00:00,Engineering Block,24.0,68.68,363,56.0,777.61,99.96,71.94,35,52.52,0
2026-08-11 03:00:00,Admin Block,32.13,74.3,429,143.46,1233.31,120.59,69.8,232,65.81,0
2026-08-11 04:00:00,Auditorium,25.39,63.92,53,130.91,1327.04,109.14,73.45,23,91.14,0
2026-08-11 05:00:00,Auditorium,20.53,39.06,397,91.41,1225.72,126.05,32.0,29,42.67,0
2026-08-11 06:00:00,Laboratory,26.3,75.35,271,67.55,828.96,85.27,35.31,111,56.09,0
2026-08-11 07:00:00,Library,29.59,51.36,475,114.73,1061.61,93.7,79.38,195,60.48,0
2026-08-11 08:00:00,Engineering Block,26.15,52.18,442,121.75,1230.26,47.08,44.02,167,64.14,0
2026-08-11 09:00:00,Computer Science Block,26.77,61.56,463,99.41,726.69,46.23,93.07,57,79.34,0
2026-08-11 10:00:00,Library,32.57,73.78,216,93.74,629.81,99.19,20.23,41,93.69,0
2026-08-11 11:00:00,Hostel B,28.43,70.53,375,178.01504759268272,1832.5537778432947,85.46205101690292,25.52,107,39.04,1
2026-08-11 12:00:00,Library,24.63,69.06,382,96.43,595.85,81.1,26.68,229,62.91,0
2026-08-11 13:00:00,Library,30.81,56.88,429,152.59,551.39,124.01,35.69,47,98.94,0
2026-08-11 14:00:00,Hostel A,28.79,56.72,271,91.89,710.79,79.71,91.06,135,71.94,0
2026-08-11 15:00:00,Library,17.91,63.46,81,62.42,638.68,92.88,43.89,183,89.4,0
2026-08-11 16:00:00,Auditorium,29.71,58.7,413,332.01190933265264,1072.8190363795093,142.6200713828995,51.53,51,92.28,1
2026-08-11 17:00:00,Hostel B,29.57,68.89,244,152.0,889.01,104.96,48.05,62,34.97,0
2026-08-11 18:00:00,Hostel B,28.08,68.3,375,115.79,921.34,97.03,82.62,238,63.67,0
2026-08-11 19:00:00,Admin Block,31.57,65.91,73,145.8129520666003,799.8954137481742,142.5013704963091,43.87,220,97.33,1
2026-08-11 20:00:00,Library,25.31,34.74,178,52.13,947.41,99.97,84.92,135,40.45,0
2026-08-11 21:00:00,Hostel A,29.35,61.28,313,121.22,896.18,67.66,53.38,75,43.19,0
2026-08-11 22:00:00,Library,21.73,58.91,389,137.94,596.92,144.83,31.9,81,65.42,0
2026-08-11 23:00:00,Computer Science Block,29.63,61.68,44,91.55,856.91,74.46,48.77,61,39.32,0
2026-08-12 00:00:00,Computer Science Block,35.81,52.46,256,148.07,917.42,73.81,45.7,28,90.19,0
2026-08-12 01:00:00,Hostel A,24.02,46.75,480,69.89,942.18,59.55,31.75,106,83.39,0
2026-08-12 02:00:00,Admin Block,24.96,64.63,340,122.5,1072.7,80.11,21.02,226,89.47,0
2026-08-12 03:00:00,Admin Block,25.16,56.44,119,48.81,1054.43,85.35,85.72,73,58.37,0
2026-08-12 04:00:00,Hostel B,28.52,65.75,247,86.79,860.98,75.35,56.4,155,75.29,0
2026-08-12 05:00:00,Hostel B,23.75,53.29,197,58.67,627.24,112.91,31.85,109,52.89,0
2026-08-12 06:00:00,Engineering Block,29.68,74.16,427,139.74,731.42,87.34,48.35,176,34.42,0
2026-08-12 07:00:00,Hostel A,31.39,70.01,174,131.94,902.61,102.9,64.53,58,84.24,0
2026-08-12 08:00:00,Library,30.14,62.97,485,205.71,1172.99,32.23,74.78,159,98.02,0
2026-08-12 09:00:00,Laboratory,20.93,57.87,453,126.8,275.73,73.93,65.81,195,50.02,0
2026-08-12 10:00:00,Hostel A,31.98,68.52,258,104.96,875.81,94.17,31.06,127,50.13,0
2026-08-12 11:00:00,Engineering Block,31.75,63.93,453,83.9,813.42,54.98,19.94,22,44.46,0
2026-08-12 12:00:00,Hostel B,31.32,62.39,162,154.5,919.29,56.72,16.64,172,59.86,0
2026-08-12 13:00:00,Hostel A,29.49,70.43,36,212.5,506.41,79.88,19.72,88,56.3,0
2026-08-12 14:00:00,Hostel A,28.88,74.27,304,155.32,1078.48,79.41,41.12,74,91.94,0
2026-08-12 15:00:00,Hostel B,32.13,47.48,24,127.41,845.0,66.37,41.95,226,85.32,0
2026-08-12 16:00:00,Auditorium,35.69,49.5,30,122.44,783.96,74.48,98.04,246,91.64,0
2026-08-12 17:00:00,Engineering Block,24.19,52.2,227,62.89,949.3,103.31,12.03,129,94.36,0
2026-08-12 18:00:00,Hostel B,32.31,44.98,455,150.79,931.16,70.01,66.91,74,77.55,0
2026-08-12 19:00:00,Admin Block,27.66,59.37,437,94.86,856.42,47.32,56.0,118,75.03,0
2026-08-12 20:00:00,Library,27.48,66.0,100,77.94,712.73,79.03,23.11,21,62.63,0
2026-08-12 21:00:00,Hostel B,21.85,59.79,52,113.45,795.86,67.76,95.38,239,35.8,0
2026-08-12 22:00:00,Engineering Block,26.86,54.66,324,92.73,856.67,105.2,82.99,185,61.24,0
2026-08-12 23:00:00,Computer Science Block,24.01,71.26,396,87.67,1305.43,119.14,29.88,168,55.38,0
2026-08-13 00:00:00,Admin Block,26.14,61.41,178,102.89,878.49,53.68,36.27,196,56.49,0
2026-08-13 01:00:00,Computer Science Block,23.61,63.43,293,53.83,1016.58,90.85,28.01,127,65.1,0
2026-08-13 02:00:00,Laboratory,26.2,71.54,134,110.88,1065.74,24.38,37.76,211,66.91,0
2026-08-13 03:00:00,Hostel B,26.38,58.77,236,128.44,855.98,97.65,30.51,56,45.12,0
2026-08-13 04:00:00,Admin Block,28.39,80.6,280,85.36,1192.44,89.68,33.21,85,49.24,0
2026-08-13 05:00:00,Library,21.54,55.52,177,167.15,429.66,83.08,56.49,29,44.22,0
2026-08-13 06:00:00,Hostel B,22.22,79.98,64,99.97,928.11,79.68,40.38,48,81.55,0
2026-08-13 07:00:00,Library,29.45,50.25,139,82.27,1126.71,55.56,54.09,226,97.51,0
2026-08-13 08:00:00,Auditorium,24.81,65.17,234,148.59,978.9,59.17,12.76,239,47.13,0
2026-08-13 09:00:00,Hostel A,32.3,53.57,147,122.26,403.09,55.95,76.73,44,90.46,0
2026-08-13 10:00:00,Computer Science Block,28.9,71.2,273,166.97,922.29,86.24,93.55,213,81.12,0
2026-08-13 11:00:00,Admin Block,30.43,55.22,57,176.26,839.86,42.36,99.68,201,51.43,0
2026-08-13 12:00:00,Library,33.64,62.91,384,71.65,867.18,40.53,28.05,127,66.74,0
2026-08-13 13:00:00,Engineering Block,26.76,53.49,229,197.92,771.32,116.58,44.56,48,72.7,0
2026-08-13 14:00:00,Library,25.7,69.37,371,37.7,1061.16,84.79,97.63,180,84.0,0
2026-08-13 15:00:00,Engineering Block,31.49,53.44,113,75.61,814.47,42.76,29.09,189,68.11,0
2026-08-13 16:00:00,Hostel B,30.04,76.83,48,73.21,1170.36,104.02,58.55,244,75.9,0
2026-08-13 17:00:00,Admin Block,27.25,50.04,183,167.2,888.5,58.18,81.94,117,52.44,0
2026-08-13 18:00:00,Library,33.57,46.54,156,138.17,701.48,64.12,12.56,46,38.63,0
2026-08-13 19:00:00,Laboratory,27.15,69.52,42,129.67,1332.93,80.14,19.46,238,34.21,0
2026-08-13 20:00:00,Library,28.13,54.08,150,35.66,652.48,46.34,27.69,167,50.43,0
2026-08-13 21:00:00,Auditorium,28.08,59.93,105,119.21,766.3,94.87,51.0,143,76.74,0
2026-08-13 22:00:00,Laboratory,24.26,56.78,203,205.34,932.41,64.96,11.37,32,36.24,0
2026-08-13 23:00:00,Admin Block,28.31,46.87,443,138.05,479.24,20.0,48.81,176,81.72,0
2026-08-14 00:00:00,Auditorium,33.59,59.23,256,108.51,900.22,88.94,24.54,24,58.51,0
2026-08-14 01:00:00,Library,29.78,72.65,203,157.84,701.53,113.41,86.48,132,62.77,0
2026-08-14 02:00:00,Engineering Block,28.12,70.03,333,125.1,1415.78,111.39,53.77,134,44.91,0
2026-08-14 03:00:00,Library,27.35,62.32,178,102.5,789.74,48.08,16.41,109,78.81,0
2026-08-14 04:00:00,Computer Science Block,29.32,71.12,489,96.22,598.64,92.22,51.66,37,97.93,0
2026-08-14 05:00:00,Hostel B,31.0,49.4,30,138.98,936.97,68.34,53.22,168,58.08,0
2026-08-14 06:00:00,Hostel A,30.44,56.75,61,110.16,876.37,86.78,36.97,142,38.09,0
2026-08-14 07:00:00,Engineering Block,26.67,63.96,254,125.85,1052.78,45.42,43.1,192,31.2,0
2026-08-14 08:00:00,Computer Science Block,29.3,58.7,150,38.67,634.2,64.35,97.35,177,90.63,0
2026-08-14 09:00:00,Laboratory,29.92,57.53,204,116.17,1233.66,53.54,32.25,87,79.37,0
2026-08-14 10:00:00,Hostel B,23.97,47.99,33,82.89,942.1,33.1,70.89,62,89.25,0
2026-08-14 11:00:00,Admin Block,28.67,39.19,321,156.3,667.81,52.58,69.49,157,57.49,0
2026-08-14 12:00:00,Engineering Block,19.35,68.18,273,82.93,879.31,81.83,48.01,129,74.33,0
2026-08-14 13:00:00,Hostel A,29.93,62.43,166,93.22,1009.86,46.69,93.89,95,57.15,0
2026-08-14 14:00:00,Hostel B,30.64,69.02,399,72.67,973.97,80.12,79.26,39,53.01,0
2026-08-14 15:00:00,Laboratory,30.99,55.63,79,149.01,546.89,96.41,11.89,91,71.32,0
2026-08-14 16:00:00,Auditorium,26.42,52.87,434,138.1,366.46,109.1,53.71,239,45.29,0
2026-08-14 17:00:00,Auditorium,29.24,60.07,311,81.62,509.63,123.69,20.26,38,81.03,0
2026-08-14 18:00:00,Hostel A,33.7,68.54,179,87.59,904.39,98.67,35.82,140,74.36,0
2026-08-14 19:00:00,Admin Block,33.66,57.69,466,147.75,944.86,50.16,31.48,198,58.45,0
2026-08-14 20:00:00,Admin Block,27.88,68.02,45,191.5,183.64,92.94,78.0,190,49.97,0
2026-08-14 21:00:00,Laboratory,28.56,49.94,84,135.68,920.87,102.83,32.42,93,55.18,0
2026-08-14 22:00:00,Engineering Block,32.44,58.39,405,299.5532244635006,1134.3456407872618,100.67457667182329,99.35,141,51.8,1
2026-08-14 23:00:00,Laboratory,22.0,59.3,89,110.76,545.75,107.46,21.55,221,55.29,0
2026-08-15 00:00:00,Library,26.71,72.26,401,82.82,694.38,65.26,47.05,49,31.11,0
2026-08-15 01:00:00,Admin Block,33.34,62.08,192,114.14,863.99,80.94,54.05,97,53.82,0
2026-08-15 02:00:00,Hostel B,31.9,77.46,481,158.01,826.78,107.73,48.95,26,67.86,0
2026-08-15 03:00:00,Library,29.48,46.52,495,100.18,290.45,67.62,18.4,146,63.77,0
2026-08-15 04:00:00,Auditorium,21.98,61.3,244,107.88,1212.7,72.7,30.32,184,39.88,0
2026-08-15 05:00:00,Auditorium,27.8,61.79,172,197.87,1011.57,103.44,56.87,116,96.29,0
2026-08-15 06:00:00,Computer Science Block,25.64,66.2,59,181.74,887.98,92.7,81.98,239,42.91,0
2026-08-15 07:00:00,Hostel A,29.32,51.87,165,125.01,423.31,26.12,71.96,52,70.46,0
2026-08-15 08:00:00,Library,24.76,76.84,385,161.28,644.0,42.64,59.0,79,55.99,0
2026-08-15 09:00:00,Hostel A,23.9,60.13,117,78.39,833.33,73.45,97.98,246,77.13,0
2026-08-15 10:00:00,Laboratory,19.74,49.13,267,143.27,1043.52,71.77,78.49,247,60.5,0
2026-08-15 11:00:00,Library,32.89,59.84,31,123.74,1120.07,59.59,87.99,183,32.87,0
2026-08-15 12:00:00,Laboratory,26.4,56.87,494,134.75,1475.59,132.53,11.14,145,74.37,0
2026-08-15 13:00:00,Computer Science Block,28.63,87.83,43,72.94,887.59,107.2,29.46,37,94.8,0
2026-08-15 14:00:00,Admin Block,27.99,70.5,244,110.3719466019516,1210.900021209543,38.719223191667204,74.79,135,90.87,1
2026-08-15 15:00:00,Auditorium,23.73,60.5,264,100.39,1037.59,107.44,35.05,243,52.98,0
2026-08-15 16:00:00,Computer Science Block,22.96,58.88,482,72.16,602.63,54.78,41.86,184,52.76,0
2026-08-15 17:00:00,Auditorium,23.98,69.51,190,86.77,939.31,76.53,63.17,40,71.13,0
2026-08-15 18:00:00,Admin Block,25.11,69.99,51,210.51,1386.94,40.74,58.84,55,43.77,0
2026-08-15 19:00:00,Laboratory,29.47,30.88,133,163.11,773.39,109.96,29.87,180,73.94,0
2026-08-15 20:00:00,Admin Block,24.82,66.43,228,132.13,691.97,85.03,89.08,174,86.08,0
2026-08-15 21:00:00,Auditorium,34.99,60.28,322,135.76,502.66,114.05,66.5,164,44.25,0
2026-08-15 22:00:00,Auditorium,32.11,46.89,448,134.6,886.59,86.99,71.68,232,97.06,0
2026-08-15 23:00:00,Hostel A,31.23,68.8,54,113.32,475.63,69.01,84.57,175,65.23,0
2026-08-16 00:00:00,Hostel B,27.52,82.46,224,131.32,574.26,60.51,19.22,232,45.24,0
2026-08-16 01:00:00,Computer Science Block,34.06,65.57,397,153.14,513.21,38.52,52.66,231,34.68,0
2026-08-16 02:00:00,Library,27.13,71.0,403,111.92,1112.66,71.83,17.77,9,50.06,0
2026-08-16 03:00:00,Auditorium,27.87,78.04,412,170.53,809.65,85.72,16.6,144,63.14,0
2026-08-16 04:00:00,Computer Science Block,28.68,51.7,285,111.48,1190.94,25.35,74.91,215,63.5,0
2026-08-16 05:00:00,Hostel A,30.81,41.42,84,85.27,904.07,100.16,81.07,195,44.31,0
2026-08-16 06:00:00,Admin Block,30.55,66.57,462,129.18,736.91,82.1,14.72,236,48.08,0
2026-08-16 07:00:00,Hostel A,26.1,57.52,117,113.26,1004.84,70.94,85.82,31,77.48,0
2026-08-16 08:00:00,Engineering Block,25.87,46.26,204,111.06,1010.42,52.56,35.32,167,84.24,0
2026-08-16 09:00:00,Engineering Block,30.56,59.22,257,150.8,1149.65,50.52,68.94,132,37.54,0
2026-08-16 10:00:00,Library,30.86,67.28,492,107.28,629.22,75.8,71.71,78,76.61,0
2026-08-16 11:00:00,Hostel A,26.43,58.51,489,87.34,853.97,76.06,72.68,119,94.14,0
2026-08-16 12:00:00,Laboratory,21.65,52.13,285,106.34,560.25,27.35,62.16,32,32.46,0
2026-08-16 13:00:00,Library,27.17,57.76,493,94.12,910.82,136.97,20.19,101,72.92,0
2026-08-16 14:00:00,Laboratory,30.49,59.81,422,93.72,175.64,54.25,20.05,179,70.79,0
2026-08-16 15:00:00,Library,35.22,40.71,251,154.25,601.76,109.22,22.69,179,46.5,0
2026-08-16 16:00:00,Engineering Block,23.21,58.57,128,84.22,660.36,68.0,92.88,175,87.73,0
2026-08-16 17:00:00,Library,26.29,46.56,197,124.15,845.08,92.77,28.94,40,30.46,0
2026-08-16 18:00:00,Engineering Block,26.44,66.59,268,108.37,1106.81,72.82,23.78,103,95.04,0
2026-08-16 19:00:00,Auditorium,33.42,44.39,343,116.15,414.5,68.96,98.96,117,71.87,0
2026-08-16 20:00:00,Admin Block,27.86,70.13,379,48.72,1062.72,82.72,10.39,21,64.37,0
2026-08-16 21:00:00,Laboratory,24.37,55.91,24,281.53706980304133,1393.0662818297503,96.08156563180859,79.9,123,81.81,1
2026-08-16 22:00:00,Hostel A,30.23,54.57,176,178.29933757942518,1432.019117246784,209.08201167163026,86.07,207,95.95,1
2026-08-16 23:00:00,Auditorium,26.38,62.94,249,154.0,780.5,43.98,69.59,168,87.53,0
2026-08-17 00:00:00,Auditorium,23.1,51.34,135,133.99,1030.02,75.13,97.74,41,69.74,0
2026-08-17 01:00:00,Library,24.43,62.79,280,121.7,803.76,60.79,40.01,150,38.82,0
2026-08-17 02:00:00,Engineering Block,34.94,52.68,335,120.26,627.14,95.85,17.92,35,56.65,0
2026-08-17 03:00:00,Computer Science Block,29.54,54.43,340,198.38,800.1,24.77,31.66,231,91.12,0
2026-08-17 04:00:00,Laboratory,28.43,64.05,146,91.89,878.2,108.72,18.93,160,89.58,0
2026-08-17 05:00:00,Auditorium,27.0,48.61,47,130.22,590.72,53.09,53.83,69,59.38,0
2026-08-17 06:00:00,Library,29.17,47.36,358,231.94481584921917,427.91354398962426,158.87065980833268,96.83,163,63.12,1
2026-08-17 07:00:00,Hostel B,29.12,62.48,247,63.53,1016.18,24.96,56.58,120,77.9,0
2026-08-17 08:00:00,Admin Block,29.17,59.73,148,117.94,661.25,64.68,39.28,159,60.75,0
2026-08-17 09:00:00,Admin Block,28.46,61.69,48,65.49,212.88,67.2,91.57,44,36.26,0
2026-08-17 10:00:00,Computer Science Block,31.48,63.28,198,117.62,879.54,80.99,65.2,144,81.07,0
2026-08-17 11:00:00,Engineering Block,28.09,60.57,183,63.21,809.34,91.47,93.7,208,75.5,0
2026-08-17 12:00:00,Library,24.09,66.08,179,133.35,510.63,133.33,96.87,95,43.91,0
2026-08-17 13:00:00,Laboratory,25.55,60.97,339,75.9,686.68,65.24,94.3,31,86.2,0
2026-08-17 14:00:00,Engineering Block,20.08,39.93,417,119.58,1091.85,95.35,72.3,193,87.16,0
2026-08-17 15:00:00,Admin Block,36.11,42.52,307,63.14,457.11,66.81,55.16,119,47.29,0
2026-08-17 16:00:00,Engineering Block,31.45,79.28,284,136.65,713.11,86.83,36.12,114,39.9,0
2026-08-17 17:00:00,Admin Block,24.68,60.0,486,117.25,958.66,39.58,94.72,85,43.74,0
2026-08-17 18:00:00,Engineering Block,26.87,69.5,414,113.56,467.19,85.13,59.05,248,64.52,0
2026-08-17 19:00:00,Computer Science Block,25.45,56.54,451,124.9,1306.73,54.34,99.58,157,52.35,0
2026-08-17 20:00:00,Hostel A,34.17,59.42,454,138.33,1065.15,34.83,92.65,98,77.14,0
2026-08-17 21:00:00,Computer Science Block,22.32,55.47,407,89.93,1277.74,76.49,44.09,142,66.49,0
2026-08-17 22:00:00,Computer Science Block,28.46,84.66,316,119.4,844.31,81.92,88.79,108,76.98,0
2026-08-17 23:00:00,Hostel A,27.57,62.53,44,103.68,1230.23,70.99,58.13,19,45.46,0
2026-08-18 00:00:00,Hostel A,31.31,54.65,164,165.57,882.13,89.43,76.84,126,71.38,0
2026-08-18 01:00:00,Auditorium,27.58,43.48,194,105.71,778.96,123.88,53.28,151,91.82,0
2026-08-18 02:00:00,Auditorium,20.97,79.74,27,91.85,568.06,55.76,99.05,72,70.86,0
2026-08-18 03:00:00,Library,27.0,58.37,333,67.34,915.02,99.7,45.9,147,78.22,0
2026-08-18 04:00:00,Laboratory,24.11,67.44,128,110.64,682.65,61.52,18.62,233,96.52,0
2026-08-18 05:00:00,Laboratory,28.32,68.56,148,95.82,671.65,88.16,87.24,19,92.05,0
2026-08-18 06:00:00,Library,33.74,55.37,21,132.65,884.42,77.41,78.05,101,45.75,0
2026-08-18 07:00:00,Computer Science Block,21.04,66.72,29,127.77,1285.39,117.98,21.36,183,87.14,0
2026-08-18 08:00:00,Computer Science Block,24.8,53.96,366,138.59,1178.77,77.97,55.43,17,98.6,0
2026-08-18 09:00:00,Admin Block,25.79,50.1,136,75.93,1054.42,79.63,71.08,213,85.21,0
2026-08-18 10:00:00,Admin Block,26.47,71.64,430,24.36,838.56,105.71,46.88,215,39.01,0
2026-08-18 11:00:00,Laboratory,30.96,58.42,416,119.97,870.86,91.92,91.78,63,73.42,0
2026-08-18 12:00:00,Library,27.31,65.19,338,148.81,1215.36,95.44,94.88,17,75.69,0
2026-08-18 13:00:00,Hostel B,29.66,64.11,30,106.22,975.85,111.33,88.16,202,40.32,0
2026-08-18 14:00:00,Auditorium,25.5,66.38,417,182.48,183.54,85.23,57.77,61,68.85,0
2026-08-18 15:00:00,Hostel B,28.92,44.43,115,115.68,1461.99,117.77,50.82,186,94.62,0
2026-08-18 16:00:00,Library,31.11,54.15,483,94.24,842.24,42.68,62.65,44,50.68,0
2026-08-18 17:00:00,Admin Block,25.07,56.76,399,305.0785088622793,1576.3135306905415,105.47319559634781,56.53,98,86.52,1
2026-08-18 18:00:00,Laboratory,31.13,51.69,112,168.34,899.94,78.61,18.88,104,75.04,0
2026-08-18 19:00:00,Laboratory,28.21,64.29,121,118.49,866.24,59.47,80.93,35,77.22,0
2026-08-18 20:00:00,Admin Block,32.18,71.87,117,362.86491771819374,1238.0463900308546,139.91663708903937,94.7,185,50.97,1
2026-08-18 21:00:00,Hostel B,27.19,73.45,301,105.21,475.59,85.88,54.16,17,82.99,0
2026-08-18 22:00:00,Engineering Block,29.52,56.61,472,252.24714981346236,1029.4032351740987,43.56376841763504,15.54,28,74.57,1
2026-08-18 23:00:00,Engineering Block,27.84,62.92,486,159.15,1278.66,110.16,39.06,97,66.69,0
2026-08-19 00:00:00,Admin Block,27.62,64.46,314,58.0,669.88,105.32,21.03,245,64.34,0
2026-08-19 01:00:00,Engineering Block,29.04,66.21,367,83.28,1126.24,84.82,98.24,60,51.48,0
2026-08-19 02:00:00,Hostel A,30.15,51.22,175,140.32,921.24,88.77,22.32,50,44.15,0
2026-08-19 03:00:00,Library,23.0,78.21,164,107.97,270.84,49.38,17.25,131,83.7,0
2026-08-19 04:00:00,Library,33.73,69.27,440,130.45,534.97,56.46,56.97,6,43.96,0
2026-08-19 05:00:00,Admin Block,20.56,69.53,383,138.65,648.06,20.0,15.85,58,41.72,0
2026-08-19 06:00:00,Computer Science Block,25.26,72.03,230,158.41015409411892,2102.4637866963703,118.58828951553114,67.06,84,89.58,1
2026-08-19 07:00:00,Auditorium,27.62,65.34,174,73.58,786.53,77.03,88.21,248,35.6,0
2026-08-19 08:00:00,Hostel B,29.65,49.73,261,160.35,1031.65,93.17,32.54,208,40.74,0
2026-08-19 09:00:00,Admin Block,34.3,58.61,95,106.49,778.46,48.65,93.44,32,36.37,0
2026-08-19 10:00:00,Engineering Block,20.57,43.49,342,96.35,1005.6,103.76,68.15,94,97.07,0
2026-08-19 11:00:00,Hostel B,25.97,64.15,397,132.96,583.42,82.19,24.63,100,37.34,0
2026-08-19 12:00:00,Computer Science Block,19.49,58.31,471,154.28,726.9,105.64,68.0,193,30.42,0
2026-08-19 13:00:00,Engineering Block,28.13,59.59,194,147.25,927.59,100.96,16.55,110,72.87,0
2026-08-19 14:00:00,Laboratory,29.09,72.04,130,136.16,775.37,83.39,41.46,200,79.94,0
2026-08-19 15:00:00,Auditorium,34.36,55.43,478,160.52,856.74,89.36,11.44,137,42.44,0
2026-08-19 16:00:00,Hostel A,28.48,57.48,437,137.84,861.08,63.94,49.74,21,54.42,0
2026-08-19 17:00:00,Engineering Block,32.18,60.22,37,100.61,1045.49,78.34,84.88,152,51.69,0
2026-08-19 18:00:00,Hostel A,30.34,41.6,310,129.18,861.19,84.62,72.76,172,80.67,0
2026-08-19 19:00:00,Hostel B,26.26,57.34,293,147.42,821.71,100.92,27.89,97,57.59,0
2026-08-19 20:00:00,Hostel A,22.36,35.14,257,91.68,932.4,81.46,26.44,221,67.0,0
2026-08-19 21:00:00,Hostel B,29.1,54.14,217,100.13,983.8,130.19,73.38,86,84.35,0
2026-08-19 22:00:00,Hostel B,22.03,68.55,181,126.9,879.91,82.27,69.96,154,64.53,0
2026-08-19 23:00:00,Hostel B,33.18,64.47,436,144.05,575.32,20.0,22.8,57,80.79,0
2026-08-20 00:00:00,Hostel B,27.35,54.05,403,119.19,1056.62,68.53,70.49,76,69.66,0
2026-08-20 01:00:00,Hostel B,32.78,60.41,219,129.03,1010.24,56.56,80.27,172,79.89,0
2026-08-20 02:00:00,Engineering Block,26.08,49.25,253,32.96,767.59,71.18,78.97,179,36.35,0
2026-08-20 03:00:00,Hostel B,29.08,59.98,402,175.98,981.23,51.06,46.5,236,98.48,0
2026-08-20 04:00:00,Engineering Block,28.84,89.3,359,147.15,1325.86,36.77,83.27,206,36.09,0
2026-08-20 05:00:00,Hostel B,27.82,78.46,487,145.47,783.54,60.1,45.08,213,74.53,0
2026-08-20 06:00:00,Hostel A,26.27,60.53,62,142.48,839.96,89.66,68.11,50,31.62,0
2026-08-20 07:00:00,Laboratory,29.57,61.6,101,145.58,915.77,92.79,78.43,116,66.2,0
2026-08-20 08:00:00,Hostel B,24.3,50.2,46,168.69,1580.24,59.22,77.99,190,36.72,0
2026-08-20 09:00:00,Computer Science Block,23.16,51.98,323,159.16,895.77,98.42,41.23,216,36.3,0
2026-08-20 10:00:00,Hostel B,32.97,63.62,88,271.5098985949879,996.5004785992479,128.3236879898125,61.37,31,49.94,1
2026-08-20 11:00:00,Hostel B,30.91,54.75,218,260.417669468859,808.1203990883145,99.6978387904912,65.25,6,46.91,1
2026-08-20 12:00:00,Hostel A,28.26,69.04,425,129.72,763.9,68.91,31.14,56,39.58,0
2026-08-20 13:00:00,Auditorium,34.66,75.7,437,93.37,838.26,20.55,10.74,33,70.54,0
2026-08-20 14:00:00,Library,26.93,63.33,446,102.21,1001.96,73.13,18.94,10,91.98,0
2026-08-20 15:00:00,Hostel A,33.29,61.02,480,105.29,854.08,39.35,13.11,152,94.22,0
2026-08-20 16:00:00,Computer Science Block,28.7,43.19,391,114.05,864.91,65.37,36.88,233,50.33,0
2026-08-20 17:00:00,Library,23.9,67.48,499,111.69,897.89,60.01,39.34,215,90.52,0
2026-08-20 18:00:00,Admin Block,35.39,48.56,235,79.58,889.4,102.2,87.94,79,97.73,0
2026-08-20 19:00:00,Admin Block,31.96,55.82,143,127.37,1155.68,56.62,21.24,116,51.85,0
2026-08-20 20:00:00,Auditorium,27.52,69.6,35,145.83,614.68,135.79,26.66,150,95.6,0
2026-08-20 21:00:00,Computer Science Block,30.91,70.3,145,103.71,1319.99,59.9,65.8,107,59.82,0
2026-08-20 22:00:00,Hostel A,26.39,55.33,33,108.64,1191.32,67.19,52.22,26,62.48,0
2026-08-20 23:00:00,Engineering Block,31.32,55.91,58,146.4,1104.07,85.03,99.39,183,63.63,0
2026-08-21 00:00:00,Computer Science Block,18.44,53.01,218,126.63,639.08,63.46,78.58,18,81.18,0
2026-08-21 01:00:00,Laboratory,23.92,48.02,127,150.85,813.87,102.58,34.33,238,48.24,0
2026-08-21 02:00:00,Library,31.92,53.65,287,145.73,666.78,27.0,74.94,125,46.82,0
2026-08-21 03:00:00,Library,27.0,43.87,487,92.31,637.22,83.2,30.55,10,74.07,0
2026-08-21 04:00:00,Hostel B,28.83,66.83,372,127.92,780.57,62.04,71.34,25,69.03,0
2026-08-21 05:00:00,Admin Block,22.61,63.95,330,141.0,815.61,98.08,13.29,68,34.97,0
2026-08-21 06:00:00,Auditorium,35.39,65.61,409,95.62,759.15,77.59,27.96,12,93.18,0
2026-08-21 07:00:00,Library,32.76,50.46,59,79.16,857.54,91.21,19.24,22,50.35,0
2026-08-21 08:00:00,Computer Science Block,27.2,48.05,366,119.36,1057.05,102.83,48.61,154,82.57,0
2026-08-21 09:00:00,Library,26.38,60.54,288,46.55,1040.84,114.16,59.8,202,70.49,0
2026-08-21 10:00:00,Auditorium,32.12,60.64,88,20.0,945.26,88.63,33.35,123,70.06,0
2026-08-21 11:00:00,Auditorium,35.93,58.53,171,141.03,829.71,120.98,98.07,103,90.11,0
2026-08-21 12:00:00,Auditorium,31.82,57.11,477,93.41,751.46,50.9,46.95,186,91.63,0
2026-08-21 13:00:00,Computer Science Block,36.69,77.11,206,109.44,923.67,69.45,60.56,167,69.21,0
2026-08-21 14:00:00,Engineering Block,24.31,64.26,449,128.44,1096.45,62.07,51.72,114,59.99,0
2026-08-21 15:00:00,Hostel B,24.72,79.71,371,118.58,1177.63,80.79,87.69,49,73.4,0
2026-08-21 16:00:00,Admin Block,23.24,72.69,476,93.16,534.08,83.8,43.36,185,38.38,0
2026-08-21 17:00:00,Library,29.77,77.03,260,188.59,829.67,65.22,94.88,58,59.4,0
2026-08-21 18:00:00,Computer Science Block,28.7,49.26,246,117.25,627.99,106.7,82.45,189,76.34,0
2026-08-21 19:00:00,Hostel A,27.39,65.93,447,216.49,484.31,20.0,16.81,77,83.41,0
2026-08-21 20:00:00,Admin Block,31.24,55.68,223,134.5319687040704,2056.006316368746,161.80417024342157,89.5,84,80.49,1
2026-08-21 21:00:00,Engineering Block,32.93,43.37,286,261.25791109486005,1695.3388169444718,125.78905847028192,26.34,207,42.22,1
2026-08-21 22:00:00,Computer Science Block,21.9,74.96,137,120.86,800.86,89.54,15.36,52,72.81,0
2026-08-21 23:00:00,Laboratory,25.61,57.06,336,122.61,735.17,46.89,29.95,217,36.32,0
2026-08-22 00:00:00,Laboratory,31.28,49.45,311,154.65,755.77,84.46,17.67,46,71.72,0
2026-08-22 01:00:00,Hostel B,26.13,55.85,475,38.48,409.29,84.81,66.0,27,82.22,0
2026-08-22 02:00:00,Hostel B,24.81,52.04,413,173.45,1122.93,104.7,50.27,186,74.2,0
2026-08-22 03:00:00,Engineering Block,32.07,53.06,481,54.38,729.67,102.03,52.73,66,73.74,0
2026-08-22 04:00:00,Engineering Block,22.84,57.78,241,227.89404659242498,1554.9454247401634,70.59048478200265,65.49,190,75.72,1
2026-08-22 05:00:00,Hostel B,26.79,77.31,404,121.81,924.73,77.92,54.85,177,59.26,0
2026-08-22 06:00:00,Library,29.31,53.34,82,134.36,338.6,101.78,99.24,216,56.95,0
2026-08-22 07:00:00,Library,25.7,76.59,415,113.02,854.36,64.01,66.14,85,61.15,0
2026-08-22 08:00:00,Computer Science Block,31.13,68.49,24,103.25,882.81,34.27,62.76,227,44.79,0
2026-08-22 09:00:00,Hostel A,25.72,63.96,353,120.25,711.32,80.18,47.3,248,61.77,0
2026-08-22 10:00:00,Computer Science Block,33.63,67.48,311,106.08,1382.18,43.97,50.18,86,93.32,0
2026-08-22 11:00:00,Hostel A,27.5,60.14,164,157.93,547.63,63.66,99.05,33,50.35,0
2026-08-22 12:00:00,Engineering Block,30.69,72.86,461,144.21,969.01,55.84,10.49,180,60.18,0
2026-08-22 13:00:00,Admin Block,30.98,65.67,169,135.64,591.77,72.43,23.99,164,75.22,0
2026-08-22 14:00:00,Computer Science Block,25.49,43.35,178,155.8,918.44,106.84,40.87,140,83.7,0
2026-08-22 15:00:00,Computer Science Block,19.79,62.96,429,132.19,573.82,93.84,91.4,54,30.64,0
2026-08-22 16:00:00,Hostel A,29.44,67.84,288,111.65,1084.78,108.6,94.41,141,76.49,0
2026-08-22 17:00:00,Auditorium,28.29,57.11,466,63.7,937.09,91.45,15.18,126,40.04,0
2026-08-22 18:00:00,Engineering Block,30.22,61.26,470,185.22,441.65,83.08,22.75,50,82.07,0
2026-08-22 19:00:00,Engineering Block,27.09,53.87,338,159.3,885.19,111.38,89.4,138,39.52,0
2026-08-22 20:00:00,Laboratory,26.28,46.22,30,77.67,719.68,42.9,34.51,73,82.51,0
2026-08-22 21:00:00,Auditorium,36.03,44.5,88,145.63,810.53,114.39,46.1,177,96.2,0
2026-08-22 22:00:00,Hostel A,22.11,44.63,211,242.0866752719089,742.7155456589384,141.3015000757598,10.41,209,45.65,1
2026-08-22 23:00:00,Engineering Block,30.94,66.69,121,86.99,1199.47,101.92,54.23,157,30.61,0
2026-08-23 00:00:00,Auditorium,25.7,35.1,471,168.49,609.59,65.23,87.88,99,37.76,0
2026-08-23 01:00:00,Hostel B,26.66,53.34,51,125.79,790.44,58.96,42.81,230,94.35,0
2026-08-23 02:00:00,Auditorium,26.73,52.34,221,79.82,629.48,80.49,89.28,213,62.93,0
2026-08-23 03:00:00,Library,24.79,57.18,285,77.38,787.52,49.93,41.22,61,67.64,0
2026-08-23 04:00:00,Laboratory,30.28,41.44,127,134.56,821.87,68.15,69.24,158,40.72,0
2026-08-23 05:00:00,Hostel B,33.56,64.04,73,86.58,828.77,69.66,36.43,88,99.1,0
2026-08-23 06:00:00,Admin Block,29.88,47.27,458,94.27,1201.44,67.55,56.33,118,42.77,0
2026-08-23 07:00:00,Computer Science Block,28.41,71.32,357,223.9453456677868,1527.995162850415,121.39647452938117,84.55,10,72.16,1
2026-08-23 08:00:00,Laboratory,24.05,53.78,209,96.88,1248.6,39.32,86.36,100,69.86,0
2026-08-23 09:00:00,Admin Block,30.07,59.04,258,103.56,495.89,92.0,16.89,229,34.58,0
2026-08-23 10:00:00,Computer Science Block,36.63,60.04,458,92.35,1147.66,84.49,93.64,63,99.75,0
2026-08-23 11:00:00,Library,26.48,62.44,362,143.54,1096.25,50.41,56.96,216,68.5,0
2026-08-23 12:00:00,Auditorium,26.5,60.37,357,163.35,1123.57,88.84,29.73,243,40.89,0
2026-08-23 13:00:00,Engineering Block,25.76,55.73,310,60.28,1383.76,72.21,84.82,64,82.84,0
2026-08-23 14:00:00,Hostel B,26.04,63.43,342,85.56,216.14,57.2,67.17,15,57.47,0
2026-08-23 15:00:00,Hostel A,17.02,64.66,340,41.37,330.93,94.41,55.72,51,76.91,0
2026-08-23 16:00:00,Hostel B,29.62,52.35,292,124.43,864.22,79.82,83.05,56,45.64,0
2026-08-23 17:00:00,Library,24.62,64.26,61,127.17,326.78,113.59,28.35,14,94.56,0
2026-08-23 18:00:00,Admin Block,21.56,71.92,462,86.76,350.41,61.56,62.3,175,32.87,0
2026-08-23 19:00:00,Hostel A,31.01,67.06,217,104.72,792.06,90.73,96.56,171,31.42,0
2026-08-23 20:00:00,Engineering Block,23.67,69.32,396,136.03,726.77,118.36,67.34,215,90.54,0
2026-08-23 21:00:00,Library,26.65,61.72,140,174.32,395.63,82.48,63.89,159,68.09,0
2026-08-23 22:00:00,Hostel A,33.87,50.64,414,94.11,694.12,53.13,12.65,172,53.91,0
2026-08-23 23:00:00,Library,22.36,51.9,353,123.83,1037.24,66.75,26.44,230,39.88,0
2026-08-24 00:00:00,Auditorium,21.87,63.2,303,139.11,969.95,114.34,65.09,40,34.19,0
2026-08-24 01:00:00,Library,29.08,69.43,314,182.9,1034.99,113.24,73.24,124,50.68,0
2026-08-24 02:00:00,Engineering Block,32.6,87.86,201,134.07,732.15,66.96,90.98,152,86.77,0
2026-08-24 03:00:00,Laboratory,21.7,69.82,119,186.82,1150.36,60.63,88.42,50,43.47,0
2026-08-24 04:00:00,Computer Science Block,29.63,48.3,30,69.55,1305.01,99.0,42.39,73,98.56,0
2026-08-24 05:00:00,Hostel A,30.32,52.33,390,134.42,898.42,58.57,72.09,78,85.41,0
2026-08-24 06:00:00,Auditorium,19.76,82.79,252,110.58,734.5,81.54,51.75,67,30.83,0
2026-08-24 07:00:00,Engineering Block,31.19,57.86,461,119.14,840.66,20.0,52.93,164,68.48,0
2026-08-24 08:00:00,Library,31.51,60.48,136,135.80911670472284,1130.6487461705112,175.22313735912908,95.08,172,57.71,1
2026-08-24 09:00:00,Auditorium,26.75,50.4,443,162.79,763.58,85.18,75.95,172,61.08,0
2026-08-24 10:00:00,Engineering Block,33.01,75.65,407,140.37,1003.31,68.74,97.13,96,61.05,0
2026-08-24 11:00:00,Laboratory,32.55,65.0,83,127.47,938.37,89.04,79.74,249,89.58,0
2026-08-24 12:00:00,Auditorium,28.41,52.25,195,60.03,973.77,96.22,75.31,161,77.99,0
2026-08-24 13:00:00,Auditorium,26.19,50.06,473,151.97,444.51,36.32,48.48,244,50.35,0
2026-08-24 14:00:00,Computer Science Block,24.11,63.07,102,96.73,1023.83,59.1,19.58,26,66.09,0
2026-08-24 15:00:00,Hostel B,27.85,60.44,434,92.56,712.79,70.35,66.73,205,64.09,0
2026-08-24 16:00:00,Hostel A,30.28,68.32,21,67.23,793.83,45.58,52.15,70,50.1,0
2026-08-24 17:00:00,Computer Science Block,26.7,65.47,318,108.34,667.93,68.81,63.15,209,73.43,0
2026-08-24 18:00:00,Admin Block,19.21,57.36,236,100.64,1227.73,69.06,35.41,39,74.22,0
2026-08-24 19:00:00,Hostel A,33.07,54.56,261,166.96,518.67,60.1,27.64,31,37.51,0
2026-08-24 20:00:00,Computer Science Block,28.76,58.4,316,84.87,824.38,65.45,33.86,195,36.24,0
2026-08-24 21:00:00,Library,26.48,54.49,79,94.84,520.2,72.76,69.18,125,32.08,0
2026-08-24 22:00:00,Hostel A,31.43,58.7,387,99.34,1091.5,36.86,95.77,162,71.46,0
2026-08-24 23:00:00,Hostel A,34.1,60.16,222,91.34,882.16,99.55,99.27,33,99.71,0
2026-08-25 00:00:00,Engineering Block,16.79,51.02,449,73.53,575.17,90.55,82.78,167,93.61,0
2026-08-25 01:00:00,Library,29.74,66.31,59,142.72,869.9,69.18,96.18,41,62.27,0
2026-08-25 02:00:00,Admin Block,22.29,56.3,334,113.94,643.11,79.86,35.54,247,52.32,0
2026-08-25 03:00:00,Hostel B,30.0,51.58,64,101.12,1058.61,78.46,10.32,158,81.33,0
2026-08-25 04:00:00,Auditorium,28.51,56.48,317,97.2,1357.45,126.84,27.47,8,53.47,0
2026-08-25 05:00:00,Laboratory,30.54,62.42,138,124.4,517.87,62.19,67.1,103,32.43,0
2026-08-25 06:00:00,Computer Science Block,26.0,60.83,424,97.45,1200.18,87.0,90.94,142,66.21,0
2026-08-25 07:00:00,Engineering Block,20.51,64.22,150,117.61,1155.59,20.0,92.34,152,52.45,0
2026-08-25 08:00:00,Computer Science Block,26.2,68.98,469,136.71,767.62,87.11,84.76,117,33.1,0
2026-08-25 09:00:00,Admin Block,29.63,73.05,414,132.05,1028.31,68.63,78.61,192,83.18,0
2026-08-25 10:00:00,Auditorium,32.06,62.85,299,170.32,911.18,87.58,37.38,14,70.12,0
2026-08-25 11:00:00,Admin Block,23.31,49.31,69,154.24,839.3,84.39,17.9,34,54.43,0
2026-08-25 12:00:00,Hostel A,32.11,57.31,107,131.57,728.46,79.07,57.27,79,59.18,0
2026-08-25 13:00:00,Laboratory,25.41,49.96,40,133.36,1025.22,83.9,40.17,148,35.48,0
2026-08-25 14:00:00,Admin Block,29.45,76.97,428,188.62,718.37,99.59,21.54,139,38.65,0
2026-08-25 15:00:00,Computer Science Block,25.96,79.87,407,92.06,1099.44,74.06,51.25,122,59.34,0
2026-08-25 16:00:00,Library,28.73,66.5,251,137.41,634.85,71.52,57.3,155,40.59,0
2026-08-25 17:00:00,Library,31.57,68.58,400,89.81,1372.37,104.57,79.68,44,43.3,0
2026-08-25 18:00:00,Hostel A,23.09,62.51,62,149.18,565.57,83.62,82.73,5,55.81,0
2026-08-25 19:00:00,Hostel B,25.28,63.66,450,142.35,1557.76,61.14,52.17,49,66.68,0
2026-08-25 20:00:00,Computer Science Block,28.74,44.03,42,111.41,761.86,90.91,92.87,11,69.03,0
2026-08-25 21:00:00,Computer Science Block,37.61,59.26,463,165.42,1044.48,73.82,80.98,130,64.27,0
2026-08-25 22:00:00,Admin Block,24.55,51.19,235,122.11,1096.76,45.97,48.92,45,35.11,0
2026-08-25 23:00:00,Laboratory,36.16,62.81,296,131.75,895.41,91.13,41.52,72,35.59,0
2026-08-26 00:00:00,Computer Science Block,36.02,59.4,213,63.45,1131.11,69.89,38.61,6,44.4,0
2026-08-26 01:00:00,Engineering Block,27.61,79.47,234,198.84,699.53,33.67,51.73,21,91.32,0
2026-08-26 02:00:00,Hostel B,26.81,69.17,198,83.86,542.77,47.35,39.73,236,37.81,0
2026-08-26 03:00:00,Admin Block,25.23,62.85,162,76.48,862.9,95.59,52.19,141,80.55,0
2026-08-26 04:00:00,Engineering Block,27.73,57.33,333,141.75,1043.33,85.83,61.95,143,87.36,0
2026-08-26 05:00:00,Hostel A,22.37,76.76,45,126.0,704.19,75.64,24.94,48,37.35,0
2026-08-26 06:00:00,Library,27.7,59.7,237,66.35,921.59,91.29,81.81,87,71.77,0
2026-08-26 07:00:00,Hostel A,33.99,63.32,495,89.99,521.81,94.61,20.14,188,83.84,0
2026-08-26 08:00:00,Library,25.56,60.42,78,105.85,912.45,99.36,46.39,18,86.22,0
2026-08-26 09:00:00,Hostel A,27.04,55.96,365,93.99,742.32,98.99,24.87,83,32.03,0
2026-08-26 10:00:00,Computer Science Block,21.2,60.37,64,126.87,896.03,64.88,37.35,179,67.46,0
2026-08-26 11:00:00,Engineering Block,29.5,40.38,469,152.58,879.36,21.31,51.25,204,43.05,0
2026-08-26 12:00:00,Library,29.06,44.52,438,196.94,614.43,65.91,77.39,191,92.25,0
2026-08-26 13:00:00,Admin Block,28.25,63.5,243,66.43,886.73,140.39,66.44,192,62.54,0
2026-08-26 14:00:00,Engineering Block,27.13,75.68,369,117.68,718.76,98.9,42.47,37,59.1,0
2026-08-26 15:00:00,Admin Block,26.83,63.48,275,274.14500732536254,2046.7771858457536,133.06736563303159,63.19,188,44.48,1
2026-08-26 16:00:00,Engineering Block,30.01,52.8,129,122.49,1084.09,68.72,36.67,134,43.74,0
2026-08-26 17:00:00,Engineering Block,27.88,45.57,339,126.98,901.39,111.09,85.46,6,99.39,0
2026-08-26 18:00:00,Hostel A,29.26,67.85,359,122.91,873.99,51.07,53.49,64,34.73,0
2026-08-26 19:00:00,Library,28.86,54.33,269,160.65,1036.48,96.28,74.51,152,32.94,0
2026-08-26 20:00:00,Library,32.49,66.43,96,133.55,1086.66,44.2,38.08,126,48.61,0
2026-08-26 21:00:00,Laboratory,30.71,63.9,302,67.07,1238.69,108.11,70.96,155,55.66,0
2026-08-26 22:00:00,Engineering Block,28.77,64.78,106,73.89,788.38,78.12,93.41,86,57.18,0
2026-08-26 23:00:00,Computer Science Block,34.07,60.34,269,230.88265994816413,1095.098402912784,195.5640543393744,19.7,162,43.42,1
2026-08-27 00:00:00,Computer Science Block,29.68,63.84,227,137.25,1090.41,68.78,63.15,217,95.74,0
2026-08-27 01:00:00,Admin Block,33.22,58.81,178,110.34,1245.46,129.67,55.08,40,93.15,0
2026-08-27 02:00:00,Admin Block,30.43,53.65,31,136.53,867.7,86.49,58.69,122,64.81,0
2026-08-27 03:00:00,Hostel A,20.63,50.37,244,141.42,837.69,94.28,27.51,71,82.75,0
2026-08-27 04:00:00,Engineering Block,33.22,36.15,377,155.38,1249.98,108.32,12.44,189,45.73,0
2026-08-27 05:00:00,Admin Block,28.54,58.19,320,111.91,580.32,123.62,16.41,149,89.84,0
2026-08-27 06:00:00,Admin Block,27.79,75.19,403,147.89,774.74,73.76,35.58,129,58.84,0
2026-08-27 07:00:00,Hostel B,29.13,67.3,51,115.53,691.06,83.79,86.9,156,39.35,0
2026-08-27 08:00:00,Engineering Block,26.62,62.28,73,68.42,857.15,89.52,82.62,234,85.52,0
2026-08-27 09:00:00,Auditorium,28.91,52.66,469,133.58,1109.07,110.94,99.59,200,63.65,0
2026-08-27 10:00:00,Hostel A,25.63,69.97,261,164.32,538.99,102.45,76.65,77,72.49,0
2026-08-27 11:00:00,Admin Block,33.1,58.81,388,147.28,1108.26,35.12,41.61,165,94.16,0
2026-08-27 12:00:00,Hostel A,27.55,75.75,134,161.98,641.99,45.3,92.64,61,70.06,0
2026-08-27 13:00:00,Library,26.47,50.19,490,297.029730254587,1557.7696512675325,146.065139425799,81.16,230,48.63,1
2026-08-27 14:00:00,Hostel A,24.3,52.5,307,90.43,279.89,122.37,72.91,49,54.0,0
2026-08-27 15:00:00,Auditorium,29.08,51.53,418,126.76,337.89,67.95,58.25,186,89.95,0
2026-08-27 16:00:00,Computer Science Block,28.75,45.18,123,106.89,812.21,94.61,74.53,164,86.91,0
2026-08-27 17:00:00,Auditorium,29.55,50.63,330,131.47,1166.95,68.09,96.29,63,81.77,0
2026-08-27 18:00:00,Computer Science Block,23.89,61.03,316,122.06,1114.38,83.66,87.61,12,39.03,0
2026-08-27 19:00:00,Hostel A,21.6,52.88,146,322.64072930094113,933.8330968489795,115.23430463492244,27.5,116,43.6,1
2026-08-27 20:00:00,Computer Science Block,30.5,21.44,59,157.72247551235617,2070.763620508619,131.3277505456821,18.79,118,79.21,1
2026-08-27 21:00:00,Library,33.94,70.74,91,38.19,981.56,76.37,11.49,192,49.46,0
2026-08-27 22:00:00,Engineering Block,23.89,43.16,254,122.75,959.5,86.4,74.15,19,79.79,0
2026-08-27 23:00:00,Computer Science Block,34.36,65.89,389,107.55,1421.53,117.72,35.1,131,78.54,0
2026-08-28 00:00:00,Computer Science Block,29.14,60.31,452,101.83,693.88,59.54,74.64,163,71.2,0
2026-08-28 01:00:00,Hostel A,27.97,81.17,489,95.27,1093.4,116.74,26.57,68,99.18,0
2026-08-28 02:00:00,Library,26.41,69.97,266,118.74,859.62,97.77,49.31,9,91.21,0
2026-08-28 03:00:00,Laboratory,22.46,54.95,313,134.44,1256.59,63.92,11.22,174,38.44,0
2026-08-28 04:00:00,Laboratory,31.95,52.98,266,323.61070630503264,1428.163877547064,95.09450000727252,19.78,110,81.33,1
2026-08-28 05:00:00,Laboratory,24.9,75.03,331,20.3,720.2,49.75,17.33,33,89.4,0
2026-08-28 06:00:00,Laboratory,24.88,45.24,53,116.37,686.38,59.64,81.15,146,91.03,0
2026-08-28 07:00:00,Engineering Block,31.97,61.91,148,57.6,908.17,42.24,91.4,184,66.0,0
2026-08-28 08:00:00,Auditorium,20.47,58.69,29,151.16,652.02,80.1,25.71,185,90.03,0
2026-08-28 09:00:00,Hostel A,21.91,56.57,187,141.77,122.42,69.19,57.21,17,89.81,0
2026-08-28 10:00:00,Hostel A,27.93,63.54,291,82.7,1179.0,61.94,23.52,192,68.78,0
2026-08-28 11:00:00,Hostel B,29.17,61.9,235,123.1,1132.96,110.24,80.13,52,67.88,0
2026-08-28 12:00:00,Library,29.94,64.57,449,49.89,850.32,83.71,83.87,158,73.07,0
2026-08-28 13:00:00,Laboratory,26.79,61.39,427,135.29,1027.67,87.47,80.66,216,41.01,0
2026-08-28 14:00:00,Engineering Block,38.12,64.18,259,135.8,1041.42,105.7,32.63,163,81.72,0
2026-08-28 15:00:00,Library,27.09,60.93,33,146.53,862.86,51.0,40.38,119,92.33,0
2026-08-28 16:00:00,Laboratory,27.08,53.41,109,141.75,413.8,75.3,28.77,40,69.2,0
2026-08-28 17:00:00,Engineering Block,24.81,60.04,442,101.15,936.61,106.89,10.3,31,81.58,0
2026-08-28 18:00:00,Library,28.5,52.86,37,83.99,785.47,43.86,15.81,233,66.56,0
2026-08-28 19:00:00,Hostel A,30.46,52.2,359,95.63,1352.57,87.9,98.77,131,69.33,0
2026-08-28 20:00:00,Hostel A,32.81,56.64,188,115.61,1014.78,116.93,92.19,101,70.4,0
2026-08-28 21:00:00,Auditorium,22.04,58.81,75,75.76,1015.76,34.32,17.15,97,47.89,0
2026-08-28 22:00:00,Admin Block,27.02,60.35,183,107.89,1221.9,117.02,51.51,95,83.57,0
2026-08-28 23:00:00,Auditorium,29.79,69.16,171,107.9,877.75,99.43,97.71,8,59.18,0
2026-08-29 00:00:00,Computer Science Block,30.35,55.02,109,159.12,1348.14,84.7,14.9,207,34.2,0
2026-08-29 01:00:00,Auditorium,28.03,61.97,304,136.47,594.19,108.73,70.19,221,63.93,0
2026-08-29 02:00:00,Laboratory,30.17,61.18,41,94.82,821.86,89.29,19.58,124,38.7,0
2026-08-29 03:00:00,Hostel B,24.76,53.91,286,130.21,1185.01,55.61,41.32,137,85.95,0
2026-08-29 04:00:00,Library,34.23,60.74,316,134.73,542.87,69.47,14.24,55,42.0,0
2026-08-29 05:00:00,Hostel B,31.97,70.03,452,59.27,761.82,77.89,63.85,70,93.21,0
2026-08-29 06:00:00,Admin Block,22.62,61.87,265,192.65,971.37,95.26,73.22,44,92.18,0
2026-08-29 07:00:00,Computer Science Block,23.7,62.27,158,113.62,983.17,62.02,13.73,209,92.19,0
2026-08-29 08:00:00,Library,23.81,52.95,71,88.47,690.18,84.3,55.37,124,52.19,0
2026-08-29 09:00:00,Engineering Block,30.71,79.69,86,120.71,1214.26,81.18,36.91,121,52.19,0
2026-08-29 10:00:00,Laboratory,22.86,53.52,104,87.84,600.55,84.09,73.83,31,55.35,0
2026-08-29 11:00:00,Computer Science Block,26.68,43.32,269,58.42,905.19,98.39,55.92,235,91.65,0
2026-08-29 12:00:00,Hostel A,29.82,68.6,350,139.71,685.29,68.88,11.51,213,56.7,0
2026-08-29 13:00:00,Admin Block,27.74,58.85,411,121.48,388.91,56.55,33.89,227,69.63,0
2026-08-29 14:00:00,Computer Science Block,29.04,56.97,434,129.14,675.39,75.67,53.87,186,97.98,0
2026-08-29 15:00:00,Laboratory,23.74,54.54,142,93.55201561877956,1123.7295209414588,67.87115410720006,18.67,126,78.87,1
2026-08-29 16:00:00,Auditorium,30.38,78.72,221,135.95,526.08,93.02,89.7,207,85.76,0
2026-08-29 17:00:00,Computer Science Block,25.55,63.55,25,112.05,1160.37,92.16,90.69,13,62.14,0
2026-08-29 18:00:00,Auditorium,26.7,65.5,356,76.13,892.71,84.94,20.13,15,83.02,0
2026-08-29 19:00:00,Laboratory,28.95,61.63,218,88.15,923.82,47.63,89.5,139,85.91,0
2026-08-29 20:00:00,Hostel A,28.41,62.7,243,175.02,828.17,56.15,61.53,233,77.82,0
2026-08-29 21:00:00,Library,28.1,73.99,32,104.7,822.3,120.78,87.91,74,99.95,0
2026-08-29 22:00:00,Engineering Block,25.0,57.49,25,173.46,992.45,73.59,66.5,34,35.52,0
2026-08-29 23:00:00,Hostel A,26.8,45.43,470,86.45,726.12,98.45,92.52,97,88.25,0
2026-08-30 00:00:00,Auditorium,28.01,68.68,430,99.9,284.35,145.61,51.38,227,45.18,0
2026-08-30 01:00:00,Auditorium,22.5,64.97,140,105.45,386.38,72.55,99.84,219,73.91,0
2026-08-30 02:00:00,Engineering Block,26.15,61.08,64,147.12,928.12,92.44,87.18,81,87.2,0
2026-08-30 03:00:00,Library,29.55,64.71,381,128.69,778.78,78.05,66.64,122,75.47,0
2026-08-30 04:00:00,Computer Science Block,22.89,56.29,45,125.89,1513.97,96.41,45.28,169,49.15,0
2026-08-30 05:00:00,Engineering Block,32.63,60.21,23,156.31,1075.47,92.98,65.42,208,51.47,0
2026-08-30 06:00:00,Admin Block,33.08,58.68,312,141.23,949.39,93.02,75.61,177,72.01,0
2026-08-30 07:00:00,Admin Block,23.02,54.09,296,72.39,444.16,117.33,40.84,86,93.38,0
2026-08-30 08:00:00,Laboratory,33.43,71.89,303,153.41,685.41,61.85,58.69,80,75.99,0
2026-08-30 09:00:00,Hostel A,27.43,45.88,229,82.53,1096.84,84.88,90.12,199,59.7,0
2026-08-30 10:00:00,Auditorium,29.67,83.61,307,154.48,901.35,78.72,95.71,180,90.54,0
2026-08-30 11:00:00,Library,26.01,68.77,378,135.41,613.71,54.07,65.63,232,50.91,0
2026-08-30 12:00:00,Laboratory,31.69,42.22,200,139.89,554.0,84.37,23.5,121,66.87,0
2026-08-30 13:00:00,Hostel A,29.62,57.76,272,104.58,984.95,108.7,79.06,213,51.66,0
2026-08-30 14:00:00,Hostel A,24.74,58.31,436,82.11,691.16,43.7,32.29,14,84.95,0
2026-08-30 15:00:00,Laboratory,23.34,63.92,301,114.7,734.76,105.43,15.85,145,44.04,0
2026-08-30 16:00:00,Hostel B,22.16,50.11,164,130.25,800.34,90.41,43.39,64,75.91,0
2026-08-30 17:00:00,Hostel A,28.75,60.32,459,140.08,1196.44,103.07,34.19,27,76.18,0
2026-08-30 18:00:00,Hostel B,30.29,58.79,135,101.95,790.54,80.89,56.33,34,95.18,0
2026-08-30 19:00:00,Admin Block,30.6,52.62,368,96.38,1200.72,154.97,10.21,124,60.88,0
2026-08-30 20:00:00,Admin Block,27.53,51.23,487,108.87,752.89,90.63,71.17,65,64.74,0
2026-08-30 21:00:00,Hostel A,23.37,69.19,49,147.96,488.21,85.49,49.75,32,71.91,0
2026-08-30 22:00:00,Admin Block,25.27,43.03,396,139.47539398382798,1363.703642080804,118.9999439018717,33.35,155,38.88,1
2026-08-30 23:00:00,Library,32.61,64.78,261,110.19,848.22,60.92,34.41,201,61.85,0
2026-08-31 00:00:00,Hostel B,26.06,67.98,24,95.71,446.5,73.21,13.81,53,40.51,0
2026-08-31 01:00:00,Hostel B,28.57,57.81,393,137.4,592.44,69.18,30.04,162,85.15,0
2026-08-31 02:00:00,Hostel A,23.7,60.52,281,157.51,993.37,95.07,20.67,205,52.89,0
2026-08-31 03:00:00,Admin Block,29.35,71.63,125,62.95,726.28,104.47,49.29,102,60.58,0
2026-08-31 04:00:00,Engineering Block,26.17,52.95,143,131.12,1060.75,107.78,54.48,116,49.82,0
2026-08-31 05:00:00,Auditorium,32.19,53.98,465,150.95,501.45,70.77,84.12,30,48.0,0
2026-08-31 06:00:00,Laboratory,31.09,55.05,413,85.64,639.09,46.43,60.92,128,99.13,0
2026-08-31 07:00:00,Laboratory,26.02,71.65,345,153.89,1032.23,98.96,62.86,85,88.31,0
2026-08-31 08:00:00,Hostel B,27.49,72.92,157,85.19,877.68,59.11,18.75,166,61.44,0
2026-08-31 09:00:00,Hostel A,25.8,46.04,125,140.74,431.18,110.06,41.56,72,87.99,0
2026-08-31 10:00:00,Hostel A,22.32,70.06,232,161.03,915.97,93.6,81.69,82,77.37,0
2026-08-31 11:00:00,Library,24.57,68.19,319,93.46,1204.5,95.25,62.58,6,58.65,0
2026-08-31 12:00:00,Computer Science Block,28.79,75.54,75,110.75,801.52,63.93,43.78,52,31.96,0
2026-08-31 13:00:00,Auditorium,29.3,63.85,151,158.97,709.38,72.24,48.79,74,93.95,0
2026-08-31 14:00:00,Computer Science Block,28.59,59.56,288,37.19,1110.38,68.3,20.43,205,45.88,0
2026-08-31 15:00:00,Hostel B,26.79,71.45,141,137.04,706.64,107.7,12.36,156,80.73,0
2026-08-31 16:00:00,Laboratory,31.73,66.99,221,182.93,989.12,56.33,22.98,146,87.08,0
2026-08-31 17:00:00,Library,28.25,82.45,227,20.0,777.07,103.66,36.7,81,71.07,0
2026-08-31 18:00:00,Library,30.81,69.59,294,157.71,584.63,102.68,35.49,79,75.97,0
2026-08-31 19:00:00,Library,20.9,61.54,473,148.87,706.84,76.36,73.28,108,34.81,0
2026-08-31 20:00:00,Hostel B,12.31,48.26,109,118.12,287.2,124.72,24.44,93,69.23,0
2026-08-31 21:00:00,Computer Science Block,29.14,54.19,209,134.34,1047.85,93.54,78.33,34,50.76,0
2026-08-31 22:00:00,Laboratory,22.3,45.64,284,128.6,1016.76,27.84,73.82,220,69.75,0
2026-08-31 23:00:00,Library,27.15,57.85,65,100.95,909.2,89.16,23.63,166,72.29,0
2026-09-01 00:00:00,Laboratory,26.79,69.26,331,163.3,701.15,55.27,69.46,155,35.13,0
2026-09-01 01:00:00,Admin Block,34.35,59.96,349,119.78,1045.13,70.22,39.51,215,60.6,0
2026-09-01 02:00:00,Hostel A,29.6,70.22,59,133.78,1005.57,107.0,19.57,69,89.29,0
2026-09-01 03:00:00,Hostel A,28.66,63.38,86,86.4,1046.81,60.36,66.07,83,38.47,0
2026-09-01 04:00:00,Laboratory,31.35,55.97,132,38.28,947.27,104.83,81.37,109,82.44,0
2026-09-01 05:00:00,Engineering Block,29.47,60.88,358,78.74,790.92,79.95,96.62,124,68.63,0
2026-09-01 06:00:00,Engineering Block,26.17,64.72,81,184.02,794.02,74.63,59.52,178,73.0,0
2026-09-01 07:00:00,Hostel B,32.29,61.39,246,142.55,346.75,49.05,60.98,66,31.53,0
2026-09-01 08:00:00,Hostel B,23.56,61.51,193,190.689744574096,904.9561255243917,105.49265618463795,51.69,58,90.47,1
2026-09-01 09:00:00,Hostel A,29.29,52.31,153,140.03,958.51,103.37,37.77,148,93.19,0
2026-09-01 10:00:00,Admin Block,21.81,55.67,304,134.8,1233.03,67.28,22.88,192,73.65,0
2026-09-01 11:00:00,Auditorium,28.82,82.58,294,56.97,1056.65,72.48,37.02,102,99.17,0
2026-09-01 12:00:00,Computer Science Block,28.77,72.28,133,149.75,787.99,78.72,40.06,239,51.14,0
2026-09-01 13:00:00,Computer Science Block,34.71,45.26,127,53.22,645.2,91.73,76.26,197,44.62,0
2026-09-01 14:00:00,Hostel B,21.74,36.33,162,97.99,1021.81,124.87,21.58,62,40.28,0
2026-09-01 15:00:00,Admin Block,25.6,60.76,76,85.7,895.17,95.78,26.81,154,42.65,0
2026-09-01 16:00:00,Hostel B,31.29,68.93,313,127.04,644.45,147.79,97.49,185,32.4,0
2026-09-01 17:00:00,Auditorium,29.34,54.8,296,127.38,906.51,95.81,16.38,6,79.24,0
2026-09-01 18:00:00,Computer Science Block,28.72,70.22,70,20.0,1039.14,50.63,93.64,53,84.12,0
2026-09-01 19:00:00,Laboratory,24.18,60.6,442,163.05,449.21,83.22,23.17,145,30.82,0
2026-09-01 20:00:00,Hostel B,25.64,58.37,490,122.19,824.02,139.62,58.29,167,46.36,0
2026-09-01 21:00:00,Library,32.98,67.56,295,153.7,1171.18,125.59,45.66,25,45.27,0
2026-09-01 22:00:00,Laboratory,27.79,54.68,253,121.16,1110.05,110.17,46.01,45,74.38,0
2026-09-01 23:00:00,Auditorium,29.5,57.13,261,126.16,844.38,39.46,73.15,76,85.15,0
2026-09-02 00:00:00,Auditorium,27.54,66.7,277,69.8,599.39,117.11,69.04,161,80.3,0
2026-09-02 01:00:00,Hostel B,23.27,59.69,256,92.77,495.2,67.19,94.87,242,83.34,0
2026-09-02 02:00:00,Hostel A,31.74,79.09,51,112.47,1071.85,87.17,74.65,77,79.89,0
2026-09-02 03:00:00,Hostel B,30.01,66.94,386,144.36,716.8,80.35,64.63,57,83.23,0
2026-09-02 04:00:00,Hostel A,37.22,66.29,367,104.23,1007.61,73.36,25.83,136,69.33,0
2026-09-02 05:00:00,Auditorium,23.94,59.5,267,94.83,1139.49,79.26,52.9,199,68.22,0
2026-09-02 06:00:00,Admin Block,31.29,68.75,151,88.38,658.1,71.23,54.75,119,87.56,0
2026-09-02 07:00:00,Auditorium,22.75,56.77,282,132.55,763.92,31.03,67.5,111,72.85,0
2026-09-02 08:00:00,Computer Science Block,28.63,62.82,278,116.79,1137.63,49.12,42.94,8,40.21,0
2026-09-02 09:00:00,Laboratory,31.91,50.84,300,89.1,801.55,95.84,23.08,95,90.61,0
2026-09-02 10:00:00,Laboratory,19.71,70.39,387,113.22,993.91,113.32,89.06,41,63.72,0
2026-09-02 11:00:00,Engineering Block,27.18,62.91,269,93.65,768.45,83.86,12.92,114,47.65,0
2026-09-02 12:00:00,Engineering Block,25.75,79.83,284,85.76,560.37,98.4,22.15,126,56.29,0
2026-09-02 13:00:00,Auditorium,25.19,83.92,234,64.07,978.85,73.55,51.05,226,69.89,0
2026-09-02 14:00:00,Computer Science Block,29.54,67.63,234,72.44,1229.18,73.57,89.99,211,57.56,0
2026-09-02 15:00:00,Engineering Block,32.48,60.68,301,118.15,952.57,66.23,19.23,148,71.46,0
2026-09-02 16:00:00,Laboratory,27.47,50.54,339,49.07,1003.85,43.52,76.39,96,69.27,0
2026-09-02 17:00:00,Hostel B,28.82,69.05,37,90.51,1007.8,92.67,35.79,187,68.63,0
2026-09-02 18:00:00,Admin Block,28.46,62.1,491,142.65,1265.79,74.53,16.83,208,69.59,0
2026-09-02 19:00:00,Admin Block,28.01,65.38,366,154.37,771.02,107.57,90.55,221,52.34,0
2026-09-02 20:00:00,Computer Science Block,23.64,77.3,21,132.96,295.46,94.39,97.52,32,90.34,0
2026-09-02 21:00:00,Auditorium,32.43,51.76,20,148.56,1165.35,93.6,21.87,127,67.26,0
2026-09-02 22:00:00,Engineering Block,29.18,50.76,323,120.69,481.38,80.18,90.65,64,33.2,0
2026-09-02 23:00:00,Hostel B,29.58,57.64,483,83.16,729.56,47.2,68.33,248,50.62,0
2026-09-03 00:00:00,Admin Block,24.77,68.21,466,144.0,651.23,53.31,28.13,121,80.2,0
2026-09-03 01:00:00,Admin Block,26.16,65.55,382,137.03,651.39,71.03,70.44,249,76.59,0
2026-09-03 02:00:00,Library,27.3,51.04,235,153.97771298205154,1908.4363546900959,169.48139854075643,83.02,114,43.63,1
2026-09-03 03:00:00,Auditorium,21.86,67.57,183,98.22,1024.71,97.59,54.44,136,99.88,0
2026-09-03 04:00:00,Library,21.25,47.99,210,118.4,638.26,143.98,91.84,103,73.81,0
2026-09-03 05:00:00,Laboratory,25.6,51.62,94,159.66,1159.55,51.36,57.57,171,52.9,0
2026-09-03 06:00:00,Admin Block,30.09,58.85,45,106.84,788.04,102.33,26.69,73,57.48,0
2026-09-03 07:00:00,Computer Science Block,25.39,54.47,281,20.0,1317.26,55.26,73.84,246,94.37,0
2026-09-03 08:00:00,Hostel A,23.92,68.9,301,135.17,754.29,104.16,70.92,33,60.18,0
2026-09-03 09:00:00,Hostel A,24.74,62.86,240,81.17,738.69,85.31,67.64,21,46.88,0
2026-09-03 10:00:00,Hostel B,26.18,77.66,62,135.58,759.63,41.29,89.19,163,54.06,0
2026-09-03 11:00:00,Admin Block,26.58,57.53,141,134.23,624.3,77.29,57.52,16,67.11,0
2026-09-03 12:00:00,Admin Block,36.66,58.78,148,173.85,989.65,114.96,73.38,104,41.04,0
2026-09-03 13:00:00,Laboratory,32.22,72.1,284,116.53,679.5,80.43,95.92,99,33.57,0
2026-09-03 14:00:00,Admin Block,32.1,59.09,302,137.36,782.45,89.6,22.4,15,58.26,0
2026-09-03 15:00:00,Computer Science Block,32.67,74.94,90,124.68,969.3,99.43,44.79,178,92.74,0
2026-09-03 16:00:00,Library,24.0,65.41,392,150.76,1345.45,68.39,29.69,171,94.9,0
2026-09-03 17:00:00,Admin Block,23.11,36.47,393,20.0,682.64,119.0,39.15,162,88.26,0
2026-09-03 18:00:00,Admin Block,23.57,71.78,278,96.3,714.1,88.89,55.95,164,41.93,0
2026-09-03 19:00:00,Laboratory,33.34,69.13,464,111.36,698.11,111.48,86.09,204,33.41,0
2026-09-03 20:00:00,Auditorium,25.81,69.51,220,244.8129383280738,1375.3075387052968,173.7723634692074,45.96,206,66.95,1
2026-09-03 21:00:00,Engineering Block,22.99,40.89,149,153.62315302339368,1165.1270745694526,156.3163740909054,60.21,15,77.38,1
2026-09-03 22:00:00,Auditorium,26.28,53.37,399,259.8912696792065,1227.5484405532904,91.91802860770294,83.1,159,75.92,1
2026-09-03 23:00:00,Laboratory,27.05,54.11,349,150.88,875.64,100.19,93.53,10,48.94,0
2026-09-04 00:00:00,Auditorium,29.07,51.59,100,95.76,995.31,69.94,41.47,187,53.67,0
2026-09-04 01:00:00,Laboratory,29.0,77.42,273,85.97,728.76,70.02,26.02,109,97.73,0
2026-09-04 02:00:00,Computer Science Block,24.69,59.88,434,133.84,874.47,24.76,62.39,10,59.87,0
2026-09-04 03:00:00,Hostel B,30.74,59.63,84,125.57,915.98,57.45,90.62,107,75.38,0
2026-09-04 04:00:00,Admin Block,25.44,65.52,397,128.17,849.4,62.2,32.36,162,65.05,0
2026-09-04 05:00:00,Laboratory,27.37,65.69,165,69.17,930.42,78.08,54.95,22,89.83,0
2026-09-04 06:00:00,Laboratory,30.75,26.65,153,215.76,637.54,94.65,53.74,107,88.64,0
2026-09-04 07:00:00,Engineering Block,25.43,53.54,121,33.61,587.94,65.33,93.44,43,75.42,0
2026-09-04 08:00:00,Laboratory,25.72,45.87,61,150.3,648.75,65.38,51.1,82,95.22,0
2026-09-04 09:00:00,Hostel A,30.37,64.0,386,94.89,266.03,115.3,58.26,195,44.54,0
2026-09-04 10:00:00,Hostel B,24.57,57.11,215,225.76,553.1,102.82,22.44,147,67.56,0
2026-09-04 11:00:00,Admin Block,26.46,60.15,379,135.37,1025.19,73.49,51.24,54,46.41,0
2026-09-04 12:00:00,Admin Block,30.22,39.21,279,157.34,1016.39,67.71,40.76,185,37.18,0
2026-09-04 13:00:00,Engineering Block,36.22,56.9,118,137.43,522.1,52.62,29.95,232,84.04,0
2026-09-04 14:00:00,Computer Science Block,30.42,71.15,407,34.45,423.49,90.57,55.78,91,72.89,0
2026-09-04 15:00:00,Admin Block,29.89,74.09,84,123.93,855.98,117.33,79.38,40,37.27,0
2026-09-04 16:00:00,Hostel A,30.12,67.19,316,132.62,981.95,68.34,25.9,221,99.22,0
2026-09-04 17:00:00,Admin Block,23.71,46.65,446,136.57,653.36,83.14,22.74,13,35.86,0
2026-09-04 18:00:00,Hostel A,28.46,72.59,242,161.41,701.93,90.04,21.19,65,78.11,0
2026-09-04 19:00:00,Hostel B,27.88,67.24,264,127.95,1044.31,63.4,78.68,105,72.28,0
2026-09-04 20:00:00,Hostel B,29.29,58.83,202,148.16,1269.96,52.51,80.93,156,58.99,0
2026-09-04 21:00:00,Library,28.47,39.75,422,93.37,702.32,48.63,89.98,215,90.26,0
2026-09-04 22:00:00,Library,29.52,69.54,168,58.23,989.72,110.45,96.77,104,54.47,0
2026-09-04 23:00:00,Hostel A,26.75,54.08,461,87.67,840.68,72.52,43.97,193,87.61,0
2026-09-05 00:00:00,Computer Science Block,28.23,63.46,433,94.01,1122.94,108.08,40.64,102,71.53,0
2026-09-05 01:00:00,Admin Block,23.09,60.68,135,87.71,567.02,84.5,99.23,207,57.48,0
2026-09-05 02:00:00,Laboratory,26.72,75.38,410,77.17,854.89,128.1,22.79,132,54.07,0
2026-09-05 03:00:00,Admin Block,33.56,58.75,472,86.49,687.9,47.67,13.75,180,48.27,0
2026-09-05 04:00:00,Library,29.28,59.85,339,104.58,833.84,104.91,44.66,39,31.2,0
2026-09-05 05:00:00,Auditorium,27.92,75.79,277,84.29,1069.92,72.07,17.92,96,73.45,0
2026-09-05 06:00:00,Laboratory,35.58,53.42,390,209.86,845.06,42.21,44.49,120,61.81,0
2026-09-05 07:00:00,Hostel A,22.56,68.14,470,71.01,659.36,66.32,47.04,109,53.6,0
2026-09-05 08:00:00,Laboratory,23.56,58.01,403,135.4,1077.42,20.0,67.49,35,42.29,0
2026-09-05 09:00:00,Auditorium,34.85,49.97,98,101.07,977.63,35.29,76.97,104,30.07,0
2026-09-05 10:00:00,Admin Block,28.18,60.01,250,138.79,909.6,96.49,68.3,229,77.3,0
2026-09-05 11:00:00,Admin Block,27.03,66.92,376,111.53,549.38,78.13,73.65,129,90.18,0
2026-09-05 12:00:00,Computer Science Block,23.2,73.54,138,149.78,973.57,94.26,43.21,147,54.61,0
2026-09-05 13:00:00,Engineering Block,29.79,74.75,93,106.01,686.92,88.47,51.09,198,67.88,0
2026-09-05 14:00:00,Laboratory,30.18,57.05,28,123.06,602.14,79.37,74.29,131,71.87,0
2026-09-05 15:00:00,Library,23.62,50.13,298,42.74,619.1,104.01,23.27,107,47.3,0
2026-09-05 16:00:00,Auditorium,27.44,56.81,289,71.88,995.75,44.89,74.08,246,64.16,0
2026-09-05 17:00:00,Auditorium,26.66,48.18,73,65.6,964.98,104.12,95.64,31,76.6,0
2026-09-05 18:00:00,Auditorium,29.02,57.83,399,173.07,853.79,75.12,25.81,115,91.34,0
2026-09-05 19:00:00,Library,23.52,56.58,64,152.62,311.38,81.5,45.5,148,86.47,0
2026-09-05 20:00:00,Engineering Block,33.01,67.27,244,126.82,1119.27,115.51,62.32,71,90.85,0
2026-09-05 21:00:00,Admin Block,31.66,37.94,35,156.59,1062.48,44.43,74.63,195,99.78,0
2026-09-05 22:00:00,Computer Science Block,26.55,52.66,231,84.52,711.9,94.85,32.68,31,48.36,0
2026-09-05 23:00:00,Computer Science Block,27.13,52.74,219,172.06,1190.31,53.93,62.61,164,80.86,0
2026-09-06 00:00:00,Library,27.45,71.87,260,123.39,604.59,115.41,94.15,190,69.29,0
2026-09-06 01:00:00,Computer Science Block,24.89,48.86,121,111.66,872.84,125.65,42.17,167,71.02,0
2026-09-06 02:00:00,Auditorium,26.23,62.27,114,155.52,876.5,97.51,61.21,156,50.27,0
2026-09-06 03:00:00,Hostel B,26.92,58.72,384,153.43,909.02,105.01,66.17,75,89.42,0
2026-09-06 04:00:00,Engineering Block,34.45,70.43,204,70.32,501.93,27.97,89.86,117,85.24,0
2026-09-06 05:00:00,Admin Block,31.79,65.96,155,150.16,457.6,63.77,37.99,236,87.5,0
2026-09-06 06:00:00,Hostel B,31.74,61.21,44,113.95,826.95,80.03,88.57,87,99.79,0
2026-09-06 07:00:00,Engineering Block,29.48,54.45,444,129.71,630.91,88.53,70.61,137,51.63,0
2026-09-06 08:00:00,Hostel A,23.53,41.48,337,105.58,932.87,68.37,74.52,171,98.23,0
2026-09-06 09:00:00,Laboratory,27.83,62.47,352,81.6,881.68,68.17,15.97,55,44.67,0
2026-09-06 10:00:00,Library,31.88,65.3,421,72.64,1181.87,61.01,42.09,195,36.35,0
2026-09-06 11:00:00,Auditorium,22.97,44.25,69,98.3,1174.99,80.87,20.62,12,30.72,0
2026-09-06 12:00:00,Computer Science Block,30.55,47.66,188,135.26,862.76,57.52,60.54,93,46.4,0
2026-09-06 13:00:00,Hostel A,37.29,62.52,309,128.92,1222.8,31.4,85.39,26,51.88,0
2026-09-06 14:00:00,Computer Science Block,32.25,63.39,119,127.11,902.11,20.0,46.9,70,51.64,0
2026-09-06 15:00:00,Hostel B,33.66,50.09,389,147.89,839.51,92.66,30.3,172,95.1,0
2026-09-06 16:00:00,Admin Block,28.87,54.26,100,118.05,1276.77,82.54,37.41,50,51.92,0
2026-09-06 17:00:00,Admin Block,31.87,41.64,31,186.33,612.64,79.68,61.59,14,76.15,0
2026-09-06 18:00:00,Admin Block,25.13,73.77,227,133.2,462.52,104.26,79.08,86,98.98,0
2026-09-06 19:00:00,Auditorium,31.18,47.0,96,85.46,791.89,40.64,72.09,221,50.58,0
2026-09-06 20:00:00,Computer Science Block,30.62,65.42,94,73.16,896.37,76.51,94.8,118,98.27,0
2026-09-06 21:00:00,Hostel A,29.16,59.65,481,131.64,1007.03,115.65,89.55,212,83.39,0
2026-09-06 22:00:00,Admin Block,33.26,72.9,189,112.48,565.26,70.29,19.44,211,86.88,0
2026-09-06 23:00:00,Hostel A,25.84,52.08,330,79.55,810.41,74.8,73.33,203,69.81,0
2026-09-07 00:00:00,Computer Science Block,27.25,60.61,367,114.49,544.84,104.48,45.43,208,84.43,0
2026-09-07 01:00:00,Auditorium,28.38,43.02,462,100.72,778.28,73.68,40.25,100,72.7,0
2026-09-07 02:00:00,Hostel B,23.88,40.61,198,104.47,1184.77,34.73,52.83,199,63.93,0
2026-09-07 03:00:00,Auditorium,28.91,65.96,107,167.51,886.5,76.36,78.96,133,89.79,0
2026-09-07 04:00:00,Hostel A,21.12,42.15,456,145.13,612.15,63.28,47.51,60,87.45,0
2026-09-07 05:00:00,Auditorium,32.19,57.72,484,156.67,358.31,49.06,83.9,47,57.72,0
2026-09-07 06:00:00,Auditorium,28.19,70.11,284,180.09,757.6,113.95,52.47,219,32.9,0
2026-09-07 07:00:00,Hostel B,25.92,67.47,241,124.38,844.88,85.18,15.43,167,94.82,0
2026-09-07 08:00:00,Computer Science Block,24.66,53.35,22,128.84,850.93,104.28,66.73,69,84.76,0
2026-09-07 09:00:00,Computer Science Block,27.06,44.11,137,131.43,519.44,41.28,80.27,240,90.05,0
2026-09-07 10:00:00,Library,30.75,65.09,155,158.84,897.39,71.9,38.44,176,31.66,0
2026-09-07 11:00:00,Auditorium,30.19,73.42,485,156.9,401.76,102.81,29.99,88,91.18,0
2026-09-07 12:00:00,Computer Science Block,25.18,53.38,206,99.46,879.84,91.82,67.62,212,62.82,0
2026-09-07 13:00:00,Computer Science Block,24.62,51.97,49,79.98,811.39,111.06,41.74,233,93.73,0
2026-09-07 14:00:00,Engineering Block,30.63,54.75,86,82.37,1015.12,68.61,91.52,49,78.45,0
2026-09-07 15:00:00,Admin Block,25.11,65.72,330,121.81,1125.83,82.86,79.01,39,59.8,0
2026-09-07 16:00:00,Library,28.24,72.29,437,76.85,266.31,84.89,51.51,41,38.66,0
2026-09-07 17:00:00,Laboratory,28.5,47.6,398,132.72,1016.65,87.07,97.8,69,69.03,0
2026-09-07 18:00:00,Library,29.25,45.02,318,45.55,1114.7,82.55,41.01,179,79.62,0
2026-09-07 19:00:00,Library,31.43,83.4,431,185.46,1021.56,69.35,50.02,59,93.28,0
2026-09-07 20:00:00,Laboratory,22.95,58.23,440,72.0,714.69,99.72,68.4,166,91.97,0
2026-09-07 21:00:00,Engineering Block,20.36,62.53,236,97.17,1123.95,96.43,56.08,25,48.11,0
2026-09-07 22:00:00,Auditorium,25.73,53.08,177,239.1940495633956,1332.8453717138277,162.05641482573208,40.99,30,35.25,1
2026-09-07 23:00:00,Hostel B,35.21,64.9,90,171.24,578.9,62.28,47.6,18,62.88,0
2026-09-08 00:00:00,Computer Science Block,36.09,69.6,337,119.75,845.41,73.01,87.73,150,49.35,0
2026-09-08 01:00:00,Admin Block,35.32,63.0,129,82.69,820.54,41.55,27.84,92,52.22,0
2026-09-08 02:00:00,Hostel A,27.23,77.41,304,117.48,1068.16,68.33,38.59,39,76.72,0
2026-09-08 03:00:00,Auditorium,20.87,56.73,390,121.57,679.62,80.65,27.87,197,82.26,0
2026-09-08 04:00:00,Laboratory,18.63,57.37,277,133.54,884.01,103.9,56.1,243,81.35,0
2026-09-08 05:00:00,Hostel B,25.54,62.31,109,81.69,563.26,63.9,24.48,239,87.21,0
2026-09-08 06:00:00,Auditorium,27.21,64.65,380,150.96,1183.95,68.48,25.4,20,33.04,0
2026-09-08 07:00:00,Laboratory,33.2,62.28,76,124.55,996.68,103.21,85.09,65,97.58,0
2026-09-08 08:00:00,Computer Science Block,31.47,47.16,460,171.34,282.36,111.02,73.27,114,53.69,0
2026-09-08 09:00:00,Engineering Block,28.91,63.13,317,113.93,1147.81,74.55,26.97,107,55.7,0
2026-09-08 10:00:00,Auditorium,24.44,56.26,68,117.36,890.63,96.16,44.8,106,74.24,0
2026-09-08 11:00:00,Laboratory,24.16,54.19,204,114.2,872.26,59.07,92.52,25,45.78,0
2026-09-08 12:00:00,Computer Science Block,29.02,60.32,218,163.81,1298.81,84.49,88.31,220,77.45,0
2026-09-08 13:00:00,Computer Science Block,30.79,50.38,37,143.97,441.19,79.15,68.9,30,48.37,0
2026-09-08 14:00:00,Engineering Block,29.57,48.65,217,94.41,958.45,53.21,35.56,179,79.13,0
2026-09-08 15:00:00,Library,23.86,33.85,251,213.64,761.12,87.75,43.6,50,87.25,0
2026-09-08 16:00:00,Auditorium,30.6,77.47,46,97.55,621.38,68.51,68.79,248,93.02,0
2026-09-08 17:00:00,Auditorium,29.7,65.56,137,101.62,1185.98,123.54,60.44,107,58.58,0
2026-09-08 18:00:00,Library,23.72,58.83,73,153.73,630.86,64.8,60.46,22,86.49,0
2026-09-08 19:00:00,Admin Block,24.86,53.33,171,114.38,702.11,37.83,48.1,173,62.56,0
2026-09-08 20:00:00,Admin Block,30.75,31.24,244,82.26,924.28,81.67,18.12,220,47.21,0
2026-09-08 21:00:00,Library,27.06,52.71,498,163.13,1149.08,97.74,20.94,240,81.21,0
2026-09-08 22:00:00,Hostel B,34.36,67.16,181,190.09,769.65,72.96,85.18,96,50.62,0
2026-09-08 23:00:00,Hostel A,30.0,69.42,169,84.12,1052.55,91.12,89.57,24,41.95,0
2026-09-09 00:00:00,Computer Science Block,26.05,66.42,235,162.86,1271.17,99.61,90.43,129,38.48,0
2026-09-09 01:00:00,Hostel A,27.96,61.58,338,102.7,1293.22,71.36,52.71,107,57.84,0
2026-09-09 02:00:00,Computer Science Block,28.25,73.04,439,47.13,1159.83,145.06,94.2,213,82.22,0
2026-09-09 03:00:00,Library,25.09,56.71,367,142.81,1159.67,73.77,85.39,217,86.97,0
2026-09-09 04:00:00,Admin Block,24.35,70.85,359,54.5,1095.74,127.13,44.57,246,88.42,0
2026-09-09 05:00:00,Hostel B,30.81,56.15,336,94.44,518.07,104.05,30.07,150,59.96,0
2026-09-09 06:00:00,Admin Block,31.38,51.19,357,110.37,952.36,121.91,75.57,118,32.65,0
2026-09-09 07:00:00,Hostel A,30.42,49.94,61,118.85,958.72,99.18,75.28,70,42.49,0
2026-09-09 08:00:00,Admin Block,34.06,49.36,371,158.26,994.35,91.36,90.12,233,43.67,0
2026-09-09 09:00:00,Library,25.83,66.59,180,98.53,632.16,60.97,14.54,168,65.27,0
2026-09-09 10:00:00,Hostel B,34.7,52.57,93,168.85,995.0,69.33,41.73,149,94.11,0
2026-09-09 11:00:00,Hostel A,24.4,49.67,412,116.8,1105.99,56.65,13.14,47,39.12,0
2026-09-09 12:00:00,Hostel B,23.95,67.14,394,81.98,920.64,89.29,28.93,74,32.36,0
2026-09-09 13:00:00,Auditorium,20.96,63.28,44,140.8,584.31,108.57,45.96,167,30.03,0
2026-09-09 14:00:00,Computer Science Block,26.22,69.63,416,183.01,702.28,85.51,21.08,236,93.04,0
2026-09-09 15:00:00,Admin Block,25.99,65.13,322,103.88,951.07,96.32,84.01,230,87.55,0
2026-09-09 16:00:00,Hostel B,30.1,52.47,261,83.46,886.99,110.9,28.26,188,97.41,0
2026-09-09 17:00:00,Engineering Block,28.98,60.76,397,99.82,492.46,65.91,47.02,218,79.02,0
2026-09-09 18:00:00,Auditorium,23.23,61.25,192,59.22,933.5,98.19,82.15,105,72.75,0
2026-09-09 19:00:00,Admin Block,26.43,50.81,408,266.8557045940246,1053.8521341667927,162.01597288295025,20.51,100,38.62,1
2026-09-09 20:00:00,Computer Science Block,26.51,48.95,306,65.67,596.37,103.21,65.77,14,70.3,0
2026-09-09 21:00:00,Hostel B,20.9,53.19,178,142.45,569.73,117.68,94.65,74,85.36,0
2026-09-09 22:00:00,Hostel A,24.08,80.37,373,110.68,479.9,112.51,50.89,209,90.85,0
2026-09-09 23:00:00,Computer Science Block,24.92,55.87,237,144.28,315.7,57.56,31.61,74,90.91,0
2026-09-10 00:00:00,Engineering Block,33.73,72.33,474,241.19092466635172,950.0312668424241,134.59120581961147,94.89,232,51.24,1
2026-09-10 01:00:00,Hostel B,28.77,55.31,444,137.0,887.14,92.97,14.88,37,43.3,0
2026-09-10 02:00:00,Laboratory,30.65,68.89,134,85.43,904.2,82.81,38.04,134,40.39,0
2026-09-10 03:00:00,Laboratory,22.01,69.02,449,129.76,767.76,25.35,83.56,84,75.08,0
2026-09-10 04:00:00,Library,32.78,69.53,260,97.02,768.6,20.36,23.85,44,34.9,0
2026-09-10 05:00:00,Admin Block,33.2,63.88,327,141.34,862.96,30.02,17.57,157,90.94,0
2026-09-10 06:00:00,Hostel A,20.01,73.77,231,114.96,687.41,104.1,51.22,88,86.55,0
2026-09-10 07:00:00,Library,25.18,63.78,382,262.0279800125399,1386.2759264500862,138.7895622667626,39.86,223,30.49,1
2026-09-10 08:00:00,Hostel B,29.98,77.14,105,111.18,916.31,73.3,81.74,50,71.13,0
2026-09-10 09:00:00,Laboratory,30.58,43.8,152,93.8,1130.43,65.45,40.34,147,74.32,0
2026-09-10 10:00:00,Laboratory,25.29,63.48,287,124.74,635.76,100.63,70.28,236,93.43,0
2026-09-10 11:00:00,Laboratory,26.78,62.83,296,202.06,871.47,96.68,60.42,78,67.44,0
2026-09-10 12:00:00,Hostel B,25.61,50.63,284,157.71,609.64,41.7,63.73,234,33.62,0
2026-09-10 13:00:00,Laboratory,28.44,65.8,112,91.95,959.62,56.42,56.0,223,77.84,0
2026-09-10 14:00:00,Computer Science Block,32.79,45.1,110,119.88,1477.0,70.9,22.19,149,54.47,0
2026-09-10 15:00:00,Auditorium,24.92,53.46,164,96.7,997.16,67.16,15.58,90,65.67,0
2026-09-10 16:00:00,Hostel B,32.0,40.01,379,89.53,947.47,72.46,58.95,235,46.75,0
2026-09-10 17:00:00,Hostel A,24.87,75.59,171,120.51,958.74,64.65,68.45,18,90.23,0
2026-09-10 18:00:00,Auditorium,24.61,57.68,174,110.96,887.29,59.97,75.28,117,71.17,0
2026-09-10 19:00:00,Library,31.27,81.67,155,83.56,776.81,89.51,74.99,239,82.16,0
2026-09-10 20:00:00,Hostel A,31.69,68.03,272,220.22372691884917,910.9354445298661,150.7655826062235,76.63,160,40.53,1
2026-09-10 21:00:00,Auditorium,31.41,64.48,447,121.88,850.23,30.23,11.83,76,69.55,0
2026-09-10 22:00:00,Engineering Block,22.74,54.14,337,99.76,829.13,63.47,30.11,140,51.11,0
2026-09-10 23:00:00,Laboratory,26.14,49.54,48,119.46,818.39,32.7,75.66,33,31.79,0
2026-09-11 00:00:00,Engineering Block,31.29,65.23,102,95.55,908.52,118.65,21.12,45,81.0,0
2026-09-11 01:00:00,Admin Block,28.17,59.28,349,136.38,988.6,79.56,26.79,197,98.54,0
2026-09-11 02:00:00,Admin Block,23.71,46.61,427,95.96,952.96,70.46,69.36,113,80.95,0
2026-09-11 03:00:00,Auditorium,29.83,44.83,53,228.01373302565975,1203.8955038172417,159.92593658249064,82.74,58,35.88,1
2026-09-11 04:00:00,Engineering Block,25.14,50.41,335,174.69527423584833,1816.3866282923025,211.7843460486827,24.62,205,74.1,1
2026-09-11 05:00:00,Hostel B,35.18,78.21,123,44.9,651.58,32.54,59.57,12,88.01,0
2026-09-11 06:00:00,Hostel A,34.18,82.13,434,110.76,446.66,59.06,26.32,136,41.29,0
2026-09-11 07:00:00,Engineering Block,30.42,62.05,390,240.38560651341805,1356.4309043715175,129.83233227304223,28.77,217,98.66,1
2026-09-11 08:00:00,Admin Block,33.44,61.49,407,100.66,851.46,50.31,53.38,125,73.65,0
2026-09-11 09:00:00,Engineering Block,28.26,56.64,252,113.13,418.83,63.11,70.65,73,98.74,0
2026-09-11 10:00:00,Hostel B,31.06,50.66,256,141.86,874.84,35.22,61.68,109,74.11,0
2026-09-11 11:00:00,Engineering Block,33.91,73.75,242,173.2,894.22,57.14,18.32,196,76.81,0
2026-09-11 12:00:00,Hostel A,28.98,78.74,412,160.38,1055.72,59.53,35.7,245,83.17,0
2026-09-11 13:00:00,Library,26.98,51.07,109,123.81,938.81,120.58,94.43,62,86.27,0
2026-09-11 14:00:00,Hostel B,21.18,59.17,352,139.59,519.79,95.76,66.49,45,91.49,0
2026-09-11 15:00:00,Admin Block,27.67,55.5,396,123.15,925.39,45.96,69.23,45,82.65,0
2026-09-11 16:00:00,Hostel A,31.29,55.8,259,67.42,857.63,66.36,29.0,234,62.16,0
2026-09-11 17:00:00,Engineering Block,31.78,71.86,237,164.32,954.72,87.9,96.24,219,47.77,0
2026-09-11 18:00:00,Engineering Block,30.02,46.88,201,166.06,1114.67,60.37,28.59,120,57.8,0
2026-09-11 19:00:00,Library,25.83,64.66,276,61.33,674.26,63.23,32.6,219,94.39,0
2026-09-11 20:00:00,Admin Block,20.09,67.28,251,106.61,775.17,120.77,55.91,191,90.41,0
2026-09-11 21:00:00,Admin Block,26.02,58.58,208,173.71,844.47,49.28,54.64,134,55.36,0
2026-09-11 22:00:00,Computer Science Block,26.78,68.93,348,127.67,734.71,132.01,12.94,199,59.63,0
2026-09-11 23:00:00,Admin Block,26.75,61.48,434,85.02,365.05,48.9,76.94,15,50.6,0
2026-09-12 00:00:00,Library,30.47,72.17,363,162.64,1063.82,27.21,18.68,32,73.54,0
2026-09-12 01:00:00,Laboratory,35.94,44.78,274,124.06,323.65,120.67,14.86,120,55.2,0
2026-09-12 02:00:00,Computer Science Block,28.49,56.51,64,165.34,923.23,87.45,55.64,135,86.24,0
2026-09-12 03:00:00,Computer Science Block,27.13,59.28,335,122.99,529.89,76.11,14.34,205,63.32,0
2026-09-12 04:00:00,Engineering Block,26.96,33.28,105,44.58,597.53,89.66,28.06,228,45.41,0
2026-09-12 05:00:00,Engineering Block,28.5,49.14,220,183.24,1005.62,43.93,45.19,241,61.2,0
2026-09-12 06:00:00,Admin Block,24.69,51.86,378,81.24,1162.28,66.08,64.28,184,81.46,0
2026-09-12 07:00:00,Computer Science Block,28.48,69.48,362,104.7,929.88,103.85,80.45,242,61.76,0
2026-09-12 08:00:00,Auditorium,29.8,52.93,231,162.04,783.63,62.83,36.06,78,70.05,0
2026-09-12 09:00:00,Engineering Block,28.84,51.82,138,199.83,808.34,62.39,52.41,245,93.98,0
2026-09-12 10:00:00,Library,29.83,68.17,317,117.7,1165.81,108.76,95.87,144,79.91,0
2026-09-12 11:00:00,Auditorium,29.73,43.82,488,132.52,1144.3,78.66,45.12,176,99.78,0
2026-09-12 12:00:00,Engineering Block,20.91,39.29,174,78.5,975.85,88.82,73.87,188,35.36,0
2026-09-12 13:00:00,Hostel B,30.55,56.38,205,110.31,1145.67,44.43,34.42,152,82.53,0
2026-09-12 14:00:00,Hostel B,25.32,45.52,216,158.42,733.04,80.04,66.09,193,81.29,0
2026-09-12 15:00:00,Engineering Block,23.62,45.9,356,130.78,1024.04,114.71,82.43,173,37.62,0
2026-09-12 16:00:00,Computer Science Block,23.58,65.73,220,180.72,530.37,34.89,92.28,144,97.62,0
2026-09-12 17:00:00,Laboratory,29.73,68.76,437,71.12,724.45,55.58,94.38,13,89.17,0
2026-09-12 18:00:00,Laboratory,27.11,67.89,285,69.67,751.81,110.37,37.18,29,65.82,0
2026-09-12 19:00:00,Computer Science Block,21.27,71.09,398,96.04,1138.72,89.6,28.08,207,45.43,0
2026-09-12 20:00:00,Hostel A,29.91,72.41,255,97.73,797.79,59.74,83.26,13,43.05,0
2026-09-12 21:00:00,Laboratory,22.24,38.71,213,153.49,1088.09,77.72,66.67,241,38.93,0
2026-09-12 22:00:00,Hostel B,28.56,64.5,386,105.62,706.51,72.46,47.3,113,43.54,0
2026-09-12 23:00:00,Library,28.95,54.7,44,78.78,1036.96,23.86,13.26,145,94.73,0
2026-09-13 00:00:00,Computer Science Block,31.54,52.53,278,133.91,984.78,81.53,37.69,145,74.44,0
2026-09-13 01:00:00,Admin Block,35.13,65.6,437,93.09,298.29,41.03,20.02,139,38.73,0
2026-09-13 02:00:00,Hostel B,22.54,42.7,90,81.72,1100.29,86.81,54.28,144,94.52,0
2026-09-13 03:00:00,Library,27.79,42.49,47,157.1,715.55,40.18,84.47,173,33.77,0
2026-09-13 04:00:00,Library,26.89,66.34,412,165.29,541.94,101.56,38.13,219,58.64,0
2026-09-13 05:00:00,Computer Science Block,29.73,64.88,30,154.26,630.51,77.49,42.18,31,81.98,0
2026-09-13 06:00:00,Library,28.86,61.37,368,90.8,710.45,50.11,80.49,224,87.54,0
2026-09-13 07:00:00,Computer Science Block,26.59,51.2,137,99.37,640.84,50.51,51.05,163,89.02,0
2026-09-13 08:00:00,Laboratory,26.24,67.44,399,139.04,629.2,62.54,70.14,68,96.16,0
2026-09-13 09:00:00,Engineering Block,23.53,66.8,227,145.98,788.37,77.45,26.98,60,48.75,0
2026-09-13 10:00:00,Hostel B,31.95,60.85,442,111.96,957.51,72.31,32.58,38,56.77,0
2026-09-13 11:00:00,Hostel A,29.84,48.23,112,162.18,1139.23,86.41,67.15,16,74.37,0
2026-09-13 12:00:00,Engineering Block,31.67,55.75,160,48.41,1250.24,84.48,20.08,72,91.36,0
2026-09-13 13:00:00,Hostel B,26.76,68.38,374,245.59913243421136,2923.741591795635,205.3176850904318,25.77,24,72.07,1
2026-09-13 14:00:00,Computer Science Block,25.37,73.27,30,197.54,927.74,132.75,38.59,168,49.05,0
2026-09-13 15:00:00,Hostel B,23.69,56.73,310,119.5,812.68,73.93,26.24,199,86.14,0
2026-09-13 16:00:00,Laboratory,29.44,57.5,258,103.28,1029.73,75.54,97.79,97,93.14,0
2026-09-13 17:00:00,Computer Science Block,23.84,58.38,283,136.6,564.15,89.5,33.05,117,30.58,0
2026-09-13 18:00:00,Engineering Block,35.39,62.75,282,86.53,792.91,60.32,95.91,202,30.35,0
2026-09-13 19:00:00,Admin Block,22.77,54.19,88,38.4,949.83,45.24,86.17,73,96.78,0
2026-09-13 20:00:00,Admin Block,29.09,31.06,89,225.09,616.12,59.78,39.94,67,68.96,0
2026-09-13 21:00:00,Auditorium,34.27,71.93,204,89.94,1096.24,79.37,59.39,175,36.18,0
2026-09-13 22:00:00,Auditorium,30.4,77.95,390,127.78,967.41,85.81,40.42,103,54.95,0
2026-09-13 23:00:00,Hostel B,28.7,53.88,143,126.08,756.87,130.04,73.28,144,69.71,0
2026-09-14 00:00:00,Admin Block,24.13,49.33,438,137.33,951.32,39.31,42.58,59,73.77,0
2026-09-14 01:00:00,Computer Science Block,22.47,58.63,241,92.22,795.45,86.49,51.97,106,41.42,0
2026-09-14 02:00:00,Library,31.08,58.12,30,29.65,414.07,71.63,74.7,51,88.8,0
2026-09-14 03:00:00,Computer Science Block,34.02,69.96,185,97.06,1124.48,107.97,47.48,216,68.14,0
2026-09-14 04:00:00,Library,26.24,60.55,110,121.07,832.95,49.29,72.04,221,66.76,0
2026-09-14 05:00:00,Engineering Block,23.44,52.07,267,123.59,921.65,97.99,43.32,100,67.86,0
2026-09-14 06:00:00,Hostel A,18.17,46.82,360,174.71,1012.56,65.61,45.94,120,34.36,0
2026-09-14 07:00:00,Library,24.08,68.66,481,110.06,395.74,102.72,38.92,125,82.65,0
2026-09-14 08:00:00,Admin Block,27.55,66.0,324,127.29,816.51,77.84,99.05,199,35.64,0
2026-09-14 09:00:00,Computer Science Block,34.4,70.61,310,92.26,670.94,100.17,55.44,114,62.43,0
2026-09-14 10:00:00,Engineering Block,30.69,50.32,176,99.07,1199.29,88.14,29.98,194,71.23,0
2026-09-14 11:00:00,Admin Block,29.22,78.38,107,190.12,837.5,54.04,61.04,123,44.8,0
2026-09-14 12:00:00,Engineering Block,26.4,42.56,247,95.0,813.37,28.03,52.21,67,63.75,0
2026-09-14 13:00:00,Hostel A,25.67,67.1,444,106.75,746.83,117.46,80.1,5,50.05,0
2026-09-14 14:00:00,Laboratory,33.62,40.9,384,158.0,1241.77,72.27,94.22,133,79.67,0
2026-09-14 15:00:00,Computer Science Block,28.8,52.1,499,186.71,670.53,111.38,19.97,70,67.35,0
2026-09-14 16:00:00,Hostel B,19.59,75.61,153,148.36,595.06,77.93,98.31,248,36.48,0
2026-09-14 17:00:00,Computer Science Block,25.31,68.31,285,148.47,644.75,104.37,24.84,145,71.99,0
2026-09-14 18:00:00,Auditorium,24.57,54.54,103,76.18,692.65,55.45,34.6,86,39.54,0
2026-09-14 19:00:00,Hostel A,25.81,54.81,231,138.02,840.13,84.01,79.78,110,30.19,0
2026-09-14 20:00:00,Computer Science Block,30.25,61.01,237,109.24,1021.49,157.72,23.99,110,40.24,0
2026-09-14 21:00:00,Auditorium,27.57,65.14,360,136.55,644.4,55.34,83.57,241,30.3,0
2026-09-14 22:00:00,Hostel B,27.69,72.52,256,110.23,1219.21,95.23,70.61,89,99.16,0
2026-09-14 23:00:00,Library,33.25,55.44,170,100.01,928.32,78.83,82.48,198,74.37,0
2026-09-15 00:00:00,Engineering Block,25.21,43.88,193,68.96,489.27,90.06,60.71,220,73.79,0
2026-09-15 01:00:00,Hostel B,35.46,61.57,159,253.55092918988805,570.9422444578606,142.4389802433676,98.57,74,95.33,1
2026-09-15 02:00:00,Admin Block,25.31,55.43,74,126.02,854.34,35.0,63.36,68,38.93,0
2026-09-15 03:00:00,Hostel A,28.36,46.99,160,46.92,682.0,91.68,45.6,199,31.93,0
2026-09-15 04:00:00,Library,26.88,62.98,93,98.53,629.56,89.23,96.98,54,77.78,0
2026-09-15 05:00:00,Admin Block,28.49,57.87,154,110.74,697.54,120.33,16.63,82,73.25,0
2026-09-15 06:00:00,Admin Block,29.78,63.07,415,140.06,699.86,49.36,56.32,35,93.33,0
2026-09-15 07:00:00,Hostel A,29.74,51.06,336,99.35,911.75,87.07,66.89,226,52.62,0
2026-09-15 08:00:00,Library,24.99,64.87,428,142.0,965.78,50.75,41.09,141,68.68,0
2026-09-15 09:00:00,Laboratory,23.51,46.83,149,289.95996664577484,1385.7863004975447,198.4303280737561,18.28,69,69.52,1
2026-09-15 10:00:00,Admin Block,38.01,51.72,251,301.07725429611475,1406.5342371441345,177.51955064171955,46.9,106,47.96,1
2026-09-15 11:00:00,Admin Block,26.06,57.57,45,101.45,600.06,73.58,82.95,187,55.2,0
2026-09-15 12:00:00,Library,30.8,77.42,454,110.12,766.07,46.77,61.4,243,54.39,0
2026-09-15 13:00:00,Computer Science Block,21.57,67.85,88,139.96,896.07,80.04,78.21,33,89.11,0
2026-09-15 14:00:00,Admin Block,26.88,70.77,81,84.28,856.19,93.29,74.59,221,56.29,0
2026-09-15 15:00:00,Engineering Block,27.49,74.17,219,117.67,1037.88,107.15,35.79,43,73.62,0
2026-09-15 16:00:00,Library,29.89,95.0,476,154.65,868.45,47.12,32.82,216,56.17,0
2026-09-15 17:00:00,Admin Block,17.11,60.42,186,96.66,339.16,54.73,81.19,144,35.94,0
2026-09-15 18:00:00,Hostel A,28.66,74.2,487,131.48,704.74,53.46,25.31,38,94.8,0
2026-09-15 19:00:00,Hostel B,23.4,70.13,135,119.94,1247.58,74.23,60.88,154,35.51,0
2026-09-15 20:00:00,Engineering Block,29.3,69.96,390,171.39,693.9,64.78,96.08,240,30.7,0
2026-09-15 21:00:00,Auditorium,23.85,77.74,158,122.86,795.29,101.27,57.29,192,48.98,0
2026-09-15 22:00:00,Auditorium,24.58,55.81,251,138.68,313.24,93.61,82.6,210,49.43,0
2026-09-15 23:00:00,Hostel B,26.91,55.01,467,114.15,585.59,99.23,33.05,62,50.32,0
2026-09-16 00:00:00,Auditorium,23.79,63.2,233,101.87,669.77,110.78,15.22,224,86.11,0
2026-09-16 01:00:00,Hostel B,26.1,58.17,227,127.93,1330.45,42.53,41.34,67,50.08,0
2026-09-16 02:00:00,Admin Block,23.23,63.19,121,100.14,848.62,77.39,61.74,191,74.17,0
2026-09-16 03:00:00,Engineering Block,20.67,75.63,317,156.19,806.4,82.72,67.59,75,30.52,0
2026-09-16 04:00:00,Engineering Block,32.07,55.22,29,161.16,767.34,58.65,58.26,130,92.47,0
2026-09-16 05:00:00,Computer Science Block,22.82,56.95,492,122.52,522.35,78.68,48.96,10,48.2,0
2026-09-16 06:00:00,Hostel B,27.29,61.74,142,104.55,1115.34,90.52,98.69,40,67.63,0
2026-09-16 07:00:00,Engineering Block,31.01,57.72,294,127.97,412.71,66.6,71.97,36,69.78,0
2026-09-16 08:00:00,Computer Science Block,25.54,40.86,23,75.4,813.9,81.01,95.84,241,46.79,0
2026-09-16 09:00:00,Library,24.7,54.2,486,93.5,314.32,71.2,25.89,63,71.37,0
2026-09-16 10:00:00,Computer Science Block,28.9,66.87,278,81.81,702.53,95.16,99.96,222,90.68,0
2026-09-16 11:00:00,Hostel A,32.47,74.38,228,94.03,268.92,103.03,73.27,186,53.18,0
2026-09-16 12:00:00,Laboratory,23.32,48.45,417,98.53,648.52,93.06,97.48,74,95.36,0
2026-09-16 13:00:00,Admin Block,27.4,48.41,285,75.0,1074.58,116.82,64.54,38,46.42,0
2026-09-16 14:00:00,Library,21.07,60.3,281,110.68,481.96,20.0,23.86,175,38.25,0
2026-09-16 15:00:00,Laboratory,26.43,39.24,306,113.24,698.8,69.6,41.33,180,54.48,0
2026-09-16 16:00:00,Laboratory,28.14,55.55,50,140.05,1068.96,51.82,14.77,54,92.48,0
2026-09-16 17:00:00,Library,24.58,42.64,195,123.69,1391.5,118.78,23.63,161,41.3,0
2026-09-16 18:00:00,Hostel A,26.17,73.69,28,169.43,907.89,48.46,99.86,10,59.11,0
2026-09-16 19:00:00,Computer Science Block,22.37,52.31,223,140.61,731.22,115.44,92.43,69,73.7,0
2026-09-16 20:00:00,Admin Block,28.31,76.53,127,201.97,770.81,72.06,91.16,140,87.1,0
2026-09-16 21:00:00,Computer Science Block,32.22,71.14,143,79.75,674.15,61.88,10.18,125,93.36,0
2026-09-16 22:00:00,Engineering Block,23.61,53.54,257,154.91,792.4,87.38,50.55,76,99.43,0
2026-09-16 23:00:00,Computer Science Block,25.51,49.28,429,65.11,1590.04,128.76,80.38,158,89.17,0
2026-09-17 00:00:00,Auditorium,30.01,58.06,149,157.1,1087.62,57.8,30.4,154,30.67,0
2026-09-17 01:00:00,Library,32.85,58.95,253,133.42,998.18,86.3,47.81,113,57.5,0
2026-09-17 02:00:00,Admin Block,22.03,63.46,23,112.09,939.87,88.93,28.44,20,89.8,0
2026-09-17 03:00:00,Computer Science Block,27.32,52.23,499,127.36,877.59,54.9,72.34,206,98.33,0
2026-09-17 04:00:00,Admin Block,29.13,67.46,239,102.82,881.85,63.78,73.36,149,34.17,0
2026-09-17 05:00:00,Admin Block,27.59,62.65,281,99.51,1258.1,66.21,35.44,241,53.79,0
2026-09-17 06:00:00,Engineering Block,18.09,56.6,49,135.31,885.84,82.6,52.96,76,75.56,0
2026-09-17 07:00:00,Engineering Block,30.0,52.88,458,63.3,794.95,43.91,50.65,118,58.61,0
2026-09-17 08:00:00,Library,34.08,58.15,431,131.53,588.91,80.81,80.02,88,40.97,0
2026-09-17 09:00:00,Hostel A,28.47,51.83,336,115.61,884.58,50.96,70.77,245,92.96,0
2026-09-17 10:00:00,Auditorium,23.88,60.58,96,108.56,699.31,74.88,16.14,197,51.3,0
2026-09-17 11:00:00,Laboratory,25.95,60.85,202,102.77,806.88,51.14,23.6,185,47.9,0
2026-09-17 12:00:00,Admin Block,35.08,62.62,385,128.27,610.14,113.0,85.6,112,70.01,0
2026-09-17 13:00:00,Hostel A,31.64,77.66,311,156.11,866.01,86.62,96.9,64,89.13,0
2026-09-17 14:00:00,Laboratory,30.56,58.68,477,197.99,685.45,60.0,67.27,35,63.37,0
2026-09-17 15:00:00,Laboratory,29.43,70.05,221,159.21,532.44,122.13,42.83,130,37.85,0
2026-09-17 16:00:00,Auditorium,25.36,62.3,408,149.1,1165.6,41.72,29.9,154,61.36,0
2026-09-17 17:00:00,Library,27.2,57.62,176,92.43,486.99,79.31,76.92,111,36.93,0
2026-09-17 18:00:00,Laboratory,27.69,58.81,119,99.12,654.21,90.82,67.46,29,42.17,0
2026-09-17 19:00:00,Auditorium,30.2,59.41,415,119.84,944.58,72.33,91.8,247,60.54,0
2026-09-17 20:00:00,Laboratory,34.04,62.8,141,135.54,1100.0,76.28,91.28,80,38.01,0
2026-09-17 21:00:00,Admin Block,32.47,50.41,425,104.16,842.72,62.5,37.65,161,76.91,0
2026-09-17 22:00:00,Admin Block,22.32,45.35,334,161.5,819.26,58.29,82.26,70,68.07,0
2026-09-17 23:00:00,Hostel B,28.9,66.54,129,96.48,521.9,101.63,32.82,18,54.03,0
2026-09-18 00:00:00,Hostel A,30.95,68.98,186,75.92,677.58,82.27,80.38,54,41.13,0
2026-09-18 01:00:00,Computer Science Block,30.48,67.46,149,156.27,426.81,87.72,25.13,92,65.91,0
2026-09-18 02:00:00,Auditorium,25.48,61.55,289,128.27,806.8,96.29,41.29,29,85.89,0
2026-09-18 03:00:00,Engineering Block,39.66,67.67,157,109.96,970.05,64.32,17.73,115,82.45,0
2026-09-18 04:00:00,Auditorium,22.89,67.13,195,72.02,946.92,62.42,36.62,28,98.07,0
2026-09-18 05:00:00,Computer Science Block,23.67,67.88,83,154.47,407.58,61.5,38.63,144,65.02,0
2026-09-18 06:00:00,Hostel A,28.93,51.4,150,203.26,1004.7,81.14,70.18,7,74.21,0
2026-09-18 07:00:00,Engineering Block,36.47,49.03,347,137.32,1172.2,128.46,74.37,83,47.05,0
2026-09-18 08:00:00,Computer Science Block,24.66,56.11,207,97.76,755.79,80.96,62.92,49,84.03,0
2026-09-18 09:00:00,Hostel B,26.94,59.83,484,128.32,1243.99,20.0,79.31,78,65.0,0
2026-09-18 10:00:00,Engineering Block,32.31,57.58,471,139.7,736.91,86.9,50.64,142,63.08,0
2026-09-18 11:00:00,Admin Block,27.93,41.23,296,137.44,462.88,89.21,66.51,44,50.92,0
2026-09-18 12:00:00,Computer Science Block,26.66,77.22,369,91.54,812.58,104.65,42.33,46,52.28,0
2026-09-18 13:00:00,Auditorium,30.26,57.26,166,102.32,774.76,112.13,56.92,31,44.53,0
2026-09-18 14:00:00,Engineering Block,29.09,61.73,354,93.86,1114.13,151.71,22.7,194,96.19,0
2026-09-18 15:00:00,Hostel B,32.12,72.45,39,253.88306622973255,880.5319979267565,110.17011887258282,64.99,10,46.66,1
2026-09-18 16:00:00,Auditorium,33.17,36.55,333,117.76,948.94,85.97,28.44,170,32.7,0
2026-09-18 17:00:00,Laboratory,29.23,54.88,61,160.3,419.66,88.4,51.48,162,59.58,0
2026-09-18 18:00:00,Engineering Block,29.17,56.13,369,128.65,713.27,71.36,69.89,141,97.8,0
2026-09-18 19:00:00,Engineering Block,28.86,56.64,413,144.93,755.03,74.12,48.51,236,32.12,0
2026-09-18 20:00:00,Hostel B,29.96,58.27,426,110.6,723.72,61.97,30.08,37,48.08,0
2026-09-18 21:00:00,Laboratory,28.22,74.47,363,56.79,458.77,69.88,69.96,155,47.54,0
2026-09-18 22:00:00,Computer Science Block,28.0,66.73,159,303.2425183551484,1120.1344763834622,107.82916237106375,86.73,25,67.28,1
2026-09-18 23:00:00,Library,32.79,69.58,28,124.39,857.49,92.18,55.04,119,82.95,0
2026-09-19 00:00:00,Computer Science Block,34.06,60.47,98,134.46,1115.84,90.52,60.19,69,58.99,0
2026-09-19 01:00:00,Laboratory,21.97,46.01,432,148.59,658.61,51.92,45.18,236,53.02,0
2026-09-19 02:00:00,Hostel A,28.04,39.2,357,129.02,595.12,46.37,62.49,115,49.95,0
2026-09-19 03:00:00,Auditorium,25.25,44.71,167,55.03,1415.99,67.86,54.58,80,94.23,0
2026-09-19 04:00:00,Hostel B,26.76,63.6,212,107.69,317.93,119.4,77.19,167,95.84,0
2026-09-19 05:00:00,Computer Science Block,29.61,60.32,278,103.15,659.14,89.97,31.62,178,70.58,0
2026-09-19 06:00:00,Engineering Block,30.68,57.9,155,104.31,585.69,83.69,53.76,155,91.65,0
2026-09-19 07:00:00,Hostel B,27.55,56.31,58,112.77,429.84,98.4,38.46,122,99.14,0
2026-09-19 08:00:00,Admin Block,20.35,80.12,339,257.04645801885096,1184.630548800451,82.71976830343492,18.5,102,69.61,1
2026-09-19 09:00:00,Laboratory,24.14,51.77,306,187.54,1122.75,98.21,44.79,102,50.84,0
2026-09-19 10:00:00,Auditorium,31.59,69.28,386,138.32,1110.28,65.31,95.78,223,53.52,0
2026-09-19 11:00:00,Computer Science Block,17.04,60.02,475,145.22,993.12,39.79,51.44,100,72.86,0
2026-09-19 12:00:00,Hostel B,32.75,59.39,482,103.63,1147.55,75.35,59.11,183,56.68,0
2026-09-19 13:00:00,Auditorium,30.08,71.77,398,380.3887417956677,1287.478871640802,179.55410155978925,76.8,151,65.69,1
2026-09-19 14:00:00,Computer Science Block,33.26,74.63,169,124.7,850.51,84.77,98.63,214,46.08,0
2026-09-19 15:00:00,Hostel B,27.21,57.6,371,119.47,910.63,77.04,47.06,204,99.55,0
2026-09-19 16:00:00,Engineering Block,19.75,67.99,24,57.4,1167.32,60.96,56.59,117,43.44,0
2026-09-19 17:00:00,Admin Block,29.72,63.64,255,144.78,749.08,75.99,97.17,231,93.98,0
2026-09-19 18:00:00,Admin Block,33.1,60.07,255,152.6,1149.53,133.93,48.59,180,90.82,0
2026-09-19 19:00:00,Hostel A,31.7,62.04,333,151.59,1244.73,99.4,81.13,117,86.73,0
2026-09-19 20:00:00,Hostel B,25.35,53.12,476,70.88,928.39,80.71,49.95,104,95.59,0
2026-09-19 21:00:00,Computer Science Block,28.35,56.94,124,152.88,1052.53,56.27,30.49,117,86.4,0
2026-09-19 22:00:00,Admin Block,25.87,54.19,226,109.11,555.03,29.97,94.27,181,54.68,0
2026-09-19 23:00:00,Laboratory,24.72,69.01,258,76.01,992.48,49.06,74.08,160,41.87,0
2026-09-20 00:00:00,Admin Block,31.82,59.05,338,195.52,991.55,71.48,87.72,232,65.27,0
2026-09-20 01:00:00,Library,23.21,47.02,336,172.95,914.51,55.38,20.45,106,30.38,0
2026-09-20 02:00:00,Library,24.42,52.77,71,142.81,1068.14,42.46,73.44,58,96.42,0
2026-09-20 03:00:00,Admin Block,23.58,28.01,127,138.34,891.28,76.01,67.64,240,89.93,0
2026-09-20 04:00:00,Hostel B,22.04,55.06,376,379.8878124809394,1182.9639284398127,83.31710816095185,53.56,248,87.47,1
2026-09-20 05:00:00,Hostel A,28.59,60.38,52,102.94,820.86,89.73,22.79,235,55.01,0
2026-09-20 06:00:00,Admin Block,32.65,58.64,41,206.89,828.54,100.88,47.33,44,38.04,0
2026-09-20 07:00:00,Engineering Block,27.26,79.8,326,121.48,847.63,121.5,65.59,182,79.78,0
2026-09-20 08:00:00,Auditorium,21.98,65.75,30,154.85,758.19,53.16,70.97,9,75.37,0
2026-09-20 09:00:00,Computer Science Block,31.36,65.3,146,138.87,747.57,64.12,20.53,42,87.63,0
2026-09-20 10:00:00,Hostel A,34.74,43.57,461,84.79,1009.78,53.33,49.94,181,65.66,0
2026-09-20 11:00:00,Engineering Block,25.42,56.35,69,120.7,862.02,103.8,48.3,209,40.6,0
2026-09-20 12:00:00,Hostel A,26.09,55.13,217,171.94,560.04,57.44,80.76,83,87.24,0
2026-09-20 13:00:00,Engineering Block,30.06,52.14,36,92.94,990.75,67.9,13.71,200,79.16,0
2026-09-20 14:00:00,Computer Science Block,34.49,52.0,449,167.58,623.8,79.66,80.69,59,97.06,0
2026-09-20 15:00:00,Computer Science Block,25.92,41.92,63,143.24,1321.4,54.17,80.52,234,36.28,0
2026-09-20 16:00:00,Library,22.67,47.24,204,74.15,597.46,111.53,72.74,163,71.07,0
2026-09-20 17:00:00,Hostel B,30.53,68.74,408,119.99,1331.62,49.11,90.98,162,74.55,0
2026-09-20 18:00:00,Engineering Block,31.2,58.57,58,118.26,964.1,83.61,51.87,70,99.99,0
2026-09-20 19:00:00,Auditorium,28.02,54.94,461,84.3,744.32,55.07,18.65,75,88.27,0
2026-09-20 20:00:00,Library,25.77,59.95,156,130.53,654.17,67.21,39.84,130,51.88,0
2026-09-20 21:00:00,Engineering Block,31.98,71.67,496,72.52,997.79,80.49,65.01,61,63.1,0
2026-09-20 22:00:00,Library,30.11,60.04,298,150.72,758.77,56.29,39.06,77,55.03,0
2026-09-20 23:00:00,Computer Science Block,24.93,65.4,450,88.91,667.02,20.0,66.97,33,94.25,0
2026-09-21 00:00:00,Hostel A,28.2,51.53,183,109.06,693.78,107.52,13.93,34,66.69,0
2026-09-21 01:00:00,Laboratory,22.59,53.81,50,119.9,843.75,32.12,16.33,215,93.13,0
2026-09-21 02:00:00,Library,30.74,63.54,359,277.4809473619737,1473.8400412740784,102.6901434517841,10.95,26,55.34,1
2026-09-21 03:00:00,Engineering Block,26.95,78.93,42,75.71,1152.56,80.56,97.84,245,42.58,0
2026-09-21 04:00:00,Engineering Block,26.26,74.3,459,102.4,790.57,79.25,33.55,168,67.91,0
2026-09-21 05:00:00,Laboratory,27.87,65.83,218,125.39,993.03,83.07,81.6,185,99.1,0
2026-09-21 06:00:00,Hostel B,28.16,61.51,193,117.73,742.53,74.08,89.82,189,73.99,0
2026-09-21 07:00:00,Auditorium,31.58,74.01,77,123.84,620.9,83.24,24.18,135,33.85,0
2026-09-21 08:00:00,Computer Science Block,30.36,67.95,439,112.83,671.86,89.37,27.92,61,32.36,0
2026-09-21 09:00:00,Engineering Block,27.37,37.06,215,129.79,100.0,113.89,44.41,34,60.08,0
2026-09-21 10:00:00,Admin Block,31.05,49.46,107,51.39,856.04,65.64,55.37,105,32.61,0
2026-09-21 11:00:00,Hostel A,29.6,63.38,463,169.57,742.32,111.48,58.13,20,37.32,0
2026-09-21 12:00:00,Library,26.29,42.13,161,117.52,793.22,72.96,44.71,247,82.74,0
2026-09-21 13:00:00,Hostel B,27.5,51.02,300,214.29,711.31,94.46,62.76,198,83.08,0
2026-09-21 14:00:00,Auditorium,27.41,53.0,474,108.19,861.28,85.99,76.25,237,42.93,0
2026-09-21 15:00:00,Laboratory,30.02,57.44,226,156.22,1191.97,55.59,73.01,207,89.58,0
2026-09-21 16:00:00,Hostel A,26.53,57.13,191,93.89,1013.12,42.61,12.72,51,42.29,0
2026-09-21 17:00:00,Computer Science Block,26.44,57.11,321,121.49,631.28,90.51,63.4,96,83.5,0
2026-09-21 18:00:00,Hostel B,35.88,68.25,416,84.88,1218.04,51.19,74.14,161,72.17,0
2026-09-21 19:00:00,Auditorium,31.76,57.35,337,108.83,1464.33,55.3,28.06,159,89.95,0
2026-09-21 20:00:00,Library,24.96,56.15,294,94.38,841.17,71.41,64.33,177,82.74,0
2026-09-21 21:00:00,Library,30.28,46.51,415,137.38,825.01,106.92,19.97,74,30.02,0
2026-09-21 22:00:00,Laboratory,28.47,70.24,387,389.53035057585544,2324.240558897104,173.60842305388894,69.85,106,34.25,1
2026-09-21 23:00:00,Admin Block,29.57,53.29,365,135.78,1014.4,45.29,65.84,195,32.25,0
2026-09-22 00:00:00,Laboratory,28.55,49.13,67,220.45,744.41,20.0,31.69,22,88.35,0
2026-09-22 01:00:00,Computer Science Block,32.76,62.13,180,144.74,723.23,75.82,88.78,44,71.72,0
2026-09-22 02:00:00,Hostel B,29.38,52.33,482,87.34,739.38,62.89,82.59,73,97.76,0
2026-09-22 03:00:00,Hostel B,27.75,54.74,184,204.91,1164.14,121.01,76.51,142,57.19,0
2026-09-22 04:00:00,Engineering Block,32.17,62.58,409,151.89,762.55,98.15,51.36,90,42.52,0
2026-09-22 05:00:00,Admin Block,28.93,56.74,398,71.27,849.46,59.15,30.42,237,53.8,0
2026-09-22 06:00:00,Admin Block,28.49,83.12,236,119.26,1097.81,46.14,80.4,28,48.95,0
2026-09-22 07:00:00,Hostel B,29.26,59.25,136,148.13,1166.48,91.53,29.31,61,89.4,0
2026-09-22 08:00:00,Hostel B,27.63,66.18,356,139.73,623.54,64.08,53.82,11,48.62,0
2026-09-22 09:00:00,Hostel A,28.04,40.58,446,148.02,541.91,58.76,44.08,229,39.34,0
2026-09-22 10:00:00,Auditorium,25.65,51.39,270,155.62,934.57,87.46,28.18,144,53.31,0
2026-09-22 11:00:00,Hostel A,25.0,49.13,375,98.97,874.39,53.5,65.32,213,85.84,0
2026-09-22 12:00:00,Hostel A,24.01,50.46,453,137.71,1040.55,85.88,98.39,104,58.05,0
2026-09-22 13:00:00,Admin Block,22.43,64.16,263,127.49,491.24,90.36,52.86,64,73.06,0
2026-09-22 14:00:00,Engineering Block,24.48,70.36,449,111.15,766.91,46.24,54.96,102,44.38,0
2026-09-22 15:00:00,Library,27.3,63.45,266,345.83032498858574,1654.3040206871233,157.88307178694865,43.55,189,35.28,1
2026-09-22 16:00:00,Hostel A,28.41,57.73,92,126.91,605.77,79.34,30.55,152,46.38,0
2026-09-22 17:00:00,Engineering Block,26.91,53.69,303,159.12,973.22,29.3,35.43,185,87.39,0
2026-09-22 18:00:00,Laboratory,18.58,71.14,214,130.85,1151.48,85.44,88.82,54,78.16,0
2026-09-22 19:00:00,Computer Science Block,34.3,80.71,286,108.71,610.22,62.69,95.33,19,35.75,0
2026-09-22 20:00:00,Hostel A,32.35,61.35,423,125.61,1048.97,70.99,84.36,205,45.03,0
2026-09-22 21:00:00,Laboratory,29.78,69.39,106,143.86,821.68,95.68,12.38,148,46.21,0
2026-09-22 22:00:00,Library,35.63,63.43,265,121.37,697.19,69.87,64.7,76,49.73,0
2026-09-22 23:00:00,Computer Science Block,24.09,67.56,177,104.52,735.77,120.43,59.43,194,76.2,0
2026-09-23 00:00:00,Computer Science Block,35.55,48.35,376,125.59,1078.79,20.0,79.73,219,41.56,0
2026-09-23 01:00:00,Library,24.14,55.12,55,169.95,744.14,83.49,80.25,240,38.27,0
2026-09-23 02:00:00,Hostel A,28.95,63.95,255,143.4,753.92,59.47,49.43,139,65.87,0
2026-09-23 03:00:00,Admin Block,22.9,72.12,267,132.78,1105.42,63.08,35.88,68,52.89,0
2026-09-23 04:00:00,Library,28.06,51.82,479,113.39,1049.07,53.94,18.76,224,45.54,0
2026-09-23 05:00:00,Library,29.54,39.67,119,127.61,735.14,95.43,65.02,99,42.19,0
2026-09-23 06:00:00,Library,27.38,55.02,246,86.7,1313.91,46.93,34.62,108,48.28,0
2026-09-23 07:00:00,Computer Science Block,30.86,70.1,138,113.76,1070.28,119.64,96.82,67,32.69,0
2026-09-23 08:00:00,Auditorium,28.4,44.16,373,138.58,1235.72,99.11,14.21,206,51.84,0
2026-09-23 09:00:00,Engineering Block,25.91,48.23,215,123.88,1293.15,62.66,96.79,147,56.83,0
2026-09-23 10:00:00,Laboratory,25.73,61.56,107,107.04,707.74,68.79,54.62,190,45.8,0
2026-09-23 11:00:00,Admin Block,31.24,58.84,55,77.2,680.25,101.22,64.59,11,75.17,0
2026-09-23 12:00:00,Hostel A,25.39,65.94,333,115.69,395.6,84.66,62.52,238,90.12,0
2026-09-23 13:00:00,Hostel A,31.66,47.71,47,94.18,1218.95,112.41,77.74,187,81.72,0
2026-09-23 14:00:00,Laboratory,32.89,56.75,58,119.06,439.51,74.77,18.18,218,43.9,0
2026-09-23 15:00:00,Engineering Block,21.33,71.95,341,129.84,918.72,104.36,89.91,248,39.15,0
2026-09-23 16:00:00,Library,32.53,48.07,446,170.56,562.99,97.24,81.19,57,94.71,0
2026-09-23 17:00:00,Auditorium,36.24,74.77,24,152.55,820.88,97.19,86.51,154,61.81,0
2026-09-23 18:00:00,Admin Block,29.01,49.33,495,128.36,846.1,76.36,53.68,107,90.49,0
2026-09-23 19:00:00,Hostel A,30.4,68.49,160,193.23,1299.19,92.16,72.8,89,75.62,0
2026-09-23 20:00:00,Laboratory,32.15,56.27,247,252.95369780897025,1487.2685525833576,122.15633803645505,51.15,153,81.11,1
2026-09-23 21:00:00,Hostel B,26.9,48.55,28,94.97,1584.11,61.41,21.73,94,43.64,0
2026-09-23 22:00:00,Auditorium,28.73,55.03,378,112.46,901.56,84.3,37.18,110,85.52,0
2026-09-23 23:00:00,Laboratory,22.74,65.45,497,210.26,925.15,96.85,35.06,130,58.23,0
2026-09-24 00:00:00,Auditorium,28.55,59.93,76,94.89,577.78,80.73,24.94,78,55.88,0
2026-09-24 01:00:00,Hostel A,29.99,71.18,302,109.48,681.1,45.94,31.72,93,73.12,0
2026-09-24 02:00:00,Library,30.06,74.36,464,155.0,490.04,72.64,54.87,202,49.39,0
2026-09-24 03:00:00,Hostel B,32.26,48.17,480,89.13,837.97,86.57,48.0,19,48.88,0
2026-09-24 04:00:00,Engineering Block,24.9,47.44,378,156.03,654.01,119.3,39.62,194,35.49,0
2026-09-24 05:00:00,Admin Block,25.87,46.95,197,160.76,749.72,102.05,91.6,156,57.74,0
2026-09-24 06:00:00,Engineering Block,35.58,51.01,495,130.11,529.0,107.61,80.08,56,72.71,0
2026-09-24 07:00:00,Engineering Block,27.4,71.04,101,178.2,653.31,22.14,10.23,84,48.48,0
2026-09-24 08:00:00,Laboratory,28.8,65.6,437,114.22,856.06,125.02,61.33,233,92.64,0
2026-09-24 09:00:00,Auditorium,27.73,54.55,104,152.91,353.38,92.04,72.99,200,98.27,0
2026-09-24 10:00:00,Admin Block,24.71,59.89,84,37.33,1304.41,50.95,14.81,22,40.18,0
2026-09-24 11:00:00,Admin Block,34.49,74.04,448,143.55,1189.77,48.98,20.26,109,66.76,0
2026-09-24 12:00:00,Hostel A,25.89,79.08,362,167.3,1430.67,63.39,35.07,41,51.12,0
2026-09-24 13:00:00,Hostel A,23.49,62.59,309,148.23,604.07,58.74,65.25,79,57.55,0
2026-09-24 14:00:00,Admin Block,26.2,33.41,375,106.92,725.71,86.89,93.08,209,61.04,0
2026-09-24 15:00:00,Hostel B,19.99,62.97,476,67.77,1366.77,63.32,53.73,10,61.55,0
2026-09-24 16:00:00,Computer Science Block,25.39,69.35,155,160.55,1291.63,86.68,98.41,37,56.42,0
2026-09-24 17:00:00,Hostel A,24.13,62.25,269,91.02,733.42,76.07,94.31,40,54.99,0
2026-09-24 18:00:00,Computer Science Block,30.47,67.27,113,95.66,558.59,105.19,67.36,153,35.4,0
2026-09-24 19:00:00,Laboratory,25.31,63.57,67,110.84,1314.98,77.76,51.22,243,57.19,0
2026-09-24 20:00:00,Hostel B,31.55,47.65,439,143.52,671.83,38.86,71.34,99,99.19,0
2026-09-24 21:00:00,Admin Block,33.59,51.14,119,301.88032565430234,1880.0027258729529,79.8698282996445,81.21,184,62.09,1
2026-09-24 22:00:00,Hostel B,31.12,56.79,357,191.36,1000.68,94.12,94.88,150,55.92,0
2026-09-24 23:00:00,Hostel A,27.14,70.65,213,125.85,770.45,117.13,77.82,149,83.28,0
2026-09-25 00:00:00,Engineering Block,28.56,52.34,136,131.63,531.29,90.56,45.24,141,92.31,0
2026-09-25 01:00:00,Laboratory,21.9,64.56,286,137.2,1120.85,131.95,54.4,83,76.37,0
2026-09-25 02:00:00,Admin Block,27.46,63.04,327,104.69,515.41,30.37,14.23,33,55.21,0
2026-09-25 03:00:00,Library,24.56,75.86,183,146.08,474.79,83.79,12.59,136,58.28,0
2026-09-25 04:00:00,Laboratory,30.78,59.58,498,101.05,862.14,41.6,35.34,220,59.3,0
2026-09-25 05:00:00,Auditorium,38.29,42.45,306,160.68,509.07,95.84,82.55,207,37.23,0
2026-09-25 06:00:00,Computer Science Block,30.0,66.47,43,87.58,941.15,112.58,38.73,220,67.61,0
2026-09-25 07:00:00,Hostel B,20.04,81.38,424,152.74,1227.89,43.99,20.52,112,42.98,0
2026-09-25 08:00:00,Admin Block,26.56,67.12,115,153.31,1111.71,106.46,42.05,144,76.77,0
2026-09-25 09:00:00,Laboratory,28.49,52.12,273,67.7,1277.85,126.88,37.5,194,83.07,0
2026-09-25 10:00:00,Hostel B,28.35,49.18,433,133.86,1048.82,58.2,99.04,163,71.15,0
2026-09-25 11:00:00,Admin Block,25.08,50.47,140,176.85,773.56,123.24,97.42,200,49.49,0
2026-09-25 12:00:00,Hostel A,28.98,80.03,91,130.31,518.21,59.06,76.32,108,87.43,0
2026-09-25 13:00:00,Laboratory,23.03,56.73,372,124.83,559.61,84.88,84.6,48,44.13,0
2026-09-25 14:00:00,Hostel A,24.22,53.37,390,105.07,1026.42,144.85,32.85,24,45.3,0
2026-09-25 15:00:00,Laboratory,30.58,58.42,83,140.4,1034.79,67.73,58.39,10,39.58,0
2026-09-25 16:00:00,Hostel A,23.94,56.83,262,110.36,673.68,72.73,99.86,49,83.17,0
2026-09-25 17:00:00,Auditorium,30.15,75.68,146,139.35,801.37,78.83,39.09,201,68.12,0
2026-09-25 18:00:00,Hostel B,22.52,49.86,392,149.07,1017.68,69.82,98.76,63,37.68,0
2026-09-25 19:00:00,Library,35.06,71.81,58,132.46,737.63,125.99,26.94,146,71.36,0
2026-09-25 20:00:00,Laboratory,24.9,61.22,404,161.83,1299.98,83.94,65.81,211,90.08,0
2026-09-25 21:00:00,Auditorium,27.11,72.07,372,136.86,924.99,126.67,80.37,85,61.63,0
2026-09-25 22:00:00,Laboratory,29.32,75.83,445,109.96,1035.85,105.07,63.39,83,88.14,0
2026-09-25 23:00:00,Hostel A,25.74,60.85,96,148.27888675076818,1543.1375967169975,87.60690552398066,37.8,29,95.52,1
2026-09-26 00:00:00,Admin Block,28.57,56.85,489,197.53653574532476,1344.6431387247183,194.59176177278738,83.26,111,48.66,1
2026-09-26 01:00:00,Laboratory,30.3,60.66,24,117.04,472.14,76.97,28.16,122,69.5,0
2026-09-26 02:00:00,Auditorium,31.84,59.05,159,142.48,841.28,81.76,48.73,146,92.39,0
2026-09-26 03:00:00,Hostel A,31.17,43.43,271,125.30518828706984,1308.1810548319188,185.4147466364695,35.18,96,72.68,1
2026-09-26 04:00:00,Engineering Block,27.31,75.52,176,60.21,1478.03,67.82,54.59,190,60.5,0
2026-09-26 05:00:00,Hostel A,27.41,62.46,278,56.19,891.27,78.75,44.87,163,71.74,0
2026-09-26 06:00:00,Hostel B,37.4,48.37,336,119.79,803.82,121.47,26.12,113,82.28,0
2026-09-26 07:00:00,Library,31.8,39.32,454,76.47,948.42,76.43,76.77,159,49.23,0
2026-09-26 08:00:00,Engineering Block,24.31,36.72,439,138.31,930.5,87.9,25.9,45,40.01,0
2026-09-26 09:00:00,Hostel B,28.4,67.7,386,109.07,850.49,72.31,59.11,184,43.27,0
2026-09-26 10:00:00,Hostel B,26.66,53.81,256,67.95,1017.53,73.03,82.41,184,80.91,0
2026-09-26 11:00:00,Hostel B,27.46,55.45,94,158.83,995.19,64.1,53.49,40,37.78,0
2026-09-26 12:00:00,Admin Block,23.08,64.88,493,122.02,870.58,47.29,89.82,212,52.64,0
2026-09-26 13:00:00,Hostel B,26.35,54.84,405,160.27,1229.09,64.0,48.59,182,88.36,0
2026-09-26 14:00:00,Admin Block,35.25,65.47,48,124.07,452.31,88.53,97.36,103,91.96,0
2026-09-26 15:00:00,Hostel B,30.32,60.95,60,176.86,743.52,55.85,12.24,209,97.76,0
2026-09-26 16:00:00,Computer Science Block,18.04,59.16,48,145.06,751.06,74.03,81.2,153,72.58,0
2026-09-26 17:00:00,Auditorium,32.87,44.27,119,74.86,842.98,105.75,73.71,179,46.73,0
2026-09-26 18:00:00,Engineering Block,32.36,51.8,339,104.35,778.81,81.85,65.0,24,76.57,0
2026-09-26 19:00:00,Computer Science Block,26.56,66.03,77,100.0,715.18,135.72,36.65,245,43.24,0
2026-09-26 20:00:00,Hostel B,30.87,53.18,230,43.82,1159.93,95.77,64.96,76,46.84,0
2026-09-26 21:00:00,Engineering Block,24.56,72.05,157,154.15,601.52,33.52,63.51,120,95.01,0
2026-09-26 22:00:00,Engineering Block,26.12,83.46,30,138.31,967.54,55.39,23.45,216,30.68,0
2026-09-26 23:00:00,Laboratory,33.99,66.56,410,173.73,719.49,20.0,89.19,164,68.46,0
2026-09-27 00:00:00,Library,26.91,74.93,352,66.21,945.07,74.69,58.12,123,34.08,0
2026-09-27 01:00:00,Computer Science Block,20.52,67.21,383,83.16,1178.56,114.66,18.01,138,45.59,0
2026-09-27 02:00:00,Library,27.75,54.66,208,88.72,100.0,85.78,45.24,82,54.78,0
2026-09-27 03:00:00,Engineering Block,27.69,62.0,469,175.28,642.74,61.77,29.49,166,37.6,0
2026-09-27 04:00:00,Admin Block,32.79,80.13,113,172.82,643.65,121.12,25.18,168,32.42,0
2026-09-27 05:00:00,Engineering Block,28.06,54.76,361,77.35,810.15,58.46,95.17,208,54.89,0
2026-09-27 06:00:00,Library,26.31,49.61,200,136.17,1078.98,97.61,70.73,38,65.83,0
2026-09-27 07:00:00,Computer Science Block,32.18,48.66,340,145.26,1310.47,61.43,37.14,20,86.48,0
2026-09-27 08:00:00,Hostel B,28.48,57.82,302,118.38,1074.92,90.94,71.05,176,53.66,0
2026-09-27 09:00:00,Laboratory,25.0,49.97,410,192.66,814.31,68.32,82.27,39,51.77,0
2026-09-27 10:00:00,Laboratory,32.62,76.74,340,36.41,721.19,51.22,38.52,191,30.8,0
2026-09-27 11:00:00,Laboratory,28.77,62.16,77,54.42,1229.07,39.93,98.63,239,73.19,0
2026-09-27 12:00:00,Hostel B,28.01,69.72,44,126.65,477.99,92.38,89.33,62,83.59,0
2026-09-27 13:00:00,Laboratory,28.71,57.01,323,80.35,948.79,101.79,81.74,209,30.25,0
2026-09-27 14:00:00,Computer Science Block,23.72,48.6,279,154.3,1149.49,94.16,74.37,31,30.4,0
2026-09-27 15:00:00,Hostel B,25.89,46.91,497,66.47,775.21,80.82,13.49,173,90.62,0
2026-09-27 16:00:00,Laboratory,28.01,50.92,411,144.67,928.76,39.26,12.02,34,49.43,0
2026-09-27 17:00:00,Hostel B,27.22,63.48,232,121.93,514.55,82.59,24.83,165,66.82,0
2026-09-27 18:00:00,Library,33.09,65.2,134,186.36,974.02,83.43,92.52,232,76.13,0
2026-09-27 19:00:00,Auditorium,28.87,66.03,471,93.73,866.11,130.38,29.56,100,75.13,0
2026-09-27 20:00:00,Auditorium,31.42,45.11,207,178.81,986.0,68.53,73.1,210,69.15,0
2026-09-27 21:00:00,Computer Science Block,28.04,60.0,279,149.6,738.67,70.23,98.19,52,44.04,0
2026-09-27 22:00:00,Hostel A,32.23,49.74,155,88.22,572.05,85.89,94.35,108,83.02,0
2026-09-27 23:00:00,Admin Block,29.59,64.01,109,89.49,1125.82,78.18,46.03,49,69.82,0
2026-09-28 00:00:00,Laboratory,28.05,64.79,240,160.52,1131.61,77.65,71.3,88,52.54,0
2026-09-28 01:00:00,Admin Block,27.95,48.28,35,126.93,991.32,50.88,78.34,58,78.46,0
2026-09-28 02:00:00,Hostel B,24.18,69.68,166,116.82,948.62,90.41,59.46,223,40.58,0
2026-09-28 03:00:00,Admin Block,30.03,83.39,404,370.290405934048,482.8777794618992,132.51448108239052,57.07,101,55.68,1
2026-09-28 04:00:00,Computer Science Block,27.84,68.35,120,149.58,1151.56,47.37,30.12,164,43.87,0
2026-09-28 05:00:00,Computer Science Block,25.99,58.37,437,92.07,968.13,65.4,70.83,238,55.24,0
2026-09-28 06:00:00,Engineering Block,32.43,56.83,496,157.89223976994276,2496.91791510187,82.71694180856035,36.44,225,68.78,1
2026-09-28 07:00:00,Auditorium,23.0,57.91,238,136.33,553.96,78.1,37.77,40,62.11,0
2026-09-28 08:00:00,Laboratory,26.31,52.39,387,129.41,1014.05,115.7,33.91,139,69.97,0
2026-09-28 09:00:00,Engineering Block,32.11,62.52,64,146.56,998.2,61.49,15.92,218,51.21,0
2026-09-28 10:00:00,Admin Block,29.26,48.62,82,150.22,100.0,77.85,85.93,29,36.3,0
2026-09-28 11:00:00,Hostel A,27.81,41.1,369,175.43,825.62,80.44,87.68,143,38.02,0
2026-09-28 12:00:00,Engineering Block,29.0,62.2,409,106.56,848.61,114.2,75.14,7,55.42,0
2026-09-28 13:00:00,Engineering Block,28.72,60.21,311,204.37,607.87,79.77,93.5,201,59.38,0
2026-09-28 14:00:00,Computer Science Block,21.93,54.29,396,153.29,968.6,50.05,66.82,187,80.46,0
2026-09-28 15:00:00,Hostel A,26.6,47.17,378,130.21,906.94,143.55,67.57,176,50.43,0
2026-09-28 16:00:00,Hostel B,34.47,62.9,85,115.17,687.78,105.74,89.89,239,79.71,0
2026-09-28 17:00:00,Admin Block,25.36,50.1,138,134.04,716.91,20.37,28.77,229,72.6,0
2026-09-28 18:00:00,Engineering Block,26.73,58.61,253,57.94,432.95,86.93,49.19,48,49.92,0
2026-09-28 19:00:00,Hostel A,25.83,77.65,481,116.68,960.93,106.76,73.37,77,98.3,0
2026-09-28 20:00:00,Auditorium,27.65,66.51,27,166.56,928.55,81.09,34.18,180,48.71,0
2026-09-28 21:00:00,Laboratory,25.67,46.31,214,106.09,818.17,89.47,30.58,79,67.1,0
2026-09-28 22:00:00,Hostel A,29.95,47.25,246,53.54,780.33,79.12,90.84,125,88.89,0
2026-09-28 23:00:00,Auditorium,28.79,61.52,46,73.99,1035.74,68.53,99.64,7,45.2,0
2026-09-29 00:00:00,Admin Block,31.09,46.25,309,109.34,887.77,48.46,44.78,76,34.75,0
2026-09-29 01:00:00,Hostel A,23.8,39.98,47,131.78,1055.48,69.68,31.29,246,64.24,0
2026-09-29 02:00:00,Auditorium,26.64,65.32,178,90.79,901.67,21.35,46.4,104,73.25,0
2026-09-29 03:00:00,Hostel A,27.1,63.21,164,72.4,1081.11,124.68,37.35,59,38.77,0
2026-09-29 04:00:00,Hostel A,29.82,64.51,486,94.58,1064.29,80.6,83.96,77,37.51,0
2026-09-29 05:00:00,Laboratory,24.83,62.63,253,187.66,1088.72,47.65,91.09,104,35.73,0
2026-09-29 06:00:00,Auditorium,31.66,59.35,127,212.28,698.36,80.88,45.18,229,76.02,0
2026-09-29 07:00:00,Auditorium,32.75,53.38,398,138.51,1019.44,111.68,63.96,219,95.38,0
2026-09-29 08:00:00,Engineering Block,24.04,65.16,458,129.51,850.64,97.18,17.09,199,94.72,0
2026-09-29 09:00:00,Admin Block,26.04,75.3,222,159.45,817.73,53.88,51.6,47,86.6,0
2026-09-29 10:00:00,Laboratory,25.87,54.99,284,72.27,731.27,70.92,10.62,132,56.19,0
2026-09-29 11:00:00,Hostel A,38.53,49.79,497,100.66,934.1,101.67,70.4,190,69.99,0
2026-09-29 12:00:00,Hostel A,26.28,48.65,332,46.71,363.64,61.86,25.84,189,99.99,0
2026-09-29 13:00:00,Engineering Block,34.71,51.33,320,136.36,935.92,89.39,89.02,110,88.33,0
2026-09-29 14:00:00,Admin Block,22.93,62.03,409,118.47,935.06,66.09,66.7,246,36.07,0
2026-09-29 15:00:00,Computer Science Block,24.04,38.6,417,92.42,1117.16,77.97,93.53,20,30.15,0
2026-09-29 16:00:00,Laboratory,25.25,64.39,434,188.07,883.5,108.55,94.44,64,56.91,0
2026-09-29 17:00:00,Engineering Block,24.62,66.44,457,163.47,1193.67,64.14,25.22,59,31.89,0
2026-09-29 18:00:00,Admin Block,26.93,42.02,30,118.89,751.89,38.24,56.18,178,83.29,0
2026-09-29 19:00:00,Laboratory,25.16,50.21,344,92.11,722.29,136.59,27.59,76,72.61,0
2026-09-29 20:00:00,Hostel A,24.72,60.8,114,130.88,1249.33,72.23,50.78,47,76.36,0
2026-09-29 21:00:00,Admin Block,32.63,58.57,149,123.68,706.59,88.37,50.51,5,94.67,0
2026-09-29 22:00:00,Admin Block,32.9,65.2,122,102.08,295.46,132.73,76.22,67,98.97,0
2026-09-29 23:00:00,Hostel B,31.8,58.59,292,85.79,1253.15,93.82,97.85,249,52.58,0
2026-09-30 00:00:00,Admin Block,30.1,72.65,129,128.49,1273.46,77.96,66.61,129,39.77,0
2026-09-30 01:00:00,Computer Science Block,28.37,56.79,311,127.89,810.61,80.93,83.44,47,31.85,0
2026-09-30 02:00:00,Admin Block,26.01,50.17,150,82.26,834.57,128.44,46.33,92,90.97,0
2026-09-30 03:00:00,Computer Science Block,24.19,49.37,210,51.3,724.8,102.47,16.55,225,50.24,0
2026-09-30 04:00:00,Hostel A,29.45,67.35,318,108.05,1319.24,68.11,56.32,145,32.36,0
2026-09-30 05:00:00,Computer Science Block,23.31,60.3,112,69.89,1234.56,102.94,91.35,241,71.79,0
2026-09-30 06:00:00,Laboratory,24.02,66.34,308,92.13,714.24,65.74,31.62,190,58.07,0
2026-09-30 07:00:00,Hostel A,32.61,66.13,225,100.7,886.08,86.88,33.66,198,90.96,0
2026-09-30 08:00:00,Hostel A,35.6,39.8,377,135.87,1299.72,97.53,19.43,165,37.14,0
2026-09-30 09:00:00,Computer Science Block,29.57,48.6,48,100.33,1365.54,62.21,99.71,82,71.67,0
2026-09-30 10:00:00,Auditorium,32.43,49.79,426,129.57,955.72,68.47,47.33,206,85.28,0
2026-09-30 11:00:00,Engineering Block,27.02,51.84,206,88.4,994.25,66.74,36.9,8,90.62,0
2026-09-30 12:00:00,Library,22.65,55.8,356,131.52,864.19,49.75,93.41,243,35.01,0
2026-09-30 13:00:00,Auditorium,30.45,69.99,196,108.66,731.03,81.7,83.01,212,84.79,0
2026-09-30 14:00:00,Admin Block,30.28,71.98,458,130.21,1031.68,78.3,88.93,165,85.69,0
2026-09-30 15:00:00,Hostel B,28.29,57.07,350,165.48,1282.86,87.23,95.54,115,48.33,0
2026-09-30 16:00:00,Library,27.03,57.49,175,113.41,662.9,89.85,87.11,145,51.07,0
2026-09-30 17:00:00,Admin Block,31.85,52.95,265,114.65,936.08,67.17,98.71,137,94.44,0
2026-09-30 18:00:00,Auditorium,24.06,60.89,218,135.58,925.08,100.83,67.54,12,73.93,0
2026-09-30 19:00:00,Auditorium,24.9,62.03,128,138.33,549.86,83.11,31.68,175,32.13,0
2026-09-30 20:00:00,Admin Block,23.97,68.06,379,36.64,893.5,43.46,25.04,196,87.27,0
2026-09-30 21:00:00,Hostel A,28.34,67.98,91,79.9,844.36,88.48,64.2,115,97.96,0
2026-09-30 22:00:00,Admin Block,23.65,36.98,240,128.33,777.77,63.57,42.3,76,58.75,0
2026-09-30 23:00:00,Hostel B,25.26,58.47,300,177.47,1235.34,20.0,21.81,99,82.65,0
2026-10-01 00:00:00,Auditorium,25.18,73.84,410,68.14,783.8,125.18,81.75,89,80.65,0
2026-10-01 01:00:00,Admin Block,26.96,55.62,396,99.98,661.03,32.69,41.48,78,58.12,0
2026-10-01 02:00:00,Computer Science Block,22.05,71.39,233,128.54,1057.94,56.63,50.07,25,61.74,0
2026-10-01 03:00:00,Library,28.35,56.94,476,86.01,958.53,73.29,65.06,59,73.46,0
2026-10-01 04:00:00,Computer Science Block,32.99,61.75,94,138.96,907.28,83.59,46.18,241,42.19,0
2026-10-01 05:00:00,Hostel B,28.54,48.63,437,145.11,1062.99,84.66,87.96,207,65.46,0
2026-10-01 06:00:00,Admin Block,34.17,49.01,494,135.38,854.68,71.2,98.42,67,53.5,0
2026-10-01 07:00:00,Laboratory,33.34,67.25,261,127.04,808.83,39.2,44.67,92,35.89,0
2026-10-01 08:00:00,Hostel B,31.11,68.82,169,84.42,696.93,90.99,26.05,65,44.04,0
2026-10-01 09:00:00,Hostel A,28.3,60.26,342,109.65,1099.6,53.53,35.03,96,65.11,0
2026-10-01 10:00:00,Computer Science Block,28.09,47.72,197,164.44,1242.5,93.73,70.66,35,93.54,0
2026-10-01 11:00:00,Computer Science Block,31.06,60.44,195,132.72,1468.91,94.73,17.4,80,90.25,0
2026-10-01 12:00:00,Engineering Block,26.43,72.57,123,38.11,1054.81,81.32,70.72,49,94.24,0
2026-10-01 13:00:00,Admin Block,20.47,77.43,138,148.69,1329.13,53.36,57.49,156,47.11,0
2026-10-01 14:00:00,Hostel A,29.97,56.83,219,134.28,725.11,68.33,14.08,67,87.88,0
2026-10-01 15:00:00,Laboratory,23.48,43.4,89,107.99,664.73,125.54,46.96,177,54.04,0
2026-10-01 16:00:00,Computer Science Block,24.15,68.4,76,112.71,588.51,76.32,30.75,32,97.36,0
2026-10-01 17:00:00,Computer Science Block,28.0,57.24,428,98.53,888.43,40.93,21.72,86,48.24,0
2026-10-01 18:00:00,Hostel A,27.62,69.43,85,122.57,800.17,97.02,94.68,37,53.22,0
2026-10-01 19:00:00,Hostel B,22.35,62.81,419,120.16,1307.45,62.36,36.19,19,30.65,0
2026-10-01 20:00:00,Hostel B,28.66,51.17,77,111.36,784.77,109.56,54.47,160,94.57,0
2026-10-01 21:00:00,Admin Block,31.86,60.58,136,129.21,805.35,21.05,65.08,191,72.97,0
2026-10-01 22:00:00,Auditorium,23.49,73.08,444,115.6,1092.68,87.25,66.61,32,51.85,0
2026-10-01 23:00:00,Engineering Block,33.09,58.51,326,155.1,1161.73,129.62,44.33,44,40.08,0
2026-10-02 00:00:00,Computer Science Block,21.76,49.65,40,149.2,1018.0,99.22,34.26,237,75.2,0
2026-10-02 01:00:00,Auditorium,36.47,44.11,98,72.8,1078.21,97.15,60.84,80,36.72,0
2026-10-02 02:00:00,Auditorium,26.35,52.28,331,133.04,1082.45,59.89,81.52,91,40.16,0
2026-10-02 03:00:00,Engineering Block,28.58,55.9,373,110.27,1378.62,54.37,90.55,162,65.43,0
2026-10-02 04:00:00,Auditorium,20.43,68.2,66,156.6344611554117,646.0936698557597,122.18416238799463,63.23,92,39.25,1
2026-10-02 05:00:00,Auditorium,27.75,48.79,393,131.58,726.24,93.94,57.59,141,36.36,0
2026-10-02 06:00:00,Hostel B,28.91,75.54,190,134.18,1270.47,73.85,96.93,62,78.57,0
2026-10-02 07:00:00,Hostel B,27.66,46.63,103,216.62,865.49,40.06,28.28,110,62.28,0
2026-10-02 08:00:00,Library,25.75,83.31,127,42.3,1069.22,97.11,11.51,17,33.48,0
2026-10-02 09:00:00,Laboratory,24.21,77.26,306,103.57,266.76,81.43,54.33,174,33.36,0
2026-10-02 10:00:00,Admin Block,32.52,61.41,290,207.86,694.26,89.74,15.21,88,97.23,0
2026-10-02 11:00:00,Auditorium,28.12,43.52,195,93.65,416.37,70.68,15.33,23,33.79,0
2026-10-02 12:00:00,Library,34.16,59.45,337,132.74,702.39,81.68,12.96,196,61.11,0
2026-10-02 13:00:00,Laboratory,25.89,56.13,495,127.12,785.37,94.15,65.65,136,57.25,0
2026-10-02 14:00:00,Library,26.26,47.26,89,123.01,943.1,68.99,66.32,30,65.21,0
2026-10-02 15:00:00,Library,31.26,62.91,406,100.24,1197.44,56.97,33.01,183,91.63,0
2026-10-02 16:00:00,Admin Block,21.51,51.76,185,103.02,1049.7,45.5,50.48,22,77.32,0
2026-10-02 17:00:00,Admin Block,23.15,52.85,362,131.13,1025.47,78.62,47.7,229,84.48,0
2026-10-02 18:00:00,Hostel A,32.39,57.96,77,113.37,751.72,84.74,54.37,216,60.01,0
2026-10-02 19:00:00,Engineering Block,23.31,54.25,470,130.69,569.21,101.18,27.96,175,69.55,0
2026-10-02 20:00:00,Engineering Block,20.72,80.78,264,313.53870749611735,1791.7595810907271,161.38413310573904,83.15,130,34.78,1
2026-10-02 21:00:00,Hostel A,35.47,54.64,64,154.45,655.13,79.54,35.94,195,35.05,0
2026-10-02 22:00:00,Hostel A,22.42,64.41,191,157.24,630.04,84.88,39.4,217,90.87,0
2026-10-02 23:00:00,Hostel B,28.74,61.46,283,126.0,502.83,123.11,68.56,44,65.49,0
2026-10-03 00:00:00,Laboratory,28.28,63.53,402,80.87,874.54,96.06,98.34,27,37.63,0
2026-10-03 01:00:00,Library,16.76,64.29,85,164.58,898.18,86.4,28.4,79,35.24,0
2026-10-03 02:00:00,Auditorium,26.93,68.81,346,132.22,1165.2,55.38,42.21,63,94.37,0
2026-10-03 03:00:00,Hostel A,29.79,62.66,208,149.67,1174.63,67.94,43.68,138,41.94,0
2026-10-03 04:00:00,Computer Science Block,29.42,62.25,292,136.91,1018.22,40.88,57.63,74,60.21,0
2026-10-03 05:00:00,Engineering Block,31.61,60.58,90,113.09,1567.71,87.04,85.16,239,84.79,0
2026-10-03 06:00:00,Hostel A,26.45,58.62,372,109.16,705.08,61.13,75.3,233,90.7,0
2026-10-03 07:00:00,Computer Science Block,30.85,50.88,55,176.9,772.58,53.93,28.49,207,90.5,0
2026-10-03 08:00:00,Computer Science Block,25.24,59.39,258,124.4,805.62,88.46,74.15,104,91.84,0
2026-10-03 09:00:00,Computer Science Block,22.36,62.41,87,119.6,792.04,106.42,21.35,12,40.52,0
2026-10-03 10:00:00,Hostel B,22.81,64.02,127,93.08,451.04,63.14,27.26,92,59.98,0
2026-10-03 11:00:00,Hostel B,22.15,61.8,227,111.62,709.93,71.48,45.44,239,76.2,0
2026-10-03 12:00:00,Auditorium,32.04,57.67,296,155.29,962.81,72.27,41.03,14,93.09,0
2026-10-03 13:00:00,Auditorium,21.94,59.43,229,123.54,1139.4,115.26,88.28,239,59.98,0
2026-10-03 14:00:00,Computer Science Block,29.1,54.46,321,167.28,540.15,50.82,99.73,151,73.48,0
2026-10-03 15:00:00,Laboratory,26.94,63.13,449,133.64,566.55,20.0,28.28,156,97.19,0
2026-10-03 16:00:00,Hostel B,27.59,57.79,367,125.43,618.07,90.09,69.17,121,97.49,0
2026-10-03 17:00:00,Library,33.45,61.81,126,106.07,979.37,20.0,62.42,165,76.66,0
2026-10-03 18:00:00,Computer Science Block,26.25,70.01,399,123.76,628.01,54.22,79.24,108,65.22,0
2026-10-03 19:00:00,Library,30.45,52.91,35,91.94,517.61,128.82,72.97,219,70.07,0
2026-10-03 20:00:00,Library,28.15,65.97,258,143.75,511.16,78.08,34.79,203,93.09,0
2026-10-03 21:00:00,Computer Science Block,27.39,60.33,425,119.88,800.34,88.88,85.67,180,78.53,0
2026-10-03 22:00:00,Engineering Block,37.2,80.21,409,113.26,862.41,102.02,53.1,137,46.88,0
2026-10-03 23:00:00,Laboratory,22.23,57.84,241,112.58,1067.05,42.83,93.96,105,43.64,0
2026-10-04 00:00:00,Computer Science Block,33.16,66.95,459,145.7,1034.68,86.58,60.43,244,41.7,0
2026-10-04 01:00:00,Auditorium,30.63,60.15,275,99.68,1131.85,35.11,36.17,179,71.77,0
2026-10-04 02:00:00,Computer Science Block,26.08,46.12,320,157.36,858.47,60.61,90.66,123,74.5,0
2026-10-04 03:00:00,Hostel B,34.52,54.79,461,106.5,648.99,78.0,84.36,66,35.56,0
2026-10-04 04:00:00,Computer Science Block,20.61,68.8,431,143.57,933.72,56.28,95.22,93,82.27,0
2026-10-04 05:00:00,Engineering Block,25.91,55.67,164,105.09,535.2,76.81,90.42,81,68.6,0
2026-10-04 06:00:00,Hostel B,23.17,37.8,183,101.14,983.14,100.82,32.07,14,50.94,0
2026-10-04 07:00:00,Auditorium,29.65,59.69,31,173.18,959.27,59.07,83.38,85,96.95,0
2026-10-04 08:00:00,Admin Block,23.55,49.08,69,144.67,1169.91,93.03,63.48,172,64.61,0
2026-10-04 09:00:00,Admin Block,29.73,61.32,334,124.41,1103.77,54.67,46.3,18,63.42,0
2026-10-04 10:00:00,Library,27.25,75.51,379,69.59,996.7,108.84,10.69,193,60.94,0
2026-10-04 11:00:00,Laboratory,26.08,67.69,31,135.33,430.45,97.63,72.79,207,69.18,0
2026-10-04 12:00:00,Library,29.55,75.37,209,156.24,752.78,96.89,86.85,178,33.35,0
2026-10-04 13:00:00,Engineering Block,26.93,54.38,315,127.11,1021.71,101.43,64.38,14,33.3,0
2026-10-04 14:00:00,Hostel A,23.65,58.57,112,121.23,1230.72,132.3,37.96,115,62.35,0
2026-10-04 15:00:00,Auditorium,39.21,49.56,149,127.16,1034.3,85.86,15.19,50,83.57,0
2026-10-04 16:00:00,Laboratory,26.05,53.16,368,135.69,530.0,57.35,69.31,237,66.36,0
2026-10-04 17:00:00,Auditorium,19.13,50.73,497,100.12,1281.2,95.25,46.34,98,94.53,0
2026-10-04 18:00:00,Admin Block,24.63,46.93,383,119.74,885.94,84.57,54.72,187,74.59,0
2026-10-04 19:00:00,Library,22.93,73.66,428,124.84,992.31,85.45,60.79,54,30.59,0
2026-10-04 20:00:00,Auditorium,31.3,39.08,360,153.67,1013.55,87.85,79.17,240,61.32,0
2026-10-04 21:00:00,Admin Block,29.29,73.7,233,45.44,702.74,37.88,58.31,84,68.64,0
2026-10-04 22:00:00,Engineering Block,29.59,72.46,349,154.62,656.69,56.92,57.34,105,31.15,0
2026-10-04 23:00:00,Engineering Block,26.52,65.0,402,66.63,927.17,44.67,53.31,127,37.47,0
2026-10-05 00:00:00,Hostel A,26.88,48.85,306,97.36,660.35,137.35,48.49,146,99.9,0
2026-10-05 01:00:00,Auditorium,26.52,44.18,194,120.09,726.92,128.76,66.07,34,77.29,0
2026-10-05 02:00:00,Hostel A,27.68,54.52,463,145.5,783.22,140.25,12.2,8,77.3,0
2026-10-05 03:00:00,Hostel B,31.34,66.25,220,158.86,407.43,123.64,75.09,43,69.88,0
2026-10-05 04:00:00,Laboratory,29.34,60.03,124,96.8,1032.84,77.66,38.32,135,92.72,0
2026-10-05 05:00:00,Auditorium,30.0,49.57,250,141.33,1166.58,51.61,43.54,60,50.19,0
2026-10-05 06:00:00,Engineering Block,30.0,71.48,117,90.41,1002.42,82.08,65.28,25,89.72,0
2026-10-05 07:00:00,Library,31.54,76.84,122,80.5,365.05,126.7,32.26,154,36.77,0
2026-10-05 08:00:00,Admin Block,29.15,57.73,60,174.98,965.0,87.5,69.29,72,98.24,0
2026-10-05 09:00:00,Computer Science Block,29.44,61.09,453,173.38,1141.66,82.06,21.49,27,87.23,0
2026-10-05 10:00:00,Hostel A,32.76,44.91,170,109.32,748.65,83.77,68.45,136,30.17,0
2026-10-05 11:00:00,Computer Science Block,25.34,55.86,287,70.82,940.23,81.97,74.55,74,34.18,0
2026-10-05 12:00:00,Auditorium,24.58,65.1,346,80.99,1003.45,79.01,72.96,170,35.94,0
2026-10-05 13:00:00,Library,23.26,63.55,371,158.94,654.0,71.01,79.68,245,77.86,0
2026-10-05 14:00:00,Hostel A,28.73,54.92,486,280.8763236747869,1368.8715703466942,162.9379817794794,56.52,29,77.91,1
2026-10-05 15:00:00,Computer Science Block,20.59,57.26,297,82.71,364.3,56.07,87.83,191,35.69,0
2026-10-05 16:00:00,Laboratory,29.85,55.53,75,126.38,719.29,84.1,31.02,134,61.38,0
2026-10-05 17:00:00,Library,27.56,57.22,35,92.93,637.47,69.5,44.5,62,46.64,0
2026-10-05 18:00:00,Admin Block,32.54,64.23,461,65.78,791.59,51.86,96.09,66,57.93,0
2026-10-05 19:00:00,Laboratory,25.31,40.32,475,148.80166050482453,2150.140116272421,101.60400531331838,81.0,229,46.75,1
2026-10-05 20:00:00,Library,27.19,59.26,241,157.76,1055.07,57.39,76.84,169,59.12,0
2026-10-05 21:00:00,Hostel B,32.49,63.5,198,61.36,565.1,49.63,74.01,230,74.96,0
2026-10-05 22:00:00,Hostel A,33.53,54.3,153,115.26,775.68,87.89,19.94,222,40.77,0
2026-10-05 23:00:00,Engineering Block,25.28,55.21,277,81.47,883.06,116.12,95.56,83,45.28,0
2026-10-06 00:00:00,Admin Block,28.73,55.5,81,161.48,207.56,55.89,36.32,25,55.01,0
2026-10-06 01:00:00,Auditorium,29.18,55.21,496,228.88429592526418,1589.8280505752234,130.21120272519485,22.99,63,98.59,1
2026-10-06 02:00:00,Laboratory,29.49,60.06,142,155.86,790.87,73.35,11.68,213,74.54,0
2026-10-06 03:00:00,Laboratory,26.95,61.29,61,94.63,791.57,85.96,44.81,131,94.08,0
2026-10-06 04:00:00,Computer Science Block,33.13,38.99,392,127.41,932.65,86.97,70.53,115,89.93,0
2026-10-06 05:00:00,Hostel A,20.44,66.53,392,96.84,568.19,95.86,45.26,187,69.12,0
2026-10-06 06:00:00,Auditorium,26.32,57.1,318,72.44,974.55,50.55,82.79,130,49.32,0
2026-10-06 07:00:00,Engineering Block,29.79,79.33,71,90.31,896.81,39.4,26.34,88,48.02,0
2026-10-06 08:00:00,Library,29.83,48.08,398,105.07,1224.75,57.05,25.28,116,69.83,0
2026-10-06 09:00:00,Engineering Block,33.41,51.33,461,74.49,853.07,62.88,33.97,76,69.0,0
2026-10-06 10:00:00,Hostel A,32.79,57.97,423,147.74,1203.3,68.31,14.88,75,69.18,0
2026-10-06 11:00:00,Hostel A,26.86,64.13,331,90.23,1228.32,52.9,85.52,197,55.68,0
2026-10-06 12:00:00,Hostel B,33.2,40.49,86,156.49,944.0,79.38,22.15,7,79.54,0
2026-10-06 13:00:00,Hostel B,25.14,51.71,78,93.4,828.46,88.53,44.21,192,58.57,0
2026-10-06 14:00:00,Engineering Block,31.72,65.91,323,107.43,678.71,100.62,51.67,42,54.59,0
2026-10-06 15:00:00,Library,35.24,50.52,54,91.25,923.78,59.63,31.14,106,65.37,0
2026-10-06 16:00:00,Engineering Block,32.86,73.7,155,119.46,1300.83,81.85,89.61,230,92.64,0
2026-10-06 17:00:00,Hostel A,28.42,55.46,95,91.8,927.49,104.63,76.22,35,79.43,0
2026-10-06 18:00:00,Hostel A,26.67,51.01,261,88.64,942.24,37.29,12.53,76,86.98,0
2026-10-06 19:00:00,Computer Science Block,21.89,66.1,307,172.07,1238.07,64.07,49.48,119,67.41,0
2026-10-06 20:00:00,Hostel B,29.24,76.08,240,161.45,1310.74,46.81,22.4,121,68.07,0
2026-10-06 21:00:00,Auditorium,23.54,64.16,320,458.948722264994,1857.455764358332,135.04147928943956,67.51,29,90.21,1
2026-10-06 22:00:00,Auditorium,24.83,72.6,104,115.76,958.14,125.47,54.39,32,40.22,0
2026-10-06 23:00:00,Auditorium,23.24,76.77,142,54.19,637.37,63.02,82.77,221,97.32,0
2026-10-07 00:00:00,Computer Science Block,26.16,50.78,214,117.54,909.66,112.98,71.57,120,66.42,0
2026-10-07 01:00:00,Admin Block,27.89,69.38,121,93.53,986.87,105.14,83.67,5,52.8,0
2026-10-07 02:00:00,Auditorium,29.09,44.77,302,103.61,852.06,81.69,88.87,84,52.03,0
2026-10-07 03:00:00,Hostel A,25.6,64.25,394,118.55,693.86,70.05,26.26,126,32.94,0
2026-10-07 04:00:00,Computer Science Block,32.28,59.29,22,180.19,652.21,66.96,62.52,193,50.19,0
2026-10-07 05:00:00,Engineering Block,27.17,72.43,332,123.51,1087.46,122.42,24.33,135,59.95,0
2026-10-07 06:00:00,Hostel B,24.85,71.72,468,192.28,961.89,61.5,31.9,111,79.04,0
2026-10-07 07:00:00,Hostel B,28.91,65.7,266,96.37,871.3,91.09,30.47,52,49.53,0
2026-10-07 08:00:00,Library,35.85,62.98,167,171.82,518.92,60.33,41.78,105,76.04,0
2026-10-07 09:00:00,Engineering Block,29.34,65.08,218,125.89,841.25,39.8,80.91,116,72.05,0
2026-10-07 10:00:00,Library,26.55,60.62,140,47.36,765.74,59.16,38.56,18,61.26,0
2026-10-07 11:00:00,Computer Science Block,21.89,59.39,188,307.12336254575365,1099.8864244323408,172.92149693881353,77.06,146,30.68,1
2026-10-07 12:00:00,Laboratory,27.12,74.43,20,144.61,1101.28,111.65,10.07,174,71.21,0
2026-10-07 13:00:00,Auditorium,28.94,75.63,349,63.36,1038.75,67.77,62.08,245,37.71,0
2026-10-07 14:00:00,Admin Block,26.45,58.58,128,110.27,898.05,148.21,35.31,123,30.91,0
2026-10-07 15:00:00,Engineering Block,21.34,62.38,479,101.94,472.71,115.48,76.77,181,36.97,0
2026-10-07 16:00:00,Engineering Block,24.6,60.82,407,153.88,1075.35,62.67,99.2,172,43.47,0
2026-10-07 17:00:00,Engineering Block,33.82,43.88,346,104.67,902.52,73.43,57.91,83,63.99,0
2026-10-07 18:00:00,Library,33.74,56.64,29,106.53,889.97,73.46,57.96,27,82.73,0
2026-10-07 19:00:00,Computer Science Block,24.45,76.0,489,89.44,897.41,63.2,97.7,198,96.07,0
2026-10-07 20:00:00,Engineering Block,30.69,52.5,146,86.66,663.91,94.23,42.33,96,49.97,0
2026-10-07 21:00:00,Laboratory,23.29,81.15,492,85.65,857.13,88.01,45.67,175,69.15,0
2026-10-07 22:00:00,Engineering Block,33.62,71.72,176,78.22,1129.34,93.24,72.7,195,99.68,0
2026-10-07 23:00:00,Hostel B,28.98,64.01,250,76.32,470.13,93.88,54.39,235,71.12,0
2026-10-08 00:00:00,Auditorium,31.8,65.61,34,172.28,1099.24,88.21,79.2,207,71.28,0
2026-10-08 01:00:00,Admin Block,21.14,50.83,294,168.78,948.25,57.48,47.02,95,41.4,0
2026-10-08 02:00:00,Auditorium,30.71,57.35,461,160.16,1001.47,76.05,72.0,154,51.93,0
2026-10-08 03:00:00,Hostel B,27.97,74.41,385,122.56,808.16,79.46,79.31,82,43.32,0
2026-10-08 04:00:00,Hostel B,31.41,53.85,456,105.1,812.08,75.11,67.85,187,94.83,0
2026-10-08 05:00:00,Admin Block,31.66,70.61,65,138.21,524.61,97.78,28.2,21,62.49,0
2026-10-08 06:00:00,Laboratory,28.26,46.23,293,171.52,764.5,79.74,56.46,59,55.05,0
2026-10-08 07:00:00,Computer Science Block,25.6,48.02,125,212.7853039172117,1902.7443128545524,222.55344225134704,96.98,61,81.33,1
2026-10-08 08:00:00,Hostel B,31.12,79.01,22,106.24,1224.2,75.97,19.38,188,54.28,0
2026-10-08 09:00:00,Computer Science Block,27.76,59.88,345,140.62,915.19,118.47,73.47,171,90.76,0
2026-10-08 10:00:00,Hostel B,24.51,54.62,272,237.37,513.19,75.51,80.93,134,77.3,0
2026-10-08 11:00:00,Hostel A,24.32,73.63,41,92.33,840.01,86.53,70.75,64,33.08,0
2026-10-08 12:00:00,Admin Block,22.09,72.46,74,83.55,704.11,87.33,20.14,162,69.19,0
2026-10-08 13:00:00,Hostel B,25.96,69.21,393,162.87,834.19,44.03,16.73,33,87.57,0
2026-10-08 14:00:00,Hostel A,32.41,54.3,467,156.28,875.81,43.58,55.6,107,95.86,0
2026-10-08 15:00:00,Auditorium,28.71,57.13,316,83.55,1345.25,85.85,38.89,127,51.19,0
2026-10-08 16:00:00,Library,25.88,63.12,129,130.83,945.69,50.49,45.15,246,50.42,0
2026-10-08 17:00:00,Hostel A,31.22,66.94,392,108.05,943.25,92.81,34.55,88,68.19,0
2026-10-08 18:00:00,Engineering Block,24.67,54.92,242,76.42,966.48,118.88,83.77,100,31.16,0
2026-10-08 19:00:00,Hostel B,28.38,61.71,488,78.28,702.05,58.67,86.5,133,50.65,0
2026-10-08 20:00:00,Hostel A,27.28,62.67,267,99.93,1229.57,72.19,11.47,231,83.65,0
2026-10-08 21:00:00,Computer Science Block,31.12,72.87,155,125.57,946.45,20.72,83.2,153,90.42,0
2026-10-08 22:00:00,Library,21.69,67.54,340,144.65,790.53,29.58,70.6,202,57.5,0
2026-10-08 23:00:00,Laboratory,24.6,44.93,406,106.11,1001.0,94.21,50.9,215,94.14,0
2026-10-09 00:00:00,Hostel B,21.45,57.86,432,110.56,1201.38,80.52,17.45,231,49.8,0
2026-10-09 01:00:00,Engineering Block,26.96,50.71,265,140.27,936.67,59.68,70.18,84,32.71,0
2026-10-09 02:00:00,Laboratory,32.85,65.68,89,109.32,853.12,20.0,33.7,17,41.58,0
2026-10-09 03:00:00,Hostel A,25.98,69.23,37,110.85,863.49,68.72,59.47,210,90.68,0
2026-10-09 04:00:00,Laboratory,25.96,61.02,205,160.88,1036.59,83.19,29.96,14,97.77,0
2026-10-09 05:00:00,Laboratory,31.49,57.32,136,106.78,969.19,112.28,89.01,145,72.51,0
2026-10-09 06:00:00,Library,32.27,60.69,276,98.49,911.47,71.73,41.42,100,81.09,0
2026-10-09 07:00:00,Auditorium,27.65,62.09,297,98.93,809.25,147.02,71.8,226,88.43,0
2026-10-09 08:00:00,Laboratory,30.74,53.6,114,114.08,927.56,68.68,54.42,202,43.36,0
2026-10-09 09:00:00,Laboratory,23.69,47.81,426,164.51,501.21,50.58,92.29,209,68.49,0
2026-10-09 10:00:00,Hostel B,33.51,39.5,411,135.17,1169.05,121.29,30.51,125,95.67,0
2026-10-09 11:00:00,Auditorium,36.59,72.67,432,115.63,872.05,115.27,95.98,195,54.91,0
2026-10-09 12:00:00,Library,30.08,64.96,447,116.2,587.23,114.17,77.71,214,99.34,0
2026-10-09 13:00:00,Engineering Block,19.66,63.63,134,147.01,775.29,124.74,73.09,86,79.39,0
2026-10-09 14:00:00,Hostel A,25.77,72.65,81,116.04,1050.42,95.85,85.65,219,77.05,0
2026-10-09 15:00:00,Library,30.45,47.45,294,115.52,1238.69,62.93,68.65,232,32.06,0
2026-10-09 16:00:00,Library,26.31,42.64,334,131.66,982.16,32.35,19.92,160,30.72,0
2026-10-09 17:00:00,Admin Block,33.09,63.84,143,94.95,1017.13,76.7,72.86,181,41.07,0
2026-10-09 18:00:00,Library,30.35,62.93,99,188.47,760.64,55.74,49.39,138,95.31,0
2026-10-09 19:00:00,Auditorium,25.17,42.69,166,186.1,1334.77,76.0,59.82,148,85.46,0
2026-10-09 20:00:00,Admin Block,28.13,63.6,41,123.04,809.13,26.27,46.75,157,66.15,0
2026-10-09 21:00:00,Hostel A,24.42,56.0,102,115.84,871.11,37.65,25.4,16,64.4,0
2026-10-09 22:00:00,Laboratory,27.27,51.93,343,89.04,875.98,90.52,53.63,174,38.97,0
2026-10-09 23:00:00,Hostel B,25.78,56.67,24,122.69,1256.93,88.28,15.66,160,57.07,0
2026-10-10 00:00:00,Hostel B,32.7,35.58,280,85.3,943.6,68.2,14.83,33,40.49,0
2026-10-10 01:00:00,Hostel A,36.46,54.09,428,114.69,1065.4,40.69,57.99,58,49.07,0
2026-10-10 02:00:00,Hostel A,22.28,52.96,299,146.04,722.24,84.0,26.23,95,30.45,0
2026-10-10 03:00:00,Auditorium,20.31,65.57,148,156.29,966.07,67.96,66.13,209,56.74,0
2026-10-10 04:00:00,Computer Science Block,27.02,58.42,133,171.02,727.92,66.34,27.18,212,76.94,0
2026-10-10 05:00:00,Laboratory,21.93,66.39,303,136.18,711.79,109.17,82.47,90,78.11,0
2026-10-10 06:00:00,Hostel A,28.18,34.5,66,179.15104029691756,1580.309746436324,207.7757951235664,23.16,24,59.15,1
2026-10-10 07:00:00,Library,31.0,51.61,360,171.54,780.34,91.94,49.96,37,81.06,0
2026-10-10 08:00:00,Auditorium,33.98,65.56,207,153.66,694.9,89.31,51.92,203,59.7,0
2026-10-10 09:00:00,Hostel B,28.81,56.91,38,105.81,1164.31,113.95,65.81,232,93.19,0
2026-10-10 10:00:00,Engineering Block,27.23,68.45,106,85.18,653.62,77.29,46.2,240,52.15,0
2026-10-10 11:00:00,Auditorium,20.09,41.95,161,126.86,1333.13,64.93,69.11,141,72.18,0
2026-10-10 12:00:00,Hostel B,28.1,67.31,270,165.74,1116.09,80.64,78.98,120,37.15,0
2026-10-10 13:00:00,Admin Block,28.29,53.61,345,105.12,1282.86,100.91,21.06,143,65.01,0
2026-10-10 14:00:00,Auditorium,30.56,52.64,499,125.43,679.2,86.39,16.6,93,56.5,0
2026-10-10 15:00:00,Hostel B,25.17,69.91,389,140.89,1025.44,24.34,70.97,37,47.99,0
2026-10-10 16:00:00,Computer Science Block,26.26,71.62,499,69.4,905.85,106.9,86.8,46,52.2,0
2026-10-10 17:00:00,Auditorium,22.09,70.35,27,98.42,1084.4,90.68,53.18,115,52.29,0
2026-10-10 18:00:00,Auditorium,18.83,80.39,56,176.86,713.04,88.8,66.93,88,63.89,0
2026-10-10 19:00:00,Laboratory,23.57,72.67,105,52.47,1125.15,101.44,36.83,230,89.03,0
2026-10-10 20:00:00,Hostel A,21.72,52.05,91,162.16,1006.81,75.1,88.71,63,64.1,0
2026-10-10 21:00:00,Laboratory,29.35,61.42,400,269.5658835047962,1602.2241310162706,162.29197693724345,79.44,191,44.58,1
2026-10-10 22:00:00,Auditorium,25.93,56.4,285,134.93,472.74,100.98,62.85,29,34.84,0
2026-10-10 23:00:00,Hostel A,25.85,80.29,86,125.08,1102.43,94.51,37.59,118,54.47,0
2026-10-11 00:00:00,Hostel B,24.06,71.05,160,62.56,818.26,57.49,49.43,112,41.01,0
2026-10-11 01:00:00,Engineering Block,15.07,58.11,314,137.1,647.96,73.63,35.15,211,88.5,0
2026-10-11 02:00:00,Engineering Block,34.03,68.78,83,104.94,736.1,66.12,48.84,159,99.65,0
2026-10-11 03:00:00,Auditorium,24.0,47.68,49,162.42,1009.95,75.65,14.48,246,89.4,0
2026-10-11 04:00:00,Computer Science Block,26.35,62.5,407,131.8,813.21,112.05,19.51,229,56.93,0
2026-10-11 05:00:00,Admin Block,22.18,50.62,64,65.79,889.18,105.9,29.55,227,35.67,0
2026-10-11 06:00:00,Hostel B,31.89,43.11,153,93.15,920.25,101.05,91.36,147,79.66,0
2026-10-11 07:00:00,Hostel A,28.57,67.85,35,65.45,604.04,47.83,51.89,81,76.77,0
2026-10-11 08:00:00,Auditorium,24.69,69.09,297,73.36,997.2,69.2,53.25,45,34.71,0
2026-10-11 09:00:00,Hostel B,26.43,64.57,238,150.2,1010.12,20.0,57.58,84,85.21,0
2026-10-11 10:00:00,Auditorium,34.71,58.17,296,111.46,1380.11,81.32,55.02,226,87.72,0
2026-10-11 11:00:00,Computer Science Block,27.71,47.34,240,94.67,1016.68,72.91,17.76,213,80.24,0
2026-10-11 12:00:00,Library,27.27,48.39,212,119.02,936.97,72.08,39.11,214,80.94,0
2026-10-11 13:00:00,Library,24.23,50.31,177,106.62,439.42,109.46,16.07,153,78.28,0
2026-10-11 14:00:00,Computer Science Block,20.42,57.66,43,125.49,1018.1,63.85,16.27,100,60.53,0
2026-10-11 15:00:00,Hostel A,27.36,70.76,339,194.43,1313.02,91.44,16.95,208,73.14,0
2026-10-11 16:00:00,Laboratory,29.3,70.6,160,119.36,716.56,116.63,90.77,123,73.18,0
2026-10-11 17:00:00,Computer Science Block,32.4,43.51,241,159.21,479.31,83.75,29.71,61,67.64,0
2026-10-11 18:00:00,Auditorium,19.01,53.07,45,91.30211750751315,1068.0059280422308,192.12603041110825,16.06,5,72.27,1
2026-10-11 19:00:00,Hostel A,23.5,52.8,117,106.79,1039.36,97.35,10.26,81,57.96,0
2026-10-11 20:00:00,Engineering Block,25.68,34.68,295,76.26,752.61,64.39,65.19,204,77.48,0
2026-10-11 21:00:00,Computer Science Block,27.99,65.66,80,128.36,662.38,89.11,65.53,48,45.89,0
2026-10-11 22:00:00,Hostel A,27.42,57.54,399,146.98,923.27,123.56,33.84,245,89.73,0
2026-10-11 23:00:00,Computer Science Block,27.51,58.87,262,150.68,906.31,76.68,35.21,237,89.57,0
2026-10-12 00:00:00,Computer Science Block,29.63,73.46,409,115.34,1198.55,73.58,40.44,82,64.85,0
2026-10-12 01:00:00,Laboratory,24.39,60.88,446,162.48,743.87,82.56,41.87,84,64.76,0
2026-10-12 02:00:00,Laboratory,31.74,55.69,452,131.15,877.32,167.53,79.93,54,57.93,0
2026-10-12 03:00:00,Auditorium,29.73,65.72,28,140.01,328.55,66.27,94.56,23,33.2,0
2026-10-12 04:00:00,Hostel A,26.72,70.59,403,103.43,716.41,73.22,62.94,78,40.03,0
2026-10-12 05:00:00,Hostel A,34.4,62.96,376,170.17544902692444,1688.3235149637467,139.98868243932435,45.28,195,80.01,1
2026-10-12 06:00:00,Admin Block,34.23,66.89,440,109.35,785.1,67.75,36.53,227,39.99,0
2026-10-12 07:00:00,Computer Science Block,31.73,58.54,291,342.9852931399229,504.2399100722596,135.47784372985154,84.65,232,58.84,1
2026-10-12 08:00:00,Library,15.93,59.18,279,103.44,1004.81,43.28,18.11,199,54.8,0
2026-10-12 09:00:00,Computer Science Block,34.32,61.13,51,66.33,981.13,61.44,48.99,134,45.37,0
2026-10-12 10:00:00,Computer Science Block,31.18,52.47,359,112.87,621.97,59.6,69.88,233,67.02,0
2026-10-12 11:00:00,Hostel A,36.03,54.32,112,99.17,1025.87,51.75,32.55,150,55.41,0
2026-10-12 12:00:00,Computer Science Block,32.95,73.78,498,156.61,529.88,99.31,22.11,146,83.17,0
2026-10-12 13:00:00,Hostel B,34.31,80.08,147,125.58,668.01,102.93,68.66,198,74.73,0
2026-10-12 14:00:00,Computer Science Block,31.51,75.92,256,136.12,1199.03,96.07,63.96,156,63.64,0
2026-10-12 15:00:00,Hostel B,33.39,46.77,36,157.96,1174.96,73.14,65.74,66,70.28,0
2026-10-12 16:00:00,Laboratory,35.98,45.8,60,130.92,1020.85,62.15,98.04,70,60.18,0
2026-10-12 17:00:00,Library,28.87,48.09,492,172.6467960213032,1302.8165667991284,139.1514431640361,39.07,28,84.84,1
2026-10-12 18:00:00,Auditorium,21.71,61.34,320,133.6,962.49,69.12,98.72,210,97.23,0
2026-10-12 19:00:00,Hostel A,26.77,31.91,291,247.48621665978135,1381.3035226264724,66.49581268339638,14.22,188,83.68,1
2026-10-12 20:00:00,Computer Science Block,29.56,54.11,295,120.04,414.61,121.73,13.64,5,90.32,0
2026-10-12 21:00:00,Hostel B,28.3,74.07,61,122.81,586.28,30.63,87.28,50,84.86,0
2026-10-12 22:00:00,Hostel B,23.01,69.82,285,102.05,1121.02,114.04,38.98,121,58.53,0
2026-10-12 23:00:00,Laboratory,21.48,54.91,71,127.23,204.42,55.53,42.15,79,89.79,0
2026-10-13 00:00:00,Hostel B,25.04,55.67,207,136.2,870.77,67.95,14.61,19,32.66,0
2026-10-13 01:00:00,Auditorium,31.23,65.67,451,160.89,837.97,84.41,10.21,125,91.99,0
2026-10-13 02:00:00,Engineering Block,34.32,69.35,170,181.27,651.11,115.77,66.96,140,62.9,0
2026-10-13 03:00:00,Admin Block,31.67,54.67,263,137.97,851.89,70.93,57.04,161,53.1,0
2026-10-13 04:00:00,Auditorium,32.23,57.66,308,173.06,848.86,64.79,75.5,34,66.76,0
2026-10-13 05:00:00,Library,27.68,54.34,146,132.05,885.69,133.44,30.47,238,78.16,0
2026-10-13 06:00:00,Auditorium,21.03,46.69,224,141.69,815.7,102.25,86.27,93,73.07,0
2026-10-13 07:00:00,Laboratory,26.18,57.8,428,487.3929168587684,1807.1057476392984,194.427430192473,33.6,71,73.27,1
2026-10-13 08:00:00,Laboratory,26.96,57.04,325,116.99,1034.45,131.53,50.31,246,37.0,0
2026-10-13 09:00:00,Auditorium,26.01,47.39,376,81.03,635.68,91.34,43.13,5,81.03,0
2026-10-13 10:00:00,Computer Science Block,28.22,66.46,119,197.6,1098.72,93.78,86.97,223,79.82,0
2026-10-13 11:00:00,Engineering Block,29.77,64.83,363,320.9095696092032,1730.6572019085086,123.44706354731937,83.89,156,38.1,1
2026-10-13 12:00:00,Computer Science Block,31.41,66.96,473,79.53,336.51,113.33,49.75,28,33.05,0
2026-10-13 13:00:00,Computer Science Block,26.89,52.32,98,114.95,737.21,70.02,42.17,108,98.8,0
2026-10-13 14:00:00,Auditorium,20.38,40.16,202,136.29,836.24,62.58,80.69,135,82.24,0
2026-10-13 15:00:00,Hostel A,26.07,64.67,117,94.23,486.62,101.56,29.25,197,72.4,0
2026-10-13 16:00:00,Hostel A,28.17,53.36,87,77.06,819.61,80.89,94.68,61,52.14,0
2026-10-13 17:00:00,Hostel A,32.89,51.09,353,148.83,767.99,79.53,38.62,75,49.3,0
2026-10-13 18:00:00,Engineering Block,25.73,47.43,407,55.57,933.71,58.76,51.7,26,39.48,0
2026-10-13 19:00:00,Computer Science Block,30.05,57.25,47,101.93,740.81,36.43,82.75,123,72.6,0
2026-10-13 20:00:00,Admin Block,29.16,75.77,48,182.90888287575382,1148.9262352228227,64.58636623702839,81.56,122,70.32,1
2026-10-13 21:00:00,Library,28.18,54.95,357,85.26,1091.88,102.91,72.38,15,95.49,0
2026-10-13 22:00:00,Hostel A,31.72,49.1,141,107.8,925.63,48.46,20.42,200,73.95,0
2026-10-13 23:00:00,Hostel A,25.36,66.52,231,113.06,921.62,104.24,31.8,86,61.6,0
2026-10-14 00:00:00,Laboratory,25.7,61.73,195,20.0,765.67,144.78,74.22,143,92.81,0
2026-10-14 01:00:00,Computer Science Block,27.95,38.81,124,129.69,602.98,109.71,87.35,229,72.98,0
2026-10-14 02:00:00,Computer Science Block,25.44,66.62,499,148.83,989.87,89.71,25.14,111,80.0,0
2026-10-14 03:00:00,Engineering Block,30.03,81.28,91,171.42,593.4,88.1,99.03,109,73.87,0
2026-10-14 04:00:00,Engineering Block,25.15,33.99,129,118.22,1245.07,51.32,65.91,70,41.86,0
2026-10-14 05:00:00,Hostel A,28.91,47.64,132,44.61,584.69,102.65,83.91,186,38.67,0
2026-10-14 06:00:00,Computer Science Block,27.6,31.51,416,149.3,792.45,140.23,80.7,219,73.72,0
2026-10-14 07:00:00,Admin Block,28.86,59.25,251,122.53,1097.92,45.36,19.65,221,93.98,0
2026-10-14 08:00:00,Library,26.16,69.9,62,146.36,831.14,88.13,40.84,13,97.46,0
2026-10-14 09:00:00,Auditorium,26.64,61.06,284,123.82,947.42,76.26,51.26,24,99.68,0
2026-10-14 10:00:00,Computer Science Block,28.38,73.92,315,139.37,887.81,95.75,33.41,114,89.08,0
2026-10-14 11:00:00,Laboratory,28.81,68.31,65,88.27,480.28,77.4,71.42,243,55.47,0
2026-10-14 12:00:00,Auditorium,27.98,77.02,77,79.7,607.3,123.38,60.53,13,72.95,0
2026-10-14 13:00:00,Computer Science Block,34.82,71.6,244,115.51,784.66,86.15,98.28,193,72.63,0
2026-10-14 14:00:00,Hostel B,24.04,55.97,459,118.72,824.99,102.54,26.44,147,67.63,0
2026-10-14 15:00:00,Engineering Block,27.74,60.67,159,91.86,1031.88,106.69,60.5,65,81.94,0
2026-10-14 16:00:00,Laboratory,21.71,51.31,120,92.41,869.5,83.42,91.01,238,41.9,0
2026-10-14 17:00:00,Library,29.49,57.69,300,91.13,814.78,67.37,13.56,166,43.21,0
2026-10-14 18:00:00,Hostel A,23.54,60.62,257,160.79,751.92,77.2,54.79,132,96.13,0
2026-10-14 19:00:00,Laboratory,26.89,59.15,108,86.42,1054.17,100.88,29.17,211,88.79,0
2026-10-14 20:00:00,Computer Science Block,26.51,73.42,265,137.95,682.4,114.03,96.24,101,87.3,0
2026-10-14 21:00:00,Hostel A,29.12,56.7,419,92.28,564.07,74.99,69.89,240,63.82,0
2026-10-14 22:00:00,Computer Science Block,25.79,50.68,198,135.96,807.89,105.89,34.56,154,69.74,0
2026-10-14 23:00:00,Hostel A,25.62,51.3,399,167.75,1059.58,60.8,99.09,184,73.74,0
2026-10-15 00:00:00,Library,33.74,66.55,483,158.88,701.8,36.65,29.64,232,50.58,0
2026-10-15 01:00:00,Engineering Block,29.14,45.97,250,109.7,903.67,80.81,39.79,81,50.63,0
2026-10-15 02:00:00,Library,25.76,57.99,118,129.52,616.12,45.92,70.76,174,42.59,0
2026-10-15 03:00:00,Hostel B,27.0,73.28,234,104.51,662.14,103.98,61.08,18,69.21,0
2026-10-15 04:00:00,Admin Block,34.58,62.93,219,152.94,1210.42,98.64,84.2,129,41.45,0
2026-10-15 05:00:00,Engineering Block,27.06,59.25,275,117.35,331.81,126.21,70.24,110,44.08,0
2026-10-15 06:00:00,Library,25.24,59.64,456,167.66,664.02,97.28,62.04,239,93.18,0
2026-10-15 07:00:00,Hostel B,25.26,49.7,455,86.52,415.47,118.76,40.2,19,66.82,0
2026-10-15 08:00:00,Admin Block,25.8,51.43,214,92.05,651.95,139.64,36.62,37,73.33,0
2026-10-15 09:00:00,Hostel B,25.62,58.05,399,142.28,1053.28,60.43,18.82,135,39.4,0
2026-10-15 10:00:00,Computer Science Block,22.88,62.71,43,259.0318310647505,1911.631650918116,115.51481430551647,46.27,11,44.42,1
2026-10-15 11:00:00,Auditorium,23.5,69.48,382,183.89,537.17,85.29,81.02,50,36.88,0
2026-10-15 12:00:00,Computer Science Block,24.68,60.93,489,111.02,1029.22,61.18,35.61,181,49.01,0
2026-10-15 13:00:00,Hostel A,30.37,73.53,289,100.63,518.65,75.51,89.3,172,91.71,0
2026-10-15 14:00:00,Engineering Block,26.48,76.05,297,99.9,685.58,35.07,82.12,45,92.21,0
2026-10-15 15:00:00,Computer Science Block,27.17,67.95,245,109.98,915.79,79.44,99.79,248,77.15,0
2026-10-15 16:00:00,Laboratory,33.08,72.25,247,132.67,406.33,66.39,75.32,57,91.3,0
2026-10-15 17:00:00,Hostel B,33.18,50.09,147,62.35,678.72,74.95,14.43,60,43.37,0
2026-10-15 18:00:00,Engineering Block,26.87,48.51,50,76.84,828.75,95.35,63.41,73,40.36,0
2026-10-15 19:00:00,Auditorium,25.48,65.18,360,127.92,330.4,91.8,37.16,30,83.59,0
2026-10-15 20:00:00,Laboratory,24.54,46.59,270,132.99,642.67,90.35,95.37,120,99.28,0
2026-10-15 21:00:00,Computer Science Block,30.77,57.1,77,108.69,720.71,65.14,74.09,233,80.24,0
2026-10-15 22:00:00,Hostel A,27.18,67.71,344,135.94,666.53,92.08,80.45,6,32.59,0
2026-10-15 23:00:00,Library,26.45,74.13,166,66.79,717.3,76.69,60.52,54,42.87,0
2026-10-16 00:00:00,Hostel A,24.75,57.46,125,93.94,930.32,72.65,97.03,129,47.33,0
2026-10-16 01:00:00,Laboratory,24.92,53.5,456,93.18,900.83,97.45,25.36,5,59.59,0
2026-10-16 02:00:00,Admin Block,29.28,63.2,104,89.28,1166.45,93.43,45.04,72,45.47,0
2026-10-16 03:00:00,Computer Science Block,22.74,49.26,21,149.11,785.82,92.19,55.0,160,34.24,0
2026-10-16 04:00:00,Laboratory,31.98,58.27,456,153.28,470.07,69.1,59.81,110,48.08,0
2026-10-16 05:00:00,Admin Block,25.86,59.92,470,41.32,320.18,65.98,79.87,124,54.57,0
2026-10-16 06:00:00,Admin Block,27.4,59.72,322,50.81,1182.98,52.49,75.57,126,49.85,0
2026-10-16 07:00:00,Hostel B,22.65,60.89,390,124.46,834.52,102.21,14.93,62,31.95,0
2026-10-16 08:00:00,Engineering Block,27.95,51.65,72,99.11,925.0,95.85,75.14,62,94.93,0
2026-10-16 09:00:00,Hostel B,26.69,52.73,460,228.731906244821,1733.5744987964079,143.5425759943321,33.61,142,67.9,1
2026-10-16 10:00:00,Computer Science Block,27.8,52.53,241,131.26,900.51,36.77,47.45,147,89.4,0
2026-10-16 11:00:00,Admin Block,33.89,43.8,44,182.14,1151.58,80.69,50.52,22,31.08,0
2026-10-16 12:00:00,Auditorium,28.71,63.42,54,117.4,1035.79,42.11,72.42,242,85.8,0
2026-10-16 13:00:00,Laboratory,24.82,68.95,176,150.0,1096.85,51.03,71.32,171,79.31,0
2026-10-16 14:00:00,Library,25.15,67.96,479,104.82,644.8,116.02,44.06,195,98.4,0
2026-10-16 15:00:00,Admin Block,30.38,57.38,362,136.0,1042.56,55.07,83.19,144,38.03,0
2026-10-16 16:00:00,Laboratory,33.19,51.89,495,312.82648289109994,1874.3274658007679,126.30009911701848,20.93,204,74.99,1
2026-10-16 17:00:00,Auditorium,29.13,67.44,385,101.95,608.77,68.89,30.94,130,31.48,0
2026-10-16 18:00:00,Library,30.75,66.39,164,96.29,1247.31,57.63,48.22,174,54.99,0
2026-10-16 19:00:00,Hostel B,30.44,62.17,355,103.28,824.31,55.44,29.7,69,74.5,0
2026-10-16 20:00:00,Hostel B,33.68,77.44,452,150.44,409.82,35.88,93.48,167,95.25,0
2026-10-16 21:00:00,Engineering Block,20.2,59.74,459,145.42,1029.79,51.44,93.5,74,35.8,0
2026-10-16 22:00:00,Laboratory,30.67,57.43,476,32.76,974.33,84.68,25.35,50,64.25,0
2026-10-16 23:00:00,Admin Block,31.93,56.0,406,105.25,780.34,63.09,47.19,148,46.69,0
2026-10-17 00:00:00,Hostel A,22.65,44.39,297,135.07,993.9,63.16,99.28,153,45.14,0
2026-10-17 01:00:00,Hostel B,24.46,66.61,498,174.5,641.34,20.0,11.75,59,78.18,0
2026-10-17 02:00:00,Hostel B,24.6,58.95,417,116.5,967.61,63.14,13.9,17,31.91,0
2026-10-17 03:00:00,Engineering Block,25.08,65.1,406,133.11,1038.19,133.41,85.86,138,74.22,0
2026-10-17 04:00:00,Library,26.07,78.42,313,123.57,936.44,61.08,44.4,107,41.37,0
2026-10-17 05:00:00,Engineering Block,28.97,56.09,362,101.7,854.51,100.2,75.77,120,31.03,0
2026-10-17 06:00:00,Auditorium,31.46,36.62,296,72.94,811.54,60.23,65.64,161,68.06,0
2026-10-17 07:00:00,Admin Block,32.33,64.81,198,76.17,1206.45,89.66,72.49,134,37.87,0
2026-10-17 08:00:00,Laboratory,24.65,61.67,299,147.55,713.2,119.14,27.77,124,69.3,0
2026-10-17 09:00:00,Computer Science Block,24.62,52.68,371,124.21,875.09,78.94,59.24,53,49.63,0
2026-10-17 10:00:00,Computer Science Block,33.26,63.97,320,94.19,824.93,67.76,68.17,72,49.52,0
2026-10-17 11:00:00,Laboratory,30.59,67.86,216,70.05,934.87,82.05,59.69,88,86.38,0
2026-10-17 12:00:00,Library,28.33,50.53,244,147.07,1164.63,55.33,95.02,53,79.83,0
2026-10-17 13:00:00,Auditorium,29.89,56.99,447,85.18,1154.4,83.32,11.47,140,87.94,0
2026-10-17 14:00:00,Hostel B,27.88,74.77,66,143.66,1016.03,77.67,29.32,186,59.75,0
2026-10-17 15:00:00,Library,30.1,52.78,204,115.42,912.92,87.37,16.63,6,37.86,0
2026-10-17 16:00:00,Hostel B,26.66,60.67,422,271.1824199808974,1373.1956443666397,42.92869990287588,96.71,136,83.45,1
2026-10-17 17:00:00,Hostel B,29.08,33.76,181,181.27,1204.73,81.13,31.06,123,90.7,0
2026-10-17 18:00:00,Computer Science Block,21.96,45.18,150,46.56,577.33,94.47,76.63,237,71.15,0
2026-10-17 19:00:00,Library,25.25,61.58,314,89.25,774.97,78.96,23.11,107,45.43,0
2026-10-17 20:00:00,Auditorium,25.29,72.28,111,175.96,678.56,102.18,14.7,86,83.68,0
2026-10-17 21:00:00,Engineering Block,26.5,46.38,94,152.72,1018.0,55.64,27.19,178,33.1,0
2026-10-17 22:00:00,Hostel B,24.29,60.75,463,111.56,791.6,61.9,34.86,37,54.07,0
2026-10-17 23:00:00,Hostel A,25.87,56.24,157,185.35,452.3,94.94,51.24,14,57.36,0
2026-10-18 00:00:00,Hostel A,21.94,69.53,187,155.13,695.08,101.12,12.0,65,53.21,0
2026-10-18 01:00:00,Engineering Block,30.19,47.82,277,101.7,889.24,112.69,65.55,107,96.14,0
2026-10-18 02:00:00,Hostel A,27.67,64.3,257,82.44,967.11,85.02,69.06,189,88.26,0
2026-10-18 03:00:00,Admin Block,21.18,53.46,64,254.95400946145304,1569.1820276061171,51.72507058952112,36.18,86,67.13,1
2026-10-18 04:00:00,Hostel B,24.66,62.23,430,91.53,614.09,109.04,33.84,215,95.46,0
2026-10-18 05:00:00,Engineering Block,29.35,60.69,328,128.74,1207.48,87.76,27.14,227,40.92,0
2026-10-18 06:00:00,Library,25.83,57.48,156,172.39,977.99,85.04,29.37,113,36.75,0
2026-10-18 07:00:00,Hostel B,25.21,64.78,122,126.32,960.74,118.76,68.53,211,56.93,0
2026-10-18 08:00:00,Engineering Block,27.7,60.44,148,120.36,919.5,98.37,64.52,184,99.36,0
2026-10-18 09:00:00,Computer Science Block,29.37,58.67,180,61.54,570.51,101.76,92.34,125,93.26,0
2026-10-18 10:00:00,Auditorium,22.25,56.44,57,154.9,879.56,29.36,84.47,107,45.53,0
2026-10-18 11:00:00,Library,30.2,60.78,76,56.41,276.07,67.69,61.84,230,95.1,0
2026-10-18 12:00:00,Auditorium,24.8,62.22,180,167.34,952.18,104.67,25.06,56,74.18,0
2026-10-18 13:00:00,Computer Science Block,27.93,50.11,195,61.08,100.0,78.54,39.12,88,51.64,0
2026-10-18 14:00:00,Hostel B,27.86,56.51,278,91.0,658.03,92.38,52.84,36,87.21,0
2026-10-18 15:00:00,Library,25.89,49.45,307,160.89,859.78,85.34,47.86,130,89.97,0
2026-10-18 16:00:00,Auditorium,23.91,59.6,480,170.66,915.07,104.86,15.8,132,30.04,0
2026-10-18 17:00:00,Hostel A,26.86,54.08,424,123.31,533.18,48.08,42.24,184,39.43,0
2026-10-18 18:00:00,Auditorium,34.5,67.71,343,107.36,680.52,38.37,26.89,32,82.46,0
2026-10-18 19:00:00,Engineering Block,22.55,66.73,164,125.36,529.68,74.57,61.74,30,72.85,0
2026-10-18 20:00:00,Hostel B,34.77,50.77,445,51.26,1139.23,89.33,93.74,171,48.29,0
2026-10-18 21:00:00,Admin Block,26.96,59.98,87,158.22,673.34,67.23,22.59,234,49.22,0
2026-10-18 22:00:00,Auditorium,28.14,66.39,359,98.29,833.7,78.7,87.5,150,37.77,0
2026-10-18 23:00:00,Library,23.65,58.25,287,111.1,903.23,45.62,33.59,114,59.91,0
2026-10-19 00:00:00,Library,24.91,52.72,237,122.98,1017.08,47.71,72.0,15,34.3,0
2026-10-19 01:00:00,Laboratory,25.99,49.08,320,129.71,976.54,62.46,64.66,239,77.86,0
2026-10-19 02:00:00,Auditorium,23.82,68.54,183,135.63,996.39,101.58,29.63,78,47.18,0
2026-10-19 03:00:00,Hostel B,27.16,69.03,355,162.89,557.21,90.68,43.25,66,91.68,0
2026-10-19 04:00:00,Hostel B,26.37,57.92,198,164.46,953.35,97.89,59.21,134,36.65,0
2026-10-19 05:00:00,Computer Science Block,35.4,67.66,410,118.94,504.43,102.63,92.07,167,78.44,0
2026-10-19 06:00:00,Laboratory,23.34,30.35,436,145.72,949.81,140.2,26.59,174,90.94,0
2026-10-19 07:00:00,Auditorium,28.41,73.28,67,150.45,1165.06,42.03,40.93,101,79.28,0
2026-10-19 08:00:00,Hostel A,28.99,58.43,213,59.17,576.0,58.45,99.5,116,94.83,0
2026-10-19 09:00:00,Computer Science Block,23.72,61.42,308,104.68,493.53,113.39,81.06,18,53.0,0
2026-10-19 10:00:00,Laboratory,30.75,56.79,225,88.28,1265.41,75.39,44.58,141,39.46,0
2026-10-19 11:00:00,Auditorium,26.41,73.96,103,120.92,703.3,92.04,22.8,11,54.47,0
2026-10-19 12:00:00,Auditorium,18.03,49.39,120,163.95,994.24,50.1,55.07,27,71.73,0
2026-10-19 13:00:00,Computer Science Block,30.64,74.74,174,147.26,445.51,87.55,62.54,61,96.2,0
2026-10-19 14:00:00,Hostel A,23.53,63.96,66,148.7,1078.65,106.17,33.25,203,50.69,0
2026-10-19 15:00:00,Laboratory,23.81,66.23,253,106.18,1116.84,76.8,74.08,197,77.98,0
2026-10-19 16:00:00,Auditorium,30.75,56.71,360,221.60739904880202,2126.582558980339,167.32908692220823,58.69,152,37.04,1
2026-10-19 17:00:00,Auditorium,26.61,46.92,469,98.88,1295.61,87.35,43.03,61,48.77,0
2026-10-19 18:00:00,Laboratory,31.67,69.31,318,88.64,619.78,100.48,36.07,58,41.18,0
2026-10-19 19:00:00,Admin Block,32.84,63.11,355,140.17,1159.61,57.89,35.65,178,63.5,0
2026-10-19 20:00:00,Computer Science Block,25.42,73.62,166,100.79,976.16,39.02,81.08,236,95.57,0
2026-10-19 21:00:00,Computer Science Block,31.17,58.06,215,74.48,836.53,90.03,54.84,103,94.06,0
2026-10-19 22:00:00,Library,24.98,55.81,413,130.06,910.89,102.16,35.46,42,59.9,0
2026-10-19 23:00:00,Hostel A,36.93,73.88,41,122.36,1366.07,127.65,80.96,51,90.03,0
2026-10-20 00:00:00,Engineering Block,25.23,79.12,479,130.4,622.54,82.67,11.96,248,60.2,0
2026-10-20 01:00:00,Admin Block,32.1,60.09,213,170.64,895.03,61.57,99.58,115,58.63,0
2026-10-20 02:00:00,Laboratory,31.38,52.47,405,220.20098502471765,2502.670610202698,116.4023236940141,89.98,12,91.92,1
2026-10-20 03:00:00,Laboratory,29.26,68.11,383,97.52,929.11,79.18,76.87,227,32.14,0
2026-10-20 04:00:00,Laboratory,25.32,57.46,373,97.27,521.49,74.3,33.98,23,91.65,0
2026-10-20 05:00:00,Admin Block,27.39,65.99,293,86.35,874.01,89.66,90.09,201,88.43,0
2026-10-20 06:00:00,Auditorium,19.39,57.41,403,93.2,418.44,133.76,83.49,177,44.06,0
2026-10-20 07:00:00,Laboratory,28.9,75.64,227,76.24,749.31,112.2,82.12,38,58.45,0
2026-10-20 08:00:00,Laboratory,29.4,53.01,294,124.15,540.69,39.62,25.78,176,89.6,0
2026-10-20 09:00:00,Hostel A,28.53,64.81,236,96.34,692.24,79.82,65.39,212,69.06,0
2026-10-20 10:00:00,Hostel B,16.11,55.11,433,124.49,1102.44,39.61,91.0,11,80.99,0
2026-10-20 11:00:00,Hostel B,22.94,57.18,409,107.29,719.67,62.16,55.4,109,40.93,0
2026-10-20 12:00:00,Library,25.01,55.88,46,116.29,835.07,59.75,59.64,25,63.17,0
2026-10-20 13:00:00,Library,29.17,67.39,34,181.36,1256.58,76.78,46.7,48,65.78,0
2026-10-20 14:00:00,Laboratory,29.16,69.18,178,160.05,922.93,75.61,70.3,29,36.64,0
2026-10-20 15:00:00,Hostel A,27.32,65.58,447,66.12,835.74,75.96,87.43,51,52.74,0
2026-10-20 16:00:00,Laboratory,30.54,58.92,233,98.66,774.4,122.86,55.94,241,81.38,0
2026-10-20 17:00:00,Library,23.9,61.4,479,53.57,941.57,106.12,97.21,134,41.9,0
2026-10-20 18:00:00,Admin Block,30.44,68.98,413,105.92,1181.19,74.64,46.32,196,73.5,0
2026-10-20 19:00:00,Admin Block,29.9,69.29,424,131.63,610.82,89.32,20.93,76,35.24,0
2026-10-20 20:00:00,Auditorium,29.51,33.1,450,157.56,943.78,120.02,11.31,87,35.42,0
2026-10-20 21:00:00,Engineering Block,27.27,57.28,458,155.81,531.17,45.19,62.11,110,78.63,0
2026-10-20 22:00:00,Hostel B,35.32,57.76,398,131.13,391.96,77.98,83.21,105,99.48,0
2026-10-20 23:00:00,Hostel A,29.97,66.69,370,134.33999943439508,1605.2289620587578,165.75155756206001,86.36,87,55.45,1
2026-10-21 00:00:00,Computer Science Block,24.13,59.33,183,149.56,888.99,59.75,96.74,185,73.1,0
2026-10-21 01:00:00,Hostel B,28.99,67.19,146,121.71,373.15,42.04,57.37,57,73.34,0
2026-10-21 02:00:00,Computer Science Block,31.01,49.21,349,126.64,625.03,66.32,28.92,197,42.3,0
2026-10-21 03:00:00,Engineering Block,25.65,62.6,77,188.34,709.18,73.71,71.04,160,95.83,0
2026-10-21 04:00:00,Engineering Block,32.36,69.0,166,86.95,957.31,104.75,90.36,108,66.94,0
2026-10-21 05:00:00,Laboratory,29.53,45.26,490,192.6,1208.79,35.32,26.71,210,57.36,0
2026-10-21 06:00:00,Library,18.63,85.14,467,182.94,527.7,90.41,41.31,155,39.43,0
2026-10-21 07:00:00,Engineering Block,29.2,71.91,275,122.38,786.94,70.1,80.48,140,69.36,0
2026-10-21 08:00:00,Engineering Block,26.38,60.01,129,126.77,1280.88,90.27,31.12,39,93.18,0
2026-10-21 09:00:00,Computer Science Block,30.15,51.72,413,95.25,1166.16,121.27,90.87,227,65.72,0
2026-10-21 10:00:00,Library,31.78,58.25,68,126.66,275.02,58.16,85.81,155,38.63,0
2026-10-21 11:00:00,Engineering Block,28.78,60.84,201,260.5945214756348,1175.6532717507073,184.1856195974791,55.46,50,49.43,1
2026-10-21 12:00:00,Hostel B,34.66,64.41,80,149.73760695290926,1610.707734017793,153.31454085082206,99.8,75,99.13,1
2026-10-21 13:00:00,Auditorium,27.29,75.01,462,94.98,1031.72,69.89,36.57,6,58.09,0
2026-10-21 14:00:00,Engineering Block,30.5,55.24,494,111.64,1131.16,94.32,93.83,215,98.96,0
2026-10-21 15:00:00,Auditorium,31.22,65.63,254,119.68,415.59,99.34,36.19,96,68.2,0
2026-10-21 16:00:00,Library,27.61,47.08,261,60.06,901.85,60.04,72.51,42,79.71,0
2026-10-21 17:00:00,Laboratory,31.12,55.86,149,159.45,909.98,48.89,77.97,40,45.44,0
2026-10-21 18:00:00,Hostel A,25.62,63.77,350,102.59,1132.2,50.69,68.54,184,99.11,0
2026-10-21 19:00:00,Library,26.31,66.91,283,109.48,976.37,68.91,58.28,229,30.6,0
2026-10-21 20:00:00,Computer Science Block,22.75,52.47,422,126.21,968.57,62.68,68.74,129,89.97,0
2026-10-21 21:00:00,Hostel A,28.97,55.59,227,110.65,942.43,94.28,12.08,188,78.2,0
2026-10-21 22:00:00,Hostel B,29.3,74.61,471,159.88,851.43,93.66,89.3,22,76.14,0
2026-10-21 23:00:00,Admin Block,32.72,71.62,161,110.05,1146.51,85.2,57.95,170,52.07,0
2026-10-22 00:00:00,Auditorium,31.16,62.08,41,99.59,601.99,103.85,53.58,142,43.02,0
2026-10-22 01:00:00,Auditorium,26.86,37.63,36,141.7,1159.37,79.03,61.72,30,73.67,0
2026-10-22 02:00:00,Auditorium,23.29,85.11,382,146.6,802.01,90.53,61.36,132,94.07,0
2026-10-22 03:00:00,Library,29.73,59.8,338,207.61,713.91,92.19,75.61,211,47.54,0
2026-10-22 04:00:00,Auditorium,32.44,56.87,141,53.66,798.58,69.84,17.87,63,86.44,0
2026-10-22 05:00:00,Laboratory,31.02,54.78,301,271.8449961857887,1693.7738843033455,74.59463161773017,94.67,100,36.19,1
2026-10-22 06:00:00,Auditorium,32.34,63.76,246,143.83,1302.03,49.31,94.66,213,47.01,0
2026-10-22 07:00:00,Computer Science Block,27.15,63.87,439,88.15,543.85,112.3,11.13,5,33.86,0
2026-10-22 08:00:00,Hostel B,26.13,69.51,392,169.21,524.82,54.58,57.17,147,56.75,0
2026-10-22 09:00:00,Auditorium,25.05,50.74,320,96.04,583.64,105.2,75.96,94,78.74,0
2026-10-22 10:00:00,Auditorium,27.78,56.88,305,124.14,792.93,117.2,35.17,230,64.7,0
2026-10-22 11:00:00,Hostel A,27.69,80.31,135,158.06,652.31,62.75,67.52,122,67.65,0
2026-10-22 12:00:00,Hostel B,28.83,62.25,168,81.75,250.21,86.4,69.04,72,70.25,0
2026-10-22 13:00:00,Auditorium,27.48,58.27,423,115.34,678.15,71.47,29.55,223,45.63,0
2026-10-22 14:00:00,Library,27.47,50.58,189,146.87,558.17,69.51,28.95,172,53.35,0
2026-10-22 15:00:00,Engineering Block,24.89,65.06,109,249.77404337138563,1917.4237721316836,208.8819063056998,77.72,11,61.84,1
2026-10-22 16:00:00,Laboratory,31.77,70.31,138,143.4,1006.33,101.82,73.84,168,70.16,0
2026-10-22 17:00:00,Library,28.31,68.75,203,147.98,938.24,76.65,87.68,241,89.29,0
2026-10-22 18:00:00,Admin Block,27.3,57.41,415,101.49,418.47,100.37,89.56,120,62.33,0
2026-10-22 19:00:00,Library,25.01,63.61,283,176.66,1203.68,116.66,24.22,225,83.83,0
2026-10-22 20:00:00,Hostel A,22.67,76.72,246,222.00919976431385,1144.6031821936408,136.0972259326778,82.29,52,38.25,1
2026-10-22 21:00:00,Hostel A,33.23,70.71,112,167.49,1054.19,101.29,69.76,153,39.08,0
2026-10-22 22:00:00,Auditorium,30.22,52.16,136,132.3,1001.98,56.92,68.04,64,50.17,0
2026-10-22 23:00:00,Library,21.5,34.54,466,98.43,647.62,63.04,34.33,147,52.27,0
2026-10-23 00:00:00,Hostel A,31.05,62.97,331,89.81,933.94,87.62,84.61,11,73.84,0
2026-10-23 01:00:00,Engineering Block,31.69,67.99,410,129.83,873.26,80.32,99.09,243,45.35,0
2026-10-23 02:00:00,Hostel B,28.5,49.11,337,112.3,1116.38,78.0,24.67,110,39.89,0
2026-10-23 03:00:00,Library,34.39,59.91,140,137.09,684.53,99.2,76.58,224,75.21,0
2026-10-23 04:00:00,Laboratory,28.87,57.36,336,112.07,891.66,76.49,44.18,193,99.81,0
2026-10-23 05:00:00,Engineering Block,22.33,61.04,157,122.62,597.37,105.04,26.91,13,99.44,0
2026-10-23 06:00:00,Auditorium,29.46,54.55,250,137.91,1159.23,96.74,22.46,185,94.54,0
2026-10-23 07:00:00,Hostel B,28.98,72.91,325,117.8,819.64,82.1,28.79,98,34.34,0
2026-10-23 08:00:00,Laboratory,25.59,61.48,167,111.01,617.05,74.17,86.65,247,83.5,0
2026-10-23 09:00:00,Auditorium,30.29,51.21,303,132.46,1003.64,80.16,59.32,228,56.89,0
2026-10-23 10:00:00,Laboratory,21.33,69.17,161,107.17,1115.08,52.14,90.27,112,87.56,0
2026-10-23 11:00:00,Auditorium,31.96,47.36,351,143.51,731.81,73.24,91.8,209,33.39,0
2026-10-23 12:00:00,Laboratory,24.49,72.84,27,135.92,1370.03,52.53,23.56,178,88.59,0
2026-10-23 13:00:00,Hostel B,24.06,69.91,410,144.46,1228.89,91.05,66.58,229,73.39,0
2026-10-23 14:00:00,Engineering Block,27.54,73.9,24,144.25,860.85,45.82,14.61,198,35.61,0
2026-10-23 15:00:00,Laboratory,29.73,58.42,276,111.27,741.72,42.23,34.64,88,97.09,0
2026-10-23 16:00:00,Laboratory,28.66,55.04,386,50.03,522.49,78.38,25.6,113,91.07,0
2026-10-23 17:00:00,Computer Science Block,25.03,60.84,348,114.35,581.19,95.74,85.48,154,78.23,0
2026-10-23 18:00:00,Library,25.98,59.16,265,283.69008405488245,663.8639300307011,143.80115983073256,42.83,39,55.84,1
2026-10-23 19:00:00,Hostel B,23.47,53.47,485,115.83,998.24,109.7,99.41,94,65.68,0
2026-10-23 20:00:00,Auditorium,27.1,54.46,254,94.8,831.37,83.2,22.71,135,31.91,0
2026-10-23 21:00:00,Hostel B,32.3,56.34,381,163.41,715.69,137.42,30.55,173,77.03,0
2026-10-23 22:00:00,Hostel A,27.98,48.3,29,206.6778270192402,222.61856837968918,126.07339580089594,68.05,55,96.88,1
2026-10-23 23:00:00,Auditorium,31.44,66.78,261,96.09,982.77,141.54,97.19,25,45.3,0
2026-10-24 00:00:00,Hostel B,33.82,59.48,461,194.0793763034562,1813.6625358370688,117.58078497834363,76.01,33,58.53,1
2026-10-24 01:00:00,Engineering Block,25.65,56.92,340,109.71,853.78,97.68,21.32,247,90.33,0
2026-10-24 02:00:00,Auditorium,27.25,48.9,207,99.58,850.14,83.98,47.31,5,34.63,0
2026-10-24 03:00:00,Auditorium,36.68,48.4,423,119.32,1105.62,89.47,99.65,153,52.4,0
2026-10-24 04:00:00,Hostel B,33.78,79.36,333,123.65,443.46,63.82,16.25,115,95.9,0
2026-10-24 05:00:00,Auditorium,21.31,53.73,446,86.32,1436.13,93.44,35.68,73,83.83,0
2026-10-24 06:00:00,Computer Science Block,29.55,66.11,432,81.13,519.0,48.73,21.2,239,35.66,0
2026-10-24 07:00:00,Library,28.0,61.63,21,145.19,791.37,77.84,83.84,71,62.51,0
2026-10-24 08:00:00,Auditorium,31.31,32.25,173,118.32,171.35,66.25,85.02,61,65.88,0
2026-10-24 09:00:00,Library,25.02,77.92,222,257.7483535395419,1632.3945855104187,103.7848267648382,40.93,94,81.83,1
2026-10-24 10:00:00,Hostel B,24.64,66.84,236,142.41,769.7,104.7,40.23,176,45.01,0
2026-10-24 11:00:00,Laboratory,25.3,52.32,334,109.68,844.73,89.91,83.21,160,46.49,0
2026-10-24 12:00:00,Admin Block,25.71,59.72,124,135.24,940.87,32.9,24.19,104,89.69,0
2026-10-24 13:00:00,Admin Block,31.26,48.51,20,146.06,722.55,102.09,83.98,231,45.71,0
2026-10-24 14:00:00,Laboratory,23.28,78.26,273,91.89,1238.11,80.28,18.7,177,61.33,0
2026-10-24 15:00:00,Laboratory,25.51,50.92,306,66.36,720.75,102.01,36.53,217,78.66,0
2026-10-24 16:00:00,Laboratory,20.84,54.77,313,86.73,982.6,83.32,55.34,66,66.74,0
2026-10-24 17:00:00,Engineering Block,32.03,52.7,297,140.06,629.98,47.59,20.86,155,94.07,0
2026-10-24 18:00:00,Admin Block,33.08,60.8,213,180.34,1103.89,115.4,16.72,134,65.78,0
2026-10-24 19:00:00,Laboratory,26.69,73.7,450,118.76,588.97,100.23,34.3,51,44.53,0
2026-10-24 20:00:00,Engineering Block,26.81,77.89,276,164.57,786.53,82.6,62.76,73,88.21,0
2026-10-24 21:00:00,Hostel A,29.81,56.01,269,151.96,692.35,51.85,83.2,71,84.52,0
2026-10-24 22:00:00,Auditorium,33.9,63.78,267,95.53,925.24,90.2,75.92,13,44.16,0
2026-10-24 23:00:00,Engineering Block,29.63,60.82,107,117.69,629.08,87.27,59.28,60,83.98,0
2026-10-25 00:00:00,Admin Block,25.21,50.18,453,335.00171579711304,1185.3587271303786,79.98062327675804,69.5,45,52.56,1
2026-10-25 01:00:00,Hostel B,21.52,84.23,439,78.9,805.91,78.19,58.37,90,69.57,0
2026-10-25 02:00:00,Hostel A,23.54,73.63,272,149.7,738.88,33.47,58.7,24,97.96,0
2026-10-25 03:00:00,Admin Block,28.29,61.89,448,157.49,856.17,33.8,11.44,64,33.1,0
2026-10-25 04:00:00,Auditorium,25.38,75.82,183,148.41,650.99,51.95,44.48,45,41.95,0
2026-10-25 05:00:00,Engineering Block,28.78,72.12,181,115.82,661.55,81.43,60.29,40,72.43,0
2026-10-25 06:00:00,Computer Science Block,25.79,60.82,284,136.95,840.36,58.33,63.48,72,33.51,0
2026-10-25 07:00:00,Library,23.77,63.26,479,154.4,1196.1,106.28,55.7,166,37.7,0
2026-10-25 08:00:00,Auditorium,23.29,75.12,129,68.49,771.41,61.02,72.84,100,72.91,0
2026-10-25 09:00:00,Admin Block,34.25,50.54,359,36.09,1027.71,70.54,43.15,211,88.9,0
2026-10-25 10:00:00,Laboratory,31.56,76.74,407,138.03,948.37,107.33,22.87,147,68.2,0
2026-10-25 11:00:00,Engineering Block,34.92,57.75,226,99.11,647.05,68.65,12.87,196,43.07,0
2026-10-25 12:00:00,Laboratory,30.16,75.25,338,126.3,1030.26,80.38,61.3,213,39.2,0
2026-10-25 13:00:00,Laboratory,26.28,59.95,151,239.20824273183956,1685.9766658970552,201.0348017425666,54.75,46,87.44,1
2026-10-25 14:00:00,Laboratory,33.29,63.38,152,162.86,1100.23,128.24,31.23,162,93.19,0
2026-10-25 15:00:00,Laboratory,27.87,59.66,413,125.97,1497.5,102.33,29.94,104,82.83,0
2026-10-25 16:00:00,Laboratory,28.88,54.68,127,138.62,860.33,91.27,62.32,17,45.37,0
2026-10-25 17:00:00,Hostel A,27.83,57.3,191,136.27,1151.67,134.03,19.62,74,54.64,0
2026-10-25 18:00:00,Admin Block,16.21,73.79,59,147.74,1110.26,47.54,22.23,35,60.15,0
2026-10-25 19:00:00,Auditorium,34.42,36.86,311,100.17,740.24,132.0,32.39,152,38.7,0
2026-10-25 20:00:00,Admin Block,29.96,47.61,54,130.63,735.19,85.7,89.62,148,47.74,0
2026-10-25 21:00:00,Auditorium,29.32,52.75,78,38.37,520.39,90.73,73.46,24,80.86,0
2026-10-25 22:00:00,Library,27.75,49.22,212,97.88,1136.48,52.14,60.18,70,84.77,0
2026-10-25 23:00:00,Engineering Block,28.65,75.1,229,155.77,626.58,48.74,43.22,148,42.77,0
2026-10-26 00:00:00,Computer Science Block,25.61,72.58,391,73.57,702.48,67.72,47.58,39,52.86,0
2026-10-26 01:00:00,Hostel A,30.47,65.92,50,77.41,1325.27,78.83,25.47,194,64.6,0
2026-10-26 02:00:00,Engineering Block,22.77,53.62,193,142.77,721.62,79.6,85.65,215,42.26,0
2026-10-26 03:00:00,Hostel A,28.74,73.35,324,244.6673145728431,1908.2579139214542,163.9782525532286,26.37,171,90.42,1
2026-10-26 04:00:00,Auditorium,30.25,44.12,409,163.91,1337.43,65.92,78.46,232,51.18,0
2026-10-26 05:00:00,Admin Block,27.21,81.42,217,122.62,631.03,91.33,31.55,228,47.35,0
2026-10-26 06:00:00,Laboratory,29.48,53.15,125,173.24,1034.69,40.89,78.1,179,92.55,0
2026-10-26 07:00:00,Library,24.03,57.38,294,179.55,968.66,116.11,37.36,103,77.15,0
2026-10-26 08:00:00,Library,24.14,55.71,115,164.65,1048.04,65.48,98.31,249,65.87,0
2026-10-26 09:00:00,Hostel B,28.95,49.27,189,102.14,1142.33,84.13,92.79,8,37.51,0
2026-10-26 10:00:00,Computer Science Block,30.71,79.25,49,80.81,396.07,71.07,88.87,37,40.17,0
2026-10-26 11:00:00,Library,20.5,67.89,301,164.5,995.43,79.38,26.3,202,45.67,0
2026-10-26 12:00:00,Laboratory,30.09,72.15,406,119.47,1023.44,87.15,17.55,121,45.3,0
2026-10-26 13:00:00,Admin Block,25.83,47.76,180,127.02,729.28,170.83,96.77,124,92.09,0
2026-10-26 14:00:00,Computer Science Block,27.23,61.81,325,160.2,1085.46,35.28,49.22,164,95.93,0
2026-10-26 15:00:00,Auditorium,22.64,65.21,434,80.74,1159.39,57.3,88.82,199,59.18,0
2026-10-26 16:00:00,Engineering Block,24.59,62.71,130,140.6,728.77,49.0,53.82,56,44.04,0
2026-10-26 17:00:00,Auditorium,31.86,48.4,231,102.73,524.55,87.57,68.42,25,49.16,0
2026-10-26 18:00:00,Laboratory,28.13,70.76,215,147.74,1314.59,89.68,77.99,108,31.64,0
2026-10-26 19:00:00,Laboratory,26.47,61.22,115,133.52,644.06,114.83,58.12,30,45.06,0
2026-10-26 20:00:00,Library,27.53,50.45,357,150.86,516.56,81.26,94.34,51,31.09,0
2026-10-26 21:00:00,Computer Science Block,29.96,41.45,157,105.12,899.56,112.17,14.32,139,97.32,0
2026-10-26 22:00:00,Admin Block,29.76,66.07,297,95.16,283.53,107.93,85.14,107,73.65,0
2026-10-26 23:00:00,Auditorium,27.7,84.5,466,120.05,870.18,76.88,71.9,242,77.19,0
2026-10-27 00:00:00,Hostel B,32.37,49.85,329,99.67,1059.15,62.79,39.76,164,35.76,0
2026-10-27 01:00:00,Auditorium,31.88,61.7,198,97.98,710.5,76.53,52.32,105,62.27,0
2026-10-27 02:00:00,Hostel A,29.65,71.1,356,95.45,982.39,63.41,52.47,127,60.22,0
2026-10-27 03:00:00,Hostel A,28.22,47.3,253,142.16,970.0,81.88,13.87,83,88.56,0
2026-10-27 04:00:00,Admin Block,30.63,55.2,268,188.36,976.44,60.19,58.17,8,84.56,0
2026-10-27 05:00:00,Admin Block,29.26,51.4,151,147.75,749.09,88.61,15.95,213,59.08,0
2026-10-27 06:00:00,Hostel A,32.24,69.85,268,144.53,859.45,39.23,56.45,170,80.94,0
2026-10-27 07:00:00,Hostel B,31.6,73.26,312,143.67,896.26,89.49,29.36,241,36.07,0
2026-10-27 08:00:00,Computer Science Block,23.93,61.59,474,88.04,868.39,97.29,85.02,86,47.75,0
2026-10-27 09:00:00,Hostel A,23.66,51.58,82,144.25,808.82,94.36,16.25,213,41.91,0
2026-10-27 10:00:00,Admin Block,25.2,55.57,326,56.91,1301.54,20.0,36.55,110,80.78,0
2026-10-27 11:00:00,Library,31.9,53.7,411,133.07,931.15,85.47,46.77,121,91.81,0
2026-10-27 12:00:00,Engineering Block,21.69,50.23,276,145.67,953.87,90.53,64.19,120,73.31,0
2026-10-27 13:00:00,Hostel B,29.58,58.98,267,148.47,543.93,151.64,98.88,146,76.55,0
2026-10-27 14:00:00,Laboratory,29.45,65.75,283,142.8,1425.13,84.11,21.64,56,71.37,0
2026-10-27 15:00:00,Hostel B,32.65,64.9,486,76.4,1069.94,43.18,43.55,5,71.34,0
2026-10-27 16:00:00,Library,28.72,59.92,356,97.53,933.51,37.73,71.3,165,44.83,0
2026-10-27 17:00:00,Library,22.63,60.57,380,161.15,1280.11,74.28,43.64,149,31.28,0
2026-10-27 18:00:00,Laboratory,24.16,59.18,458,132.93,555.41,58.57,31.67,164,43.46,0
2026-10-27 19:00:00,Auditorium,23.27,47.03,387,131.05,575.16,100.5,83.34,44,52.33,0
2026-10-27 20:00:00,Admin Block,25.85,61.6,412,101.44,1114.1,121.16,26.86,117,58.02,0
2026-10-27 21:00:00,Hostel A,27.27,54.16,198,81.42,1164.39,20.0,40.29,249,80.49,0
2026-10-27 22:00:00,Auditorium,23.34,46.53,419,94.42,386.51,71.78,31.64,174,31.09,0
2026-10-27 23:00:00,Computer Science Block,33.88,63.71,456,71.36,603.17,112.21,96.46,163,70.57,0
2026-10-28 00:00:00,Hostel B,22.7,53.88,334,139.27,471.46,101.01,85.26,106,50.61,0
2026-10-28 01:00:00,Laboratory,33.38,62.28,320,20.0,1092.08,59.2,51.49,43,42.61,0
2026-10-28 02:00:00,Hostel B,32.74,68.48,184,94.53,873.92,89.45,85.61,159,49.88,0
2026-10-28 03:00:00,Auditorium,31.59,50.5,110,407.753949257918,1527.3493593535134,214.2651285992142,71.44,185,55.67,1
2026-10-28 04:00:00,Library,25.22,60.92,341,112.5,590.13,80.81,42.12,52,89.52,0
2026-10-28 05:00:00,Hostel A,29.37,41.9,211,92.95,915.7,96.4,28.84,125,47.55,0
2026-10-28 06:00:00,Hostel B,22.89,75.33,311,198.2,464.21,111.76,42.45,85,66.94,0
2026-10-28 07:00:00,Computer Science Block,31.64,46.41,95,105.87,1056.27,78.03,56.64,226,81.57,0
2026-10-28 08:00:00,Library,27.7,54.85,325,189.59,1299.77,82.29,28.0,235,94.9,0
2026-10-28 09:00:00,Computer Science Block,26.36,73.38,118,110.26,282.83,105.67,34.61,138,32.32,0
2026-10-28 10:00:00,Hostel A,23.11,57.65,114,151.95,1194.62,97.91,68.21,189,84.34,0
2026-10-28 11:00:00,Hostel B,18.09,48.03,200,200.24,825.44,114.03,75.19,207,47.16,0
2026-10-28 12:00:00,Engineering Block,23.85,67.13,460,125.23,938.72,103.4,51.05,138,88.76,0
2026-10-28 13:00:00,Auditorium,32.45,66.91,422,108.01,753.95,123.91,97.26,226,40.33,0
2026-10-28 14:00:00,Hostel B,26.39,53.67,173,145.03,583.29,65.59,37.45,86,76.85,0
2026-10-28 15:00:00,Auditorium,27.32,54.75,393,180.62810879664474,1853.20385843443,164.22357113262788,92.05,45,81.73,1
2026-10-28 16:00:00,Hostel A,30.62,55.65,375,164.15,693.54,76.52,34.68,136,66.4,0
2026-10-28 17:00:00,Hostel B,35.22,57.93,343,97.55,1235.51,38.51,76.21,228,54.11,0
2026-10-28 18:00:00,Auditorium,33.3,41.07,131,66.03,1049.9,55.47,99.85,13,41.02,0
2026-10-28 19:00:00,Laboratory,24.11,58.19,190,116.58,792.22,107.73,85.02,71,37.35,0
2026-10-28 20:00:00,Auditorium,20.23,77.84,272,104.74,1278.47,96.7,52.78,31,82.9,0
2026-10-28 21:00:00,Hostel B,37.44,51.04,402,34.08,840.25,104.4,21.21,71,34.21,0
2026-10-28 22:00:00,Admin Block,37.08,54.17,370,120.54,1180.55,75.31,96.96,50,70.78,0
2026-10-28 23:00:00,Hostel B,28.75,48.16,141,81.94,1164.22,84.49,74.86,223,32.02,0
2026-10-29 00:00:00,Hostel B,22.92,66.12,461,104.33,534.8,91.13,85.42,185,62.26,0
2026-10-29 01:00:00,Auditorium,31.85,72.03,224,81.85,657.89,73.07,61.55,188,39.68,0
2026-10-29 02:00:00,Computer Science Block,27.57,71.8,264,143.22,801.85,90.15,53.05,189,75.55,0
2026-10-29 03:00:00,Engineering Block,27.55,47.52,146,119.57,807.12,27.61,17.06,232,47.15,0
2026-10-29 04:00:00,Computer Science Block,31.58,65.0,378,69.13,965.54,81.68,15.58,209,54.53,0
2026-10-29 05:00:00,Auditorium,29.34,74.34,334,169.51,423.37,68.58,62.39,130,83.21,0
2026-10-29 06:00:00,Computer Science Block,23.26,65.1,65,131.0,839.46,93.1,26.99,116,72.26,0
2026-10-29 07:00:00,Library,26.7,64.78,471,102.77,989.11,122.95,70.74,140,80.62,0
2026-10-29 08:00:00,Admin Block,30.64,55.28,315,93.55,1067.01,94.45,96.14,18,78.75,0
2026-10-29 09:00:00,Computer Science Block,30.04,62.2,255,117.97,705.4,96.13,42.03,222,92.31,0
2026-10-29 10:00:00,Laboratory,29.05,72.36,160,75.82,595.7,134.82,76.33,105,84.64,0
2026-10-29 11:00:00,Hostel A,31.73,63.28,140,166.24,768.92,72.11,92.02,61,81.21,0
2026-10-29 12:00:00,Laboratory,26.55,47.52,380,159.86,987.02,58.65,85.93,33,34.75,0
2026-10-29 13:00:00,Hostel A,28.71,55.44,28,108.69,551.0,46.27,17.55,135,38.09,0
2026-10-29 14:00:00,Hostel B,14.5,72.09,85,106.4,781.13,117.96,70.97,220,68.0,0
2026-10-29 15:00:00,Library,26.2,63.25,328,89.11,737.87,108.84,37.23,147,53.22,0
2026-10-29 16:00:00,Admin Block,31.06,61.19,479,129.51,466.47,44.58,91.26,105,65.77,0
2026-10-29 17:00:00,Laboratory,26.44,54.46,100,129.79,454.94,108.14,25.37,146,81.02,0
2026-10-29 18:00:00,Admin Block,26.14,71.89,279,145.09,1222.72,92.91,30.02,108,52.76,0
2026-10-29 19:00:00,Laboratory,23.83,76.62,401,130.18,1053.34,45.73,54.27,227,90.4,0
2026-10-29 20:00:00,Hostel B,32.01,72.63,417,88.87,1103.08,91.1,39.75,15,60.05,0
2026-10-29 21:00:00,Hostel A,30.19,74.43,488,94.7,765.25,85.08,42.35,129,53.16,0
2026-10-29 22:00:00,Engineering Block,31.3,56.41,124,125.16,886.96,80.31,48.2,30,65.86,0
2026-10-29 23:00:00,Library,21.1,55.0,411,95.78,993.68,46.02,22.94,197,65.88,0
2026-10-30 00:00:00,Laboratory,27.36,58.44,116,168.33,1244.16,147.94,18.63,29,90.1,0
2026-10-30 01:00:00,Laboratory,26.88,60.39,209,119.43,948.05,51.14,27.36,66,43.38,0
2026-10-30 02:00:00,Hostel B,26.88,74.31,448,151.59825566811458,1067.4248338576222,112.22236782749393,58.07,153,66.31,1
2026-10-30 03:00:00,Library,25.54,71.66,367,116.82,1015.65,47.62,46.12,55,86.8,0
2026-10-30 04:00:00,Hostel A,26.62,65.38,214,113.17,141.2,113.82,69.76,102,76.77,0
2026-10-30 05:00:00,Hostel A,31.4,45.69,465,167.45,628.46,52.35,72.38,71,68.96,0
2026-10-30 06:00:00,Laboratory,20.35,43.12,353,121.58,876.39,70.97,66.74,117,89.48,0
2026-10-30 07:00:00,Engineering Block,35.11,62.4,102,140.9,1011.22,91.81,30.45,186,84.13,0
2026-10-30 08:00:00,Engineering Block,29.94,68.8,270,114.82,1023.77,27.13,66.01,11,34.41,0
2026-10-30 09:00:00,Admin Block,27.83,59.2,89,155.89,750.28,57.06,60.67,15,61.37,0
2026-10-30 10:00:00,Library,31.63,79.15,311,166.28,817.03,61.14,67.38,227,79.29,0
2026-10-30 11:00:00,Library,22.19,49.18,359,88.14,768.14,107.4,32.42,94,74.78,0
2026-10-30 12:00:00,Hostel A,25.34,47.92,404,99.47,1022.38,75.94,98.96,27,53.65,0
2026-10-30 13:00:00,Admin Block,27.52,53.36,207,112.61,982.84,69.15,98.86,212,60.72,0
2026-10-30 14:00:00,Hostel B,33.46,52.98,477,152.27,826.4,106.77,89.09,246,65.52,0
2026-10-30 15:00:00,Library,27.81,65.26,160,97.49,691.51,67.87,31.44,215,59.99,0
2026-10-30 16:00:00,Admin Block,29.8,55.78,159,42.22,947.26,112.96,77.74,152,81.92,0
2026-10-30 17:00:00,Admin Block,25.64,44.52,94,148.33,874.04,147.14,21.3,190,64.45,0
2026-10-30 18:00:00,Laboratory,29.95,68.92,119,92.94,1227.03,111.88,92.53,123,85.84,0
2026-10-30 19:00:00,Hostel A,34.71,42.4,164,108.34,838.07,131.27,30.16,78,61.71,0
2026-10-30 20:00:00,Admin Block,31.98,49.29,194,106.44,796.21,95.88,49.69,48,32.92,0
2026-10-30 21:00:00,Auditorium,27.67,43.77,328,47.19,642.48,87.14,67.92,124,90.15,0
2026-10-30 22:00:00,Engineering Block,30.7,62.07,240,78.79,1231.86,79.67,42.97,189,81.36,0
2026-10-30 23:00:00,Auditorium,30.31,61.86,342,149.99,870.72,106.64,31.48,114,42.05,0
2026-10-31 00:00:00,Engineering Block,30.03,79.16,496,291.35353320989174,1383.8045184884604,94.80237901722208,81.36,26,53.9,1
2026-10-31 01:00:00,Computer Science Block,32.45,69.14,29,153.47,1277.66,107.49,83.13,219,34.53,0
2026-10-31 02:00:00,Hostel A,32.42,74.42,65,176.61,1140.5,70.37,52.95,12,63.66,0
2026-10-31 03:00:00,Laboratory,27.49,62.89,358,155.96361696543326,959.4020507035164,183.32144219227544,36.9,107,61.98,1
2026-10-31 04:00:00,Hostel B,30.57,50.23,136,270.4549861765659,1783.4265258797918,143.98596475255013,73.85,17,42.66,1
2026-10-31 05:00:00,Auditorium,26.47,61.28,23,116.13,1139.94,98.11,91.0,81,42.97,0
2026-10-31 06:00:00,Auditorium,24.31,65.92,332,172.96,413.42,100.35,82.34,139,47.14,0
2026-10-31 07:00:00,Computer Science Block,26.92,67.04,257,82.19,1228.16,87.61,60.52,33,79.64,0
2026-10-31 08:00:00,Engineering Block,27.69,55.28,313,131.49,705.38,86.15,15.37,177,52.91,0
2026-10-31 09:00:00,Laboratory,21.35,64.89,415,164.97,1039.45,68.68,92.73,13,70.6,0
2026-10-31 10:00:00,Computer Science Block,31.44,50.67,50,151.16,721.58,81.51,91.77,94,46.78,0
2026-10-31 11:00:00,Hostel A,16.93,49.57,149,137.9,1418.41,60.81,33.05,138,90.23,0
2026-10-31 12:00:00,Laboratory,38.86,48.84,260,94.91,902.12,51.49,71.79,37,78.6,0
2026-10-31 13:00:00,Hostel A,34.01,60.25,404,158.07,1076.09,39.9,43.63,33,99.17,0
2026-10-31 14:00:00,Admin Block,26.96,48.22,100,63.78,888.89,99.31,29.8,87,90.76,0
2026-10-31 15:00:00,Library,28.04,55.75,44,137.55,587.22,54.37,10.96,36,39.44,0
2026-10-31 16:00:00,Admin Block,29.21,69.03,280,59.38,828.48,94.6,42.86,153,79.45,0
2026-10-31 17:00:00,Hostel A,25.64,49.71,67,182.54,498.73,82.32,28.99,189,49.98,0
2026-10-31 18:00:00,Auditorium,28.77,54.96,417,79.83,924.23,50.08,12.13,21,71.63,0
2026-10-31 19:00:00,Laboratory,27.42,60.72,71,103.85,798.2,39.1,57.4,102,75.32,0
2026-10-31 20:00:00,Engineering Block,27.62,62.47,349,178.32,502.86,89.32,30.93,215,82.72,0
2026-10-31 21:00:00,Hostel B,28.73,55.01,168,135.71,736.76,52.02,62.99,65,65.59,0
2026-10-31 22:00:00,Engineering Block,22.75,67.87,428,94.58,579.14,86.64,47.64,79,56.15,0
2026-10-31 23:00:00,Laboratory,28.16,65.9,118,124.21,735.58,93.63,40.72,64,96.17,0
2026-11-01 00:00:00,Admin Block,28.65,71.4,86,130.23,812.26,52.94,43.84,168,53.46,0
2026-11-01 01:00:00,Hostel B,28.52,59.18,229,134.8,1031.48,45.63,61.65,122,50.52,0
2026-11-01 02:00:00,Laboratory,27.14,54.87,267,112.64,630.55,75.32,85.06,155,51.93,0
2026-11-01 03:00:00,Hostel A,32.55,53.17,138,108.72,644.15,72.36,70.24,91,87.71,0
2026-11-01 04:00:00,Auditorium,26.59,63.07,453,144.06,935.14,61.98,19.95,102,74.43,0
2026-11-01 05:00:00,Engineering Block,28.91,56.23,247,207.4770214607212,1399.3228139449946,53.53481500038673,61.03,231,42.9,1
2026-11-01 06:00:00,Hostel A,33.19,54.31,122,82.41,1037.81,105.23,79.2,149,43.66,0
2026-11-01 07:00:00,Hostel B,27.68,55.52,308,108.95,798.63,77.66,38.0,17,37.83,0
2026-11-01 08:00:00,Hostel B,28.86,53.16,259,119.3,987.77,94.32,66.52,228,59.37,0
2026-11-01 09:00:00,Engineering Block,27.61,61.99,420,132.1,124.98,78.43,10.04,85,63.36,0
2026-11-01 10:00:00,Hostel A,32.95,45.87,251,126.86,666.48,102.18,94.58,10,54.55,0
2026-11-01 11:00:00,Computer Science Block,26.97,63.03,473,73.8,858.37,73.6,34.1,248,57.52,0
2026-11-01 12:00:00,Hostel A,33.13,66.77,309,137.45,822.7,71.76,91.54,195,72.72,0
2026-11-01 13:00:00,Hostel B,27.59,54.19,173,112.7,886.31,58.53,29.5,175,68.3,0
2026-11-01 14:00:00,Hostel A,24.56,79.22,189,100.33,1070.05,86.55,90.66,174,60.71,0
2026-11-01 15:00:00,Auditorium,30.72,60.18,178,152.75,718.32,70.72,59.92,244,64.75,0
2026-11-01 16:00:00,Laboratory,26.78,44.39,132,94.69,925.12,67.18,26.42,175,85.49,0
2026-11-01 17:00:00,Admin Block,30.48,57.19,70,307.0028600775005,1542.4564483337856,64.76715197586532,38.73,232,66.13,1
2026-11-01 18:00:00,Auditorium,17.08,60.63,495,179.07,966.37,69.49,84.69,157,97.04,0
2026-11-01 19:00:00,Computer Science Block,28.02,64.49,55,333.2325074378779,2056.6712989113953,165.90972999616915,95.75,60,68.68,1
2026-11-01 20:00:00,Library,26.16,57.43,32,96.45,574.83,76.65,88.89,183,52.9,0
2026-11-01 21:00:00,Laboratory,23.75,49.88,360,140.07,935.96,94.13,88.43,71,96.05,0
2026-11-01 22:00:00,Admin Block,25.79,49.05,237,129.4,998.24,54.1,10.39,60,36.87,0
2026-11-01 23:00:00,Library,25.71,53.46,262,94.75,886.59,65.8,50.35,115,91.13,0
2026-11-02 00:00:00,Engineering Block,27.81,54.42,242,157.43,943.87,89.61,85.33,195,38.55,0
2026-11-02 01:00:00,Library,22.53,48.65,227,119.99,891.5,79.35,13.17,19,74.96,0
2026-11-02 02:00:00,Laboratory,29.27,52.67,498,60.342524762341135,1042.8356935097838,36.250462258968426,72.47,195,92.2,1
2026-11-02 03:00:00,Hostel A,33.46,66.59,288,171.73,733.35,65.88,55.1,50,37.44,0
2026-11-02 04:00:00,Laboratory,29.12,76.48,241,172.83,892.41,52.66,81.13,22,99.97,0
2026-11-02 05:00:00,Auditorium,31.24,67.55,307,217.97707355251464,1800.9679291045054,115.57959351420038,33.47,14,63.73,1
2026-11-02 06:00:00,Library,32.38,73.06,408,141.71,685.04,20.0,89.4,137,64.33,0
2026-11-02 07:00:00,Hostel B,32.95,69.74,31,132.07,677.59,85.07,36.71,170,54.0,0
2026-11-02 08:00:00,Admin Block,35.48,68.33,206,103.36,832.76,96.58,95.61,217,57.65,0
2026-11-02 09:00:00,Admin Block,26.0,56.62,188,213.43,501.73,64.59,67.64,176,61.86,0
2026-11-02 10:00:00,Library,25.13,61.41,312,98.4,725.91,73.1,27.73,133,42.55,0
2026-11-02 11:00:00,Admin Block,31.13,55.79,343,121.8,1161.29,62.09,79.83,57,64.03,0
2026-11-02 12:00:00,Hostel B,30.83,57.81,125,80.86,917.83,119.6,58.13,48,71.78,0
2026-11-02 13:00:00,Laboratory,31.1,60.68,195,149.98,737.09,113.14,46.71,29,31.79,0
2026-11-02 14:00:00,Admin Block,35.56,67.14,446,144.23,735.86,108.74,52.49,47,82.14,0
2026-11-02 15:00:00,Library,28.05,64.23,368,150.14,1451.22,127.43,45.94,161,69.28,0
2026-11-02 16:00:00,Computer Science Block,29.7,58.38,60,77.29,841.44,112.66,73.67,174,37.67,0
2026-11-02 17:00:00,Computer Science Block,24.08,60.56,331,129.66,984.34,66.77,33.3,230,88.99,0
2026-11-02 18:00:00,Engineering Block,36.54,64.33,344,133.78,669.47,82.73,56.09,115,64.77,0
2026-11-02 19:00:00,Auditorium,26.65,66.67,268,73.93,972.92,93.79,77.99,191,59.78,0
2026-11-02 20:00:00,Admin Block,26.77,44.81,286,133.66,506.33,88.0,22.92,87,56.82,0
2026-11-02 21:00:00,Auditorium,26.61,49.23,241,97.36,750.31,43.65,36.27,186,84.93,0
2026-11-02 22:00:00,Laboratory,25.42,71.07,412,109.56,778.01,96.82,29.21,55,35.67,0
2026-11-02 23:00:00,Library,25.08,59.39,132,140.22,311.0,93.04,61.47,176,79.38,0
2026-11-03 00:00:00,Admin Block,25.91,55.76,303,126.96,966.6,94.56,47.09,58,74.6,0
2026-11-03 01:00:00,Hostel A,22.54,57.37,297,93.99,724.76,88.14,39.16,187,59.64,0
2026-11-03 02:00:00,Hostel B,24.86,57.36,222,80.29,1055.31,79.72,42.2,23,96.6,0
2026-11-03 03:00:00,Admin Block,35.8,65.58,360,176.56976740232597,1373.1022227477358,166.28771974789208,52.26,232,68.55,1
2026-11-03 04:00:00,Admin Block,30.94,48.92,281,127.85,605.94,29.31,47.66,193,71.7,0
2026-11-03 05:00:00,Auditorium,31.7,60.25,301,120.5,981.81,92.78,73.57,16,83.42,0
2026-11-03 06:00:00,Auditorium,32.71,62.46,163,115.58,815.68,105.68,72.34,36,73.77,0
2026-11-03 07:00:00,Computer Science Block,35.34,63.96,262,111.94,860.22,122.66,12.4,218,89.0,0
2026-11-03 08:00:00,Hostel B,20.91,62.23,289,170.27,979.66,93.85,73.87,133,46.03,0
2026-11-03 09:00:00,Library,23.08,65.16,54,264.5969811435648,1299.699018539365,87.15503759120764,29.98,5,85.0,1
2026-11-03 10:00:00,Admin Block,24.79,54.27,317,127.09,691.45,67.23,47.78,233,34.45,0
2026-11-03 11:00:00,Computer Science Block,26.12,50.58,72,112.28,424.22,92.21,30.02,28,77.83,0
2026-11-03 12:00:00,Auditorium,26.8,84.57,375,223.82443707048046,1182.4311264264977,136.14760297667573,20.71,81,98.98,1
2026-11-03 13:00:00,Engineering Block,26.21,56.99,169,185.88,803.74,53.91,62.55,245,78.12,0
2026-11-03 14:00:00,Hostel B,28.88,58.16,456,139.71,843.99,83.7,95.56,53,53.07,0
2026-11-03 15:00:00,Computer Science Block,28.14,66.78,469,147.2,1211.41,75.41,43.48,96,65.46,0
2026-11-03 16:00:00,Computer Science Block,25.11,75.96,32,91.97,1370.28,72.86,71.04,229,99.5,0
2026-11-03 17:00:00,Laboratory,19.3,54.55,286,154.61,820.44,82.18,50.77,94,63.52,0
2026-11-03 18:00:00,Computer Science Block,24.03,50.01,415,84.91,958.77,81.43,26.32,21,85.14,0
2026-11-03 19:00:00,Laboratory,25.8,47.58,116,131.68,734.62,119.15,92.89,29,42.76,0
2026-11-03 20:00:00,Admin Block,27.01,75.93,105,123.86,681.57,30.58,50.46,67,88.86,0
2026-11-03 21:00:00,Admin Block,23.48,49.62,328,166.28,796.26,78.99,10.76,164,42.34,0
2026-11-03 22:00:00,Auditorium,26.04,59.72,284,102.6,699.56,80.07,51.1,6,99.56,0
2026-11-03 23:00:00,Engineering Block,23.48,50.23,90,139.57,661.49,34.26,10.53,111,37.55,0
2026-11-04 00:00:00,Hostel A,27.5,45.52,36,133.74,712.97,97.6,81.45,34,56.71,0
2026-11-04 01:00:00,Hostel A,23.71,57.08,208,93.12,678.8,101.21,43.11,118,79.17,0
2026-11-04 02:00:00,Hostel A,24.6,50.62,29,138.79,852.8,40.47,65.31,210,82.16,0
2026-11-04 03:00:00,Auditorium,22.77,53.08,185,114.75,886.79,99.82,79.0,81,51.44,0
2026-11-04 04:00:00,Laboratory,27.39,80.06,398,118.53,564.03,58.65,12.49,169,71.87,0
2026-11-04 05:00:00,Auditorium,24.53,64.25,58,107.1,938.13,89.1,56.63,249,35.95,0
2026-11-04 06:00:00,Hostel B,31.63,69.31,385,211.39643333044017,1401.9756207012165,162.7671593719128,67.43,79,32.5,1
2026-11-04 07:00:00,Hostel B,29.62,68.25,364,121.48,798.62,86.02,52.4,63,39.62,0
2026-11-04 08:00:00,Engineering Block,27.72,58.99,238,138.54,932.01,26.72,37.57,177,57.78,0
2026-11-04 09:00:00,Hostel B,24.81,55.6,113,131.25,1226.43,38.04,51.69,180,64.21,0
2026-11-04 10:00:00,Hostel A,29.52,62.49,177,150.8,814.93,85.45,45.39,77,36.94,0
2026-11-04 11:00:00,Hostel A,30.76,61.68,382,148.9,617.05,93.25,65.04,232,60.78,0
2026-11-04 12:00:00,Auditorium,28.57,54.31,53,172.51,979.06,56.92,52.22,26,93.74,0
2026-11-04 13:00:00,Computer Science Block,34.41,61.3,308,144.01,985.88,114.32,21.72,72,71.6,0
2026-11-04 14:00:00,Hostel B,29.84,52.94,435,125.04,915.64,64.04,17.55,227,51.56,0
2026-11-04 15:00:00,Auditorium,31.65,58.29,31,159.64,842.61,71.38,24.69,175,43.17,0
2026-11-04 16:00:00,Admin Block,28.53,56.65,252,124.4,575.11,75.94,15.91,234,65.87,0
2026-11-04 17:00:00,Admin Block,30.7,47.31,106,130.14,563.45,86.04,32.82,247,46.8,0
2026-11-04 18:00:00,Computer Science Block,24.81,36.49,112,31.76,754.25,77.49,16.3,120,95.98,0
2026-11-04 19:00:00,Computer Science Block,26.17,50.61,126,88.5,594.47,72.43,64.32,237,52.92,0
2026-11-04 20:00:00,Computer Science Block,29.4,78.04,212,144.49,1051.84,77.51,50.02,197,33.16,0
2026-11-04 21:00:00,Auditorium,29.37,56.9,487,166.95,456.73,85.78,32.99,187,84.85,0
2026-11-04 22:00:00,Admin Block,30.03,67.76,29,138.85,834.99,86.05,11.13,151,85.4,0
2026-11-04 23:00:00,Hostel A,32.4,38.76,144,141.29,813.67,86.99,23.16,68,92.31,0
2026-11-05 00:00:00,Computer Science Block,22.3,49.92,294,143.55,990.16,79.87,70.0,13,87.34,0
2026-11-05 01:00:00,Engineering Block,24.1,46.46,298,121.28,1029.71,97.16,32.45,208,50.79,0
2026-11-05 02:00:00,Laboratory,28.92,57.98,147,87.18,657.04,84.14,39.96,171,83.34,0
2026-11-05 03:00:00,Auditorium,25.1,84.22,360,142.41,1171.87,87.22,16.87,175,90.08,0
2026-11-05 04:00:00,Computer Science Block,41.51,64.6,204,76.67,586.62,89.93,59.35,166,89.18,0
2026-11-05 05:00:00,Laboratory,30.06,76.96,382,137.22,1065.54,95.66,82.39,207,61.82,0
2026-11-05 06:00:00,Library,27.69,57.46,374,169.7,998.86,100.67,41.8,233,79.18,0
2026-11-05 07:00:00,Computer Science Block,25.94,73.65,78,130.09,395.92,78.09,20.32,67,95.07,0
2026-11-05 08:00:00,Admin Block,26.08,80.73,499,138.39,584.9,93.6,95.86,180,73.79,0
2026-11-05 09:00:00,Hostel B,28.12,58.91,201,158.1,1075.89,108.96,56.01,179,52.51,0
2026-11-05 10:00:00,Computer Science Block,28.45,54.61,93,114.88,891.64,57.17,18.05,149,35.65,0
2026-11-05 11:00:00,Auditorium,26.17,46.82,21,172.29,866.14,79.04,54.76,213,37.83,0
2026-11-05 12:00:00,Hostel B,26.91,56.91,262,155.83,203.16,71.63,14.04,123,63.63,0
2026-11-05 13:00:00,Library,33.38,60.82,247,124.78,807.08,111.57,14.98,212,72.34,0
2026-11-05 14:00:00,Engineering Block,33.54,80.31,67,100.03522047405292,1031.5695592334066,75.42442394641687,38.66,48,42.54,1
2026-11-05 15:00:00,Hostel B,29.01,47.05,25,116.43,539.09,63.67,70.95,155,43.13,0
2026-11-05 16:00:00,Laboratory,22.63,60.6,62,187.48480232036388,1595.6533283528363,215.76818255350335,73.46,111,38.13,1
2026-11-05 17:00:00,Hostel A,30.15,41.86,164,131.35,861.05,84.0,91.13,44,52.29,0
2026-11-05 18:00:00,Computer Science Block,34.22,55.73,146,171.09,635.71,91.06,19.72,108,70.53,0
2026-11-05 19:00:00,Library,33.48,63.11,354,285.00128437683264,1324.3653745251747,130.15897240702049,51.76,16,78.0,1
2026-11-05 20:00:00,Library,30.94,65.13,265,127.91,876.59,89.72,52.87,219,93.75,0
2026-11-05 21:00:00,Hostel B,33.69,65.89,439,111.11,965.7,77.87,51.47,55,71.77,0
2026-11-05 22:00:00,Engineering Block,28.21,63.97,427,55.9,1036.79,52.85,85.73,215,46.18,0
2026-11-05 23:00:00,Admin Block,30.51,65.8,140,146.86,983.3,116.11,83.02,54,80.92,0
2026-11-06 00:00:00,Computer Science Block,25.28,60.46,251,132.77,842.35,81.16,55.7,228,92.52,0
2026-11-06 01:00:00,Library,29.17,49.52,395,155.8,639.21,85.93,80.07,197,44.69,0
2026-11-06 02:00:00,Engineering Block,33.32,41.48,208,133.23,935.2,73.13,15.33,83,84.15,0
2026-11-06 03:00:00,Hostel A,25.64,54.53,304,100.4,603.33,118.29,57.89,180,86.48,0
2026-11-06 04:00:00,Library,24.55,58.65,261,137.77,875.45,94.23,18.54,28,51.45,0
2026-11-06 05:00:00,Engineering Block,28.39,72.54,97,132.22,809.6,73.93,88.03,193,65.01,0
2026-11-06 06:00:00,Auditorium,27.09,58.99,77,155.43,1049.69,86.55,55.28,58,59.06,0
2026-11-06 07:00:00,Admin Block,30.6,58.03,469,111.19,1030.51,57.48,11.58,57,47.53,0
2026-11-06 08:00:00,Admin Block,26.19,63.86,489,99.16,996.07,77.94,59.47,53,66.08,0
2026-11-06 09:00:00,Library,34.87,57.3,200,126.76,969.77,67.9,76.4,128,91.22,0
2026-11-06 10:00:00,Laboratory,22.84,68.11,89,119.3,826.62,44.93,22.14,121,34.98,0
2026-11-06 11:00:00,Library,33.01,79.79,284,102.26,1237.81,83.21,35.46,94,93.8,0
2026-11-06 12:00:00,Hostel B,24.94,81.91,223,101.73,997.57,70.62,50.35,172,33.87,0
2026-11-06 13:00:00,Computer Science Block,20.82,60.97,189,165.1,1221.1,117.06,47.32,131,61.23,0
2026-11-06 14:00:00,Engineering Block,28.95,63.37,314,119.07,1114.05,43.04,55.26,156,31.86,0
2026-11-06 15:00:00,Library,26.98,75.79,472,161.47,745.28,69.31,11.48,206,80.6,0
2026-11-06 16:00:00,Computer Science Block,23.56,58.5,397,196.52,710.54,86.83,76.43,202,37.91,0
2026-11-06 17:00:00,Hostel B,21.27,66.79,266,114.71,973.03,102.61,38.38,198,88.47,0
2026-11-06 18:00:00,Auditorium,27.97,48.65,443,97.83,551.73,68.85,73.16,129,92.88,0
2026-11-06 19:00:00,Auditorium,31.9,56.89,78,87.1,761.86,137.4,86.97,38,58.22,0
2026-11-06 20:00:00,Computer Science Block,30.34,71.56,319,160.67,679.14,70.41,71.85,150,99.01,0
2026-11-06 21:00:00,Library,28.23,52.82,340,118.21,843.7,54.8,70.47,92,57.82,0
2026-11-06 22:00:00,Admin Block,29.92,58.72,477,126.58,319.31,76.95,62.11,208,62.02,0
2026-11-06 23:00:00,Engineering Block,27.89,44.26,30,110.66,1384.87,125.4,10.09,156,59.36,0
2026-11-07 00:00:00,Engineering Block,22.28,80.06,366,119.6,1025.19,105.8,91.34,76,68.13,0
2026-11-07 01:00:00,Auditorium,22.32,72.63,490,214.97,1108.76,123.24,85.02,133,94.37,0
2026-11-07 02:00:00,Auditorium,27.19,61.88,359,101.1,888.67,115.51,27.51,177,37.55,0
2026-11-07 03:00:00,Admin Block,27.36,65.08,24,51.99,1149.95,126.75,26.23,157,57.61,0
2026-11-07 04:00:00,Laboratory,31.4,63.96,224,120.9,990.2,80.5,13.31,14,54.97,0
2026-11-07 05:00:00,Library,31.03,73.84,389,104.43,1056.29,126.96,44.16,104,36.99,0
2026-11-07 06:00:00,Auditorium,30.42,54.81,477,147.18,972.26,90.9,98.67,45,84.31,0
2026-11-07 07:00:00,Auditorium,26.88,67.32,264,123.04,1189.42,96.88,18.75,11,39.7,0
2026-11-07 08:00:00,Auditorium,22.48,70.77,268,163.01,675.28,116.14,60.85,55,33.27,0
2026-11-07 09:00:00,Engineering Block,29.65,72.15,452,51.74,1240.35,138.72,33.84,97,98.15,0
2026-11-07 10:00:00,Library,30.1,37.41,454,143.0,809.8,122.51,87.55,30,78.81,0
2026-11-07 11:00:00,Hostel B,18.45,54.01,439,171.0,649.99,48.02,55.65,238,81.08,0
2026-11-07 12:00:00,Library,24.66,49.81,124,109.12,959.41,81.03,86.82,231,70.25,0
2026-11-07 13:00:00,Computer Science Block,25.24,61.5,261,108.61,573.82,80.44,93.66,164,41.99,0
2026-11-07 14:00:00,Admin Block,28.47,39.84,291,107.37,728.58,54.58,67.02,182,67.38,0
2026-11-07 15:00:00,Laboratory,24.79,39.54,26,103.81,780.87,51.39,35.46,123,84.37,0
2026-11-07 16:00:00,Auditorium,27.85,81.7,243,161.36,795.36,66.91,50.36,44,79.59,0
2026-11-07 17:00:00,Auditorium,27.16,66.18,236,90.37,1093.0,98.25,66.83,100,74.93,0
2026-11-07 18:00:00,Library,27.36,61.21,63,144.16,1056.7,100.91,68.58,37,35.76,0
2026-11-07 19:00:00,Laboratory,25.13,63.64,45,69.4,772.65,72.25,16.03,86,75.33,0
2026-11-07 20:00:00,Auditorium,25.44,61.46,311,78.67,960.48,32.38,41.55,107,34.7,0
2026-11-07 21:00:00,Laboratory,23.68,69.97,200,126.3,1376.99,84.24,57.92,90,94.24,0
2026-11-07 22:00:00,Hostel B,29.52,53.68,111,84.77,548.52,120.45,40.28,19,89.8,0
2026-11-07 23:00:00,Hostel A,30.28,61.87,447,83.28,598.84,62.69,62.03,237,31.64,0
2026-11-08 00:00:00,Admin Block,24.92,62.27,287,163.88,861.89,119.82,25.84,155,44.97,0
2026-11-08 01:00:00,Laboratory,34.08,49.53,365,138.83,1527.86,78.94,13.11,109,69.85,0
2026-11-08 02:00:00,Engineering Block,26.74,72.77,87,123.38,643.86,106.09,40.72,233,33.14,0
2026-11-08 03:00:00,Computer Science Block,34.12,55.54,383,144.13,703.85,109.16,61.14,145,93.68,0
2026-11-08 04:00:00,Engineering Block,25.43,70.17,170,72.68,989.93,66.65,10.99,26,92.91,0
2026-11-08 05:00:00,Auditorium,19.89,61.15,123,88.54,1087.01,77.67,65.05,241,41.84,0
2026-11-08 06:00:00,Hostel B,29.61,76.34,107,129.74,851.82,95.56,41.91,90,94.44,0
2026-11-08 07:00:00,Hostel B,28.99,49.59,114,70.35,906.96,80.17,99.38,68,79.21,0
2026-11-08 08:00:00,Engineering Block,28.14,49.15,401,71.56,846.43,48.47,80.45,97,62.33,0
2026-11-08 09:00:00,Admin Block,25.43,50.94,305,109.56,895.02,83.31,36.19,135,62.15,0
2026-11-08 10:00:00,Engineering Block,27.86,61.33,338,127.6,487.07,93.45,97.43,23,52.04,0
2026-11-08 11:00:00,Library,25.95,75.41,22,113.28,893.61,70.39,35.05,240,71.0,0
2026-11-08 12:00:00,Auditorium,26.79,75.93,227,151.76724997679594,1215.804815682077,80.4714823810995,19.74,53,72.12,1
2026-11-08 13:00:00,Auditorium,31.37,36.9,437,90.91,940.98,125.02,12.42,104,41.91,0
2026-11-08 14:00:00,Engineering Block,28.74,62.5,121,112.46,714.91,93.73,80.51,183,63.87,0
2026-11-08 15:00:00,Computer Science Block,30.44,27.87,367,147.12,975.2,109.0,38.72,171,37.73,0
2026-11-08 16:00:00,Computer Science Block,27.07,67.95,196,174.08,1053.17,85.04,98.59,202,84.11,0
2026-11-08 17:00:00,Auditorium,26.63,71.18,447,123.36,1481.16,81.62,65.64,18,85.66,0
2026-11-08 18:00:00,Hostel A,23.39,59.6,444,53.27,733.02,110.78,24.79,160,89.89,0
2026-11-08 19:00:00,Computer Science Block,26.52,60.84,323,151.54,605.29,77.32,40.24,163,33.17,0
2026-11-08 20:00:00,Engineering Block,14.72,60.74,218,329.11689609929175,1552.4449524462455,109.42756970480013,56.11,189,76.64,1
2026-11-08 21:00:00,Computer Science Block,25.64,52.16,27,101.36,979.8,105.86,74.95,177,91.31,0
2026-11-08 22:00:00,Auditorium,27.67,64.32,410,113.41,879.74,113.67,63.23,222,53.47,0
2026-11-08 23:00:00,Admin Block,30.25,57.69,264,171.05,881.91,67.83,33.4,119,85.46,0
2026-11-09 00:00:00,Laboratory,26.93,69.3,312,176.19,711.42,101.18,52.84,138,30.4,0
2026-11-09 01:00:00,Computer Science Block,29.39,58.86,458,92.83,460.12,47.35,29.48,46,76.57,0
2026-11-09 02:00:00,Library,19.28,51.39,346,198.28,1161.34,76.99,41.48,7,46.85,0
2026-11-09 03:00:00,Admin Block,27.77,44.64,197,136.94,1253.39,93.08,35.7,141,35.47,0
2026-11-09 04:00:00,Hostel A,21.28,41.36,101,515.5332073213284,957.7305255820112,116.03469648045792,90.87,7,65.01,1
2026-11-09 05:00:00,Library,23.17,73.13,131,73.7,698.3,94.5,80.93,85,55.66,0
2026-11-09 06:00:00,Engineering Block,27.25,55.42,378,102.2,454.5,90.69,57.84,31,71.76,0
2026-11-09 07:00:00,Laboratory,33.11,63.39,40,44.86,750.74,94.17,25.68,55,89.93,0
2026-11-09 08:00:00,Engineering Block,29.48,77.83,53,113.74,935.49,103.65,63.43,18,57.44,0
2026-11-09 09:00:00,Laboratory,28.07,54.37,274,149.55,688.83,76.89,41.91,105,94.87,0
2026-11-09 10:00:00,Laboratory,27.92,53.73,452,184.95,1038.01,56.83,13.35,236,48.79,0
2026-11-09 11:00:00,Engineering Block,25.15,58.68,46,95.45,615.01,66.21,72.03,243,84.45,0
2026-11-09 12:00:00,Library,25.82,60.29,27,267.85120776007875,2214.671094918741,100.98194319404661,33.01,181,74.85,1
2026-11-09 13:00:00,Library,29.71,78.88,437,109.86,927.35,133.34,31.07,8,66.07,0
2026-11-09 14:00:00,Laboratory,22.46,75.66,37,145.37,764.22,44.88,69.74,238,61.45,0
2026-11-09 15:00:00,Library,30.37,66.21,454,115.74,786.7,58.62,88.43,180,93.95,0
2026-11-09 16:00:00,Laboratory,26.45,74.49,252,110.86,1027.83,58.83,35.38,204,75.39,0
2026-11-09 17:00:00,Auditorium,31.3,58.22,415,59.22,1530.63,119.37,79.98,143,55.28,0
2026-11-09 18:00:00,Laboratory,31.84,62.99,489,130.39,818.47,86.38,89.72,65,68.65,0
2026-11-09 19:00:00,Auditorium,21.31,56.98,326,171.66,1098.7,52.55,28.99,90,68.59,0
2026-11-09 20:00:00,Admin Block,25.67,47.1,210,76.02,1257.64,82.16,92.57,184,91.39,0
2026-11-09 21:00:00,Hostel B,24.58,72.04,443,152.33,685.3,72.03,35.48,119,32.91,0
2026-11-09 22:00:00,Admin Block,20.75,65.32,169,123.21,628.65,70.1,29.6,37,60.86,0
2026-11-09 23:00:00,Engineering Block,23.87,60.18,411,47.7,852.65,95.29,42.46,110,65.71,0
2026-11-10 00:00:00,Hostel B,37.77,59.98,175,108.29,894.35,69.05,30.54,176,40.64,0
2026-11-10 01:00:00,Computer Science Block,30.44,44.94,453,110.68,976.27,95.13,61.53,36,30.05,0
2026-11-10 02:00:00,Engineering Block,35.67,50.23,66,135.61,650.79,96.28,52.55,220,30.15,0
2026-11-10 03:00:00,Hostel A,31.32,63.36,331,139.52,1036.36,57.51,70.28,6,98.91,0
2026-11-10 04:00:00,Admin Block,25.03,54.71,435,124.89,571.01,67.19,75.19,99,35.31,0
2026-11-10 05:00:00,Library,26.47,57.82,158,144.4,845.45,78.79,17.36,139,36.32,0
2026-11-10 06:00:00,Admin Block,30.35,58.95,424,88.48,928.81,134.93,23.83,183,38.7,0
2026-11-10 07:00:00,Library,29.75,53.18,429,113.67,506.97,78.78,81.07,217,99.21,0
2026-11-10 08:00:00,Hostel B,25.69,50.32,161,236.32110768282377,1341.3701158428266,158.84043783571562,15.96,66,82.13,1
2026-11-10 09:00:00,Hostel A,21.96,43.88,354,160.95,793.61,74.71,69.29,234,58.61,0
2026-11-10 10:00:00,Hostel B,41.15,58.53,33,55.67,736.29,64.3,69.72,16,99.09,0
2026-11-10 11:00:00,Hostel A,27.44,66.19,479,141.09,926.59,62.08,76.34,71,69.23,0
2026-11-10 12:00:00,Admin Block,26.7,43.56,375,172.66,484.67,86.45,29.68,244,86.49,0
2026-11-10 13:00:00,Library,28.45,59.76,278,124.46,950.41,94.2,23.59,84,35.29,0
2026-11-10 14:00:00,Hostel B,27.03,62.81,255,236.16,549.57,29.1,50.5,26,95.75,0
2026-11-10 15:00:00,Hostel A,28.49,50.1,460,165.47788113487053,1628.1835625701983,150.79501086527847,13.85,207,96.68,1
2026-11-10 16:00:00,Laboratory,33.15,74.22,397,115.19,876.98,91.76,85.77,171,90.45,0
2026-11-10 17:00:00,Engineering Block,27.5,56.14,26,100.57,1225.77,115.82,77.21,146,41.27,0
2026-11-10 18:00:00,Engineering Block,23.35,58.99,58,188.97444492691923,2670.307458969527,173.93030050618546,89.62,238,30.23,1
2026-11-10 19:00:00,Hostel B,27.35,58.39,204,141.91,1042.52,67.62,16.28,81,92.89,0
2026-11-10 20:00:00,Library,26.14,42.29,134,107.2,831.83,54.86,92.88,20,51.5,0
2026-11-10 21:00:00,Laboratory,33.7,70.09,129,91.23,846.91,65.29,78.1,96,55.41,0
2026-11-10 22:00:00,Hostel B,32.68,50.44,84,64.3,564.36,90.78,20.15,75,62.92,0
2026-11-10 23:00:00,Admin Block,28.43,57.63,250,114.57,400.82,71.54,19.42,22,52.24,0
2026-11-11 00:00:00,Hostel A,22.89,65.98,300,119.32,1119.49,92.75,91.0,83,71.64,0
2026-11-11 01:00:00,Auditorium,23.1,74.61,50,109.38,741.67,125.59,51.95,214,58.24,0
2026-11-11 02:00:00,Admin Block,28.06,49.2,105,197.84,628.81,104.24,99.9,51,81.22,0
2026-11-11 03:00:00,Engineering Block,29.35,55.54,157,142.72,406.76,89.41,67.15,207,32.23,0
2026-11-11 04:00:00,Hostel A,26.5,73.82,485,101.21,882.91,79.56,71.91,207,44.35,0
2026-11-11 05:00:00,Hostel B,26.08,64.64,96,144.9,783.46,76.99,52.11,55,94.03,0
2026-11-11 06:00:00,Admin Block,25.63,66.71,475,148.78,679.15,100.37,49.32,43,33.17,0
2026-11-11 07:00:00,Computer Science Block,27.91,49.49,156,119.82,666.52,80.32,82.17,149,63.42,0
2026-11-11 08:00:00,Auditorium,18.47,56.21,141,105.61,915.23,93.39,50.39,108,42.7,0
2026-11-11 09:00:00,Library,23.59,58.32,482,85.82,861.72,62.02,54.85,120,84.52,0
2026-11-11 10:00:00,Laboratory,25.49,51.42,283,168.04,419.28,80.84,45.18,64,66.38,0
2026-11-11 11:00:00,Laboratory,32.83,43.25,116,114.37,626.08,81.35,27.67,10,80.31,0
2026-11-11 12:00:00,Library,24.74,54.9,38,113.33,1064.72,91.81,86.4,50,88.06,0
2026-11-11 13:00:00,Computer Science Block,28.72,73.54,305,159.0,659.34,47.37,29.86,73,82.58,0
2026-11-11 14:00:00,Engineering Block,28.91,60.59,28,121.17,1078.09,93.78,37.15,37,58.64,0
2026-11-11 15:00:00,Hostel A,33.19,73.74,102,206.11,849.0,82.15,63.35,89,61.86,0
2026-11-11 16:00:00,Library,33.05,61.79,66,101.59,727.01,40.14,39.35,121,75.85,0
2026-11-11 17:00:00,Computer Science Block,27.77,52.35,449,107.02,747.15,108.42,41.8,187,82.37,0
2026-11-11 18:00:00,Hostel B,26.1,72.78,109,95.41,992.94,52.64,10.35,125,56.05,0
2026-11-11 19:00:00,Auditorium,25.34,62.12,20,90.94,613.21,72.25,82.09,205,84.47,0
2026-11-11 20:00:00,Laboratory,27.04,69.62,406,134.2,513.08,30.07,54.5,165,30.35,0
2026-11-11 21:00:00,Auditorium,26.26,49.32,181,144.81,666.85,97.56,27.66,201,93.85,0
2026-11-11 22:00:00,Computer Science Block,30.21,70.39,172,106.64,533.37,84.18,74.1,24,71.7,0
2026-11-11 23:00:00,Auditorium,29.68,70.69,433,121.46,580.81,115.88,69.04,155,69.59,0
2026-11-12 00:00:00,Engineering Block,30.37,62.9,20,127.39,576.68,73.72,43.87,41,69.28,0
2026-11-12 01:00:00,Engineering Block,33.04,51.93,398,165.27,882.63,92.94,62.03,230,32.79,0
2026-11-12 02:00:00,Admin Block,35.45,59.54,165,98.81,356.63,98.6,70.0,212,96.46,0
2026-11-12 03:00:00,Library,28.5,66.11,180,126.21,872.86,85.76,15.58,178,83.49,0
2026-11-12 04:00:00,Admin Block,32.4,62.35,412,135.13,818.11,69.72,47.59,31,80.1,0
2026-11-12 05:00:00,Auditorium,26.59,66.01,154,134.34,1026.48,57.09,57.22,67,79.08,0
2026-11-12 06:00:00,Laboratory,32.74,70.12,305,122.62,924.58,58.49,75.1,136,68.05,0
2026-11-12 07:00:00,Computer Science Block,32.25,53.52,96,155.8,915.2,97.01,44.35,62,73.59,0
2026-11-12 08:00:00,Hostel A,32.03,48.45,100,170.2180177334856,856.239112860569,106.76179715229065,25.37,19,94.71,1
2026-11-12 09:00:00,Auditorium,28.38,59.62,288,113.97,742.81,63.34,18.07,88,55.24,0
2026-11-12 10:00:00,Hostel A,25.33,56.7,288,99.33,466.12,59.42,82.84,62,71.84,0
2026-11-12 11:00:00,Engineering Block,22.42,67.86,61,96.94,1140.07,77.85,53.13,183,57.33,0
2026-11-12 12:00:00,Hostel A,27.84,49.26,143,124.08,1184.25,88.32,30.64,239,38.31,0
2026-11-12 13:00:00,Hostel A,34.13,70.2,249,154.75,961.12,94.0,82.44,64,40.12,0
2026-11-12 14:00:00,Laboratory,26.76,73.54,376,92.61,541.73,58.57,83.07,201,34.52,0
2026-11-12 15:00:00,Hostel A,31.14,60.0,221,152.2,1006.32,80.7,68.62,236,57.3,0
2026-11-12 16:00:00,Auditorium,31.38,60.61,353,108.38,730.11,20.2,20.81,132,54.44,0
2026-11-12 17:00:00,Computer Science Block,26.87,52.32,466,86.49,429.63,85.15,37.31,84,38.66,0
2026-11-12 18:00:00,Hostel A,33.27,54.57,126,96.81,753.41,66.8,89.42,166,61.44,0
2026-11-12 19:00:00,Hostel B,16.37,55.92,472,153.52,1102.79,27.87,20.94,115,44.91,0
2026-11-12 20:00:00,Hostel A,23.11,74.43,311,83.66,792.57,51.63,73.05,210,37.08,0
2026-11-12 21:00:00,Hostel A,24.34,59.28,310,190.21,873.77,78.03,33.05,95,52.53,0
2026-11-12 22:00:00,Admin Block,24.72,46.78,193,124.87,546.4,64.34,13.08,198,77.2,0
2026-11-12 23:00:00,Computer Science Block,29.35,62.55,448,60.58,786.23,81.09,72.02,161,32.61,0
2026-11-13 00:00:00,Auditorium,29.16,68.26,331,83.71,779.48,83.4,33.84,9,78.03,0
2026-11-13 01:00:00,Engineering Block,29.58,59.75,106,226.03455350187838,1093.1975908770653,133.63158264393397,76.87,96,39.99,1
2026-11-13 02:00:00,Admin Block,30.38,74.69,24,68.96,891.9,78.1,43.03,6,93.61,0
2026-11-13 03:00:00,Auditorium,24.2,67.78,191,143.15,778.72,50.68,29.74,230,36.83,0
2026-11-13 04:00:00,Library,23.13,49.51,140,79.05,982.68,97.33,91.9,7,43.4,0
2026-11-13 05:00:00,Computer Science Block,29.59,54.49,175,132.83,715.44,81.56,41.97,45,45.93,0
2026-11-13 06:00:00,Hostel B,25.48,62.26,106,166.1,882.23,44.33,92.3,154,76.44,0
2026-11-13 07:00:00,Computer Science Block,21.72,43.34,445,133.26,661.84,60.72,96.52,66,86.78,0
2026-11-13 08:00:00,Library,31.89,63.36,117,149.83,446.95,102.46,46.58,117,67.07,0
2026-11-13 09:00:00,Library,33.58,42.38,434,145.44,1113.25,45.21,74.65,52,82.09,0
2026-11-13 10:00:00,Library,34.23,70.23,154,80.07,727.84,107.6,45.69,222,92.12,0
2026-11-13 11:00:00,Laboratory,28.75,69.07,26,77.64,617.16,133.56,69.08,119,72.74,0
2026-11-13 12:00:00,Engineering Block,30.5,65.05,279,58.35,976.22,64.96,79.47,137,51.73,0
2026-11-13 13:00:00,Hostel A,33.48,53.24,383,130.83,848.79,60.24,67.46,136,40.72,0
2026-11-13 14:00:00,Computer Science Block,25.43,61.7,403,116.49,515.12,97.77,36.06,233,71.21,0
2026-11-13 15:00:00,Auditorium,32.44,54.87,51,85.09,792.8,69.77,37.73,37,88.55,0
2026-11-13 16:00:00,Laboratory,29.1,49.69,47,131.69,430.7,67.11,87.55,85,43.33,0
2026-11-13 17:00:00,Auditorium,31.65,56.61,459,176.23,678.6,93.86,60.76,54,99.96,0
2026-11-13 18:00:00,Hostel A,28.74,66.98,279,144.16,1184.28,64.29,91.14,119,38.9,0
2026-11-13 19:00:00,Hostel A,33.19,60.44,263,168.03,581.16,72.61,47.69,12,32.74,0
2026-11-13 20:00:00,Hostel B,28.89,74.51,384,106.49,668.12,70.59,33.69,180,78.02,0
2026-11-13 21:00:00,Library,22.06,67.66,283,126.13,897.45,79.3,64.74,145,55.55,0
2026-11-13 22:00:00,Engineering Block,33.81,66.59,161,131.18,578.48,42.6,90.1,30,76.93,0
2026-11-13 23:00:00,Hostel B,24.21,43.91,49,149.61,666.83,69.29,55.12,183,42.67,0
2026-11-14 00:00:00,Admin Block,33.01,57.15,406,66.36,1105.29,57.35,35.0,39,43.07,0
2026-11-14 01:00:00,Laboratory,27.64,49.36,149,172.62,615.54,55.09,29.94,179,65.16,0
2026-11-14 02:00:00,Laboratory,32.7,58.17,285,128.22,784.01,117.51,50.43,240,96.17,0
2026-11-14 03:00:00,Engineering Block,32.54,53.07,89,165.71,669.14,134.99,86.89,243,56.28,0
2026-11-14 04:00:00,Hostel A,29.72,56.22,138,156.94,718.84,55.15,35.71,237,35.1,0
2026-11-14 05:00:00,Auditorium,30.03,70.61,346,45.18,882.48,91.02,59.84,196,81.6,0
2026-11-14 06:00:00,Laboratory,29.69,64.75,419,131.68,849.52,65.93,25.57,109,94.56,0
2026-11-14 07:00:00,Engineering Block,19.94,70.07,89,137.2,697.72,95.68,76.88,31,55.42,0
2026-11-14 08:00:00,Laboratory,28.47,43.99,227,112.4,818.34,33.03,51.32,50,61.99,0
2026-11-14 09:00:00,Laboratory,23.54,60.58,110,120.33,1079.19,63.71,31.47,38,96.6,0
2026-11-14 10:00:00,Library,28.68,69.67,139,89.22,824.54,76.58,77.95,195,82.36,0
2026-11-14 11:00:00,Admin Block,23.43,75.06,479,114.58,845.15,31.31,75.52,244,76.84,0
2026-11-14 12:00:00,Library,23.26,44.52,489,108.45,665.39,87.07,13.02,98,38.99,0
2026-11-14 13:00:00,Admin Block,34.42,56.49,226,101.92,977.89,40.74,49.75,223,70.69,0
2026-11-14 14:00:00,Laboratory,32.28,70.34,425,107.18,597.22,99.43,63.37,175,90.2,0
2026-11-14 15:00:00,Hostel B,27.98,58.08,275,37.38,1181.2,60.87,33.04,221,80.86,0
2026-11-14 16:00:00,Auditorium,28.74,50.9,54,101.84,820.7,66.18,15.07,225,38.13,0
2026-11-14 17:00:00,Hostel A,27.01,44.5,143,88.16,772.54,79.09,35.56,123,76.99,0
2026-11-14 18:00:00,Laboratory,30.28,50.51,131,90.85,1144.94,72.26,88.04,156,86.34,0
2026-11-14 19:00:00,Admin Block,25.3,43.11,226,71.66,1025.38,86.97,40.54,21,56.72,0
2026-11-14 20:00:00,Admin Block,31.97,60.58,490,111.87,1199.42,125.47,80.8,48,82.79,0
2026-11-14 21:00:00,Admin Block,26.99,68.96,121,88.96,1074.4,108.57,73.2,198,79.86,0
2026-11-14 22:00:00,Laboratory,26.32,47.39,452,88.47,698.43,43.6,96.27,65,53.27,0
2026-11-14 23:00:00,Engineering Block,28.09,62.58,405,124.25,724.53,59.89,88.48,172,81.96,0
2026-11-15 00:00:00,Hostel B,25.64,68.45,213,176.96,907.37,72.69,94.74,212,74.77,0
2026-11-15 01:00:00,Engineering Block,29.31,59.97,260,124.62,767.14,44.95,12.1,7,51.84,0
2026-11-15 02:00:00,Hostel A,25.85,43.89,166,157.52,1089.83,83.63,36.76,27,67.53,0
2026-11-15 03:00:00,Laboratory,29.87,63.86,472,116.63,614.03,115.63,88.55,139,61.98,0
2026-11-15 04:00:00,Admin Block,32.86,59.45,151,206.66,815.55,71.35,43.54,92,33.54,0
2026-11-15 05:00:00,Hostel B,25.12,58.43,239,80.73,756.06,86.3,14.75,188,77.81,0
2026-11-15 06:00:00,Hostel B,27.48,54.53,357,50.24,750.88,55.94,93.58,204,39.55,0
2026-11-15 07:00:00,Computer Science Block,29.85,60.87,123,151.33,842.68,82.04,50.68,194,46.96,0
2026-11-15 08:00:00,Hostel A,26.26,65.1,60,145.72,745.96,74.55,14.66,217,97.08,0
2026-11-15 09:00:00,Auditorium,29.86,83.91,75,56.71,749.75,73.28,35.54,213,46.15,0
2026-11-15 10:00:00,Auditorium,30.22,61.12,330,114.8,572.67,64.6,87.02,159,57.43,0
2026-11-15 11:00:00,Hostel B,32.33,75.11,269,301.085734299441,1211.5349205099733,193.80250628778924,81.07,130,97.19,1
2026-11-15 12:00:00,Laboratory,25.58,63.58,261,151.24,670.75,93.84,99.75,47,82.52,0
2026-11-15 13:00:00,Admin Block,24.23,59.0,434,66.0,664.1,96.1,49.6,80,77.64,0
2026-11-15 14:00:00,Admin Block,26.77,61.49,146,49.01,821.36,73.85,37.23,221,87.46,0
2026-11-15 15:00:00,Hostel B,24.13,47.78,169,176.63,913.94,78.11,21.98,58,34.16,0
2026-11-15 16:00:00,Engineering Block,30.26,63.06,350,90.28,1278.58,61.68,36.83,43,92.1,0
2026-11-15 17:00:00,Hostel A,23.35,40.08,451,254.15793122331763,1002.6909899270944,104.40450204792121,27.97,248,47.66,1
2026-11-15 18:00:00,Admin Block,37.33,51.37,355,144.88,1028.79,68.99,70.12,99,40.75,0
2026-11-15 19:00:00,Hostel B,33.18,61.1,403,119.15,780.71,63.56,78.96,174,88.07,0
2026-11-15 20:00:00,Admin Block,28.05,71.94,407,93.78,1219.03,70.31,82.33,34,49.63,0
2026-11-15 21:00:00,Auditorium,31.47,74.31,168,172.16,1338.68,121.31,77.7,174,46.7,0
2026-11-15 22:00:00,Hostel B,21.45,57.63,188,41.47,605.39,93.71,54.13,232,85.36,0
2026-11-15 23:00:00,Hostel A,38.09,61.56,64,158.36,884.23,85.22,45.32,53,33.9,0
2026-11-16 00:00:00,Hostel B,25.64,69.84,492,108.63,936.32,55.75,19.01,109,35.33,0
2026-11-16 01:00:00,Computer Science Block,27.52,46.71,103,93.32,1197.67,54.79,62.08,90,86.91,0
2026-11-16 02:00:00,Hostel B,20.58,64.05,27,115.75,617.36,43.99,50.75,147,59.32,0
2026-11-16 03:00:00,Hostel B,29.95,51.72,126,338.88889498980257,2167.790828240359,202.6501767455233,31.89,91,89.25,1
2026-11-16 04:00:00,Laboratory,23.57,58.28,392,76.33,860.15,85.62,82.23,102,85.25,0
2026-11-16 05:00:00,Auditorium,28.41,55.41,284,131.6,389.52,68.86,74.0,47,69.03,0
2026-11-16 06:00:00,Hostel A,25.82,64.35,165,140.94,829.58,82.04,61.13,167,82.47,0
2026-11-16 07:00:00,Laboratory,23.69,65.5,50,112.99,1019.03,94.31,28.05,88,40.02,0
2026-11-16 08:00:00,Hostel B,24.78,68.91,263,81.31,1191.07,47.89,61.3,247,43.33,0
2026-11-16 09:00:00,Hostel A,28.9,63.48,54,175.20606910932602,1309.8917409055996,165.51746668518328,28.37,46,88.98,1
2026-11-16 10:00:00,Computer Science Block,22.87,61.72,266,182.33,833.29,77.48,75.91,97,53.89,0
2026-11-16 11:00:00,Hostel A,25.0,78.54,433,153.03,400.47,72.19,25.52,96,30.35,0
2026-11-16 12:00:00,Admin Block,30.65,44.76,37,140.97,933.6,84.43,76.56,205,96.73,0
2026-11-16 13:00:00,Laboratory,38.41,76.96,486,194.54,688.92,105.4,58.67,164,79.83,0
2026-11-16 14:00:00,Hostel A,29.91,57.1,444,92.39,777.39,135.89,97.9,76,89.18,0
2026-11-16 15:00:00,Auditorium,24.33,65.71,43,119.42,1071.29,97.8,52.02,52,93.89,0
2026-11-16 16:00:00,Computer Science Block,26.53,56.74,361,121.66,984.1,32.76,31.57,209,74.19,0
2026-11-16 17:00:00,Library,28.13,52.97,323,163.28,968.16,88.53,85.57,102,65.22,0
2026-11-16 18:00:00,Hostel B,26.6,64.85,417,62.76,627.41,78.33,62.24,243,40.56,0
2026-11-16 19:00:00,Hostel A,31.61,70.42,422,122.9,496.74,106.05,58.31,157,43.2,0
2026-11-16 20:00:00,Hostel B,28.87,64.73,335,119.93,674.25,87.85,19.47,207,61.54,0
2026-11-16 21:00:00,Engineering Block,31.63,54.58,368,148.83,536.02,84.81,44.26,28,34.67,0
2026-11-16 22:00:00,Admin Block,26.74,95.0,297,104.8,1121.38,79.82,10.42,200,85.07,0
2026-11-16 23:00:00,Laboratory,33.3,71.99,49,162.49,896.15,75.97,29.4,39,69.09,0
2026-11-17 00:00:00,Admin Block,27.33,69.33,162,134.15,1312.54,81.43,57.26,168,94.82,0
2026-11-17 01:00:00,Engineering Block,24.12,56.47,296,92.69,960.96,142.51,52.6,198,73.73,0
2026-11-17 02:00:00,Engineering Block,36.71,53.75,429,140.2,1205.46,69.79,61.06,226,98.05,0
2026-11-17 03:00:00,Laboratory,20.7,57.2,375,115.82,957.2,61.09,88.13,172,49.51,0
2026-11-17 04:00:00,Hostel A,25.05,70.81,31,137.13,1126.72,79.41,33.41,202,54.49,0
2026-11-17 05:00:00,Engineering Block,25.49,50.09,410,78.52,853.28,36.7,70.93,238,59.63,0
2026-11-17 06:00:00,Library,38.03,49.32,222,110.53,1163.64,41.63,59.6,117,50.67,0
2026-11-17 07:00:00,Hostel B,35.23,65.4,269,155.66,1066.7,47.87,83.85,11,85.7,0
2026-11-17 08:00:00,Hostel B,33.98,63.19,122,169.19,503.32,57.11,34.06,56,67.35,0
2026-11-17 09:00:00,Computer Science Block,26.68,52.3,487,135.42,1074.13,158.11,99.13,81,61.86,0
2026-11-17 10:00:00,Auditorium,37.7,49.09,54,111.74,1020.06,54.96,69.75,47,61.95,0
2026-11-17 11:00:00,Engineering Block,29.47,74.38,343,100.8,367.49,77.76,13.65,216,87.01,0
2026-11-17 12:00:00,Engineering Block,31.91,63.57,405,95.49,816.57,62.64,10.42,137,46.87,0
2026-11-17 13:00:00,Library,28.72,46.36,39,95.42,1113.48,81.55,88.11,156,52.46,0
2026-11-17 14:00:00,Admin Block,27.8,47.06,66,90.35,306.66,117.83,33.55,46,95.07,0
2026-11-17 15:00:00,Admin Block,26.99,56.38,103,117.04,1018.38,115.66,31.34,38,57.81,0
2026-11-17 16:00:00,Hostel B,27.16,67.33,287,99.51,942.73,64.56,59.48,219,99.7,0
2026-11-17 17:00:00,Hostel B,30.43,65.95,72,139.34,862.78,69.87,25.25,77,60.61,0
2026-11-17 18:00:00,Hostel A,29.47,71.32,292,132.62,1641.4,95.63,35.98,30,59.58,0
2026-11-17 19:00:00,Laboratory,27.87,45.1,37,158.41,1030.41,97.24,56.45,222,71.54,0
2026-11-17 20:00:00,Auditorium,34.04,62.24,123,139.81,716.33,78.04,98.37,86,89.27,0
2026-11-17 21:00:00,Library,16.13,74.26,171,149.34,777.31,96.24,23.79,168,80.35,0
2026-11-17 22:00:00,Laboratory,30.04,73.33,347,91.37,1075.81,51.34,13.78,21,83.32,0
2026-11-17 23:00:00,Laboratory,30.87,63.59,184,137.14,1001.98,53.22,73.72,248,98.38,0
2026-11-18 00:00:00,Computer Science Block,32.59,83.48,380,128.72,784.94,67.47,65.46,201,85.74,0
2026-11-18 01:00:00,Laboratory,27.74,66.09,433,50.88,1101.27,53.34,38.2,10,62.71,0
2026-11-18 02:00:00,Computer Science Block,28.83,70.43,103,118.05,589.96,95.74,35.15,38,75.97,0
2026-11-18 03:00:00,Laboratory,31.94,60.44,327,84.81,1073.06,29.04,88.11,57,88.13,0
2026-11-18 04:00:00,Library,33.96,52.19,170,66.74,735.57,76.16,38.92,99,41.86,0
2026-11-18 05:00:00,Computer Science Block,26.8,51.25,56,249.87800639095212,1482.9377451903338,143.71509489277128,63.37,169,54.33,1
2026-11-18 06:00:00,Admin Block,29.07,61.82,398,97.82,1302.75,89.11,48.28,152,72.33,0
2026-11-18 07:00:00,Computer Science Block,34.71,57.88,477,93.63,385.88,73.49,57.47,190,56.6,0
2026-11-18 08:00:00,Computer Science Block,19.5,42.31,372,69.65,761.67,92.6,89.93,208,33.79,0
2026-11-18 09:00:00,Library,25.24,49.74,171,182.23,304.42,66.36,50.29,191,95.82,0
2026-11-18 10:00:00,Library,33.86,56.82,375,76.39,1008.77,57.24,84.29,143,67.79,0
2026-11-18 11:00:00,Computer Science Block,32.37,67.27,395,108.21,1140.7,62.88,64.2,98,74.43,0
2026-11-18 12:00:00,Auditorium,30.09,59.84,227,143.88,684.01,75.11,42.72,118,80.36,0
2026-11-18 13:00:00,Engineering Block,26.21,59.28,69,154.25,960.25,64.76,12.24,44,32.55,0
2026-11-18 14:00:00,Auditorium,24.47,50.13,239,81.44,932.1,61.76,70.07,210,42.73,0
2026-11-18 15:00:00,Library,25.64,60.23,479,112.36,937.85,28.97,72.69,60,93.24,0
2026-11-18 16:00:00,Auditorium,34.19,73.19,423,139.37,1013.27,107.95,99.37,114,85.11,0
2026-11-18 17:00:00,Auditorium,25.49,61.56,66,130.43,988.09,85.66,73.99,25,34.63,0
2026-11-18 18:00:00,Hostel A,28.41,44.93,37,133.33,736.78,66.64,83.78,219,85.14,0
2026-11-18 19:00:00,Hostel A,24.99,47.48,141,78.23,759.86,112.58,25.06,104,92.98,0
2026-11-18 20:00:00,Admin Block,31.37,65.89,301,91.1,477.52,47.27,78.66,201,41.69,0
2026-11-18 21:00:00,Laboratory,25.85,57.76,139,114.7,317.76,63.64,41.68,242,34.38,0
2026-11-18 22:00:00,Computer Science Block,27.61,59.25,270,109.07,841.14,88.29,98.2,50,90.41,0
2026-11-18 23:00:00,Engineering Block,21.27,53.87,346,125.75,1277.02,71.43,50.66,71,72.06,0
2026-11-19 00:00:00,Admin Block,21.55,65.03,318,83.01,606.17,79.93,51.84,164,99.3,0
2026-11-19 01:00:00,Computer Science Block,28.03,56.99,66,154.18,703.31,61.9,54.78,96,79.37,0
2026-11-19 02:00:00,Auditorium,22.7,58.13,104,78.27,865.59,46.1,37.7,8,65.78,0
2026-11-19 03:00:00,Library,36.42,51.49,318,128.07,765.16,58.93,44.17,120,47.19,0
2026-11-19 04:00:00,Hostel A,19.75,69.22,403,91.54,842.32,91.9,45.31,235,78.98,0
2026-11-19 05:00:00,Hostel B,24.8,57.79,179,110.72,937.77,88.18,56.17,158,35.38,0
2026-11-19 06:00:00,Engineering Block,28.07,66.08,26,68.44,901.71,55.52,22.72,126,59.1,0
2026-11-19 07:00:00,Auditorium,26.54,48.06,264,114.12,610.54,28.92,63.78,35,54.27,0
2026-11-19 08:00:00,Hostel B,23.58,77.34,234,143.29,585.91,78.89,58.51,78,72.2,0
2026-11-19 09:00:00,Hostel A,24.17,72.77,231,164.3,903.21,63.45,98.4,208,45.54,0
2026-11-19 10:00:00,Auditorium,24.04,40.9,231,116.57,510.95,76.71,88.7,193,41.41,0
2026-11-19 11:00:00,Laboratory,26.85,51.98,307,77.36,1120.84,92.98,51.63,149,40.47,0
2026-11-19 12:00:00,Laboratory,35.81,64.78,237,148.54,921.72,123.78,72.83,57,51.74,0
2026-11-19 13:00:00,Hostel B,28.31,46.8,270,132.14,1131.82,66.55,69.01,178,90.44,0
2026-11-19 14:00:00,Library,32.73,58.68,363,114.08,976.97,69.73,31.14,12,57.81,0
2026-11-19 15:00:00,Auditorium,30.03,64.27,340,101.07,831.63,71.81,39.97,207,92.39,0
2026-11-19 16:00:00,Computer Science Block,32.46,58.15,333,115.76,1102.51,101.62,13.01,76,82.32,0
2026-11-19 17:00:00,Auditorium,16.8,65.39,200,121.01,844.28,87.2,18.61,162,80.08,0
2026-11-19 18:00:00,Library,26.78,53.07,111,148.34,748.07,79.61,37.87,87,83.76,0
2026-11-19 19:00:00,Auditorium,33.23,37.56,237,90.33,437.41,90.56,80.03,150,65.27,0
2026-11-19 20:00:00,Hostel B,25.71,69.82,309,96.32,812.74,39.21,74.41,61,48.83,0
2026-11-19 21:00:00,Library,35.05,69.76,109,111.78,649.28,83.8,96.78,12,42.5,0
2026-11-19 22:00:00,Hostel A,33.94,85.04,216,72.48,664.1,111.13,42.99,212,64.78,0
2026-11-19 23:00:00,Engineering Block,26.12,37.93,203,144.07,724.75,81.63,40.86,30,56.29,0
2026-11-20 00:00:00,Library,25.99,67.51,85,140.69,979.53,82.57,19.27,153,76.05,0
2026-11-20 01:00:00,Auditorium,23.95,40.31,435,130.43,592.77,80.29,80.89,52,54.44,0
2026-11-20 02:00:00,Hostel A,25.48,77.56,117,204.71,522.71,118.68,24.89,110,34.0,0
2026-11-20 03:00:00,Engineering Block,23.07,64.88,325,143.8,401.68,128.19,95.8,55,56.55,0
2026-11-20 04:00:00,Laboratory,29.72,50.48,497,167.08,956.57,70.4,38.42,194,91.91,0
2026-11-20 05:00:00,Computer Science Block,22.18,67.8,43,122.14,1019.54,77.05,68.25,75,79.44,0
2026-11-20 06:00:00,Hostel B,30.41,54.47,239,100.8,714.84,60.02,50.54,47,57.02,0
2026-11-20 07:00:00,Auditorium,30.51,63.0,193,69.64,730.52,103.21,30.17,134,44.73,0
2026-11-20 08:00:00,Auditorium,21.36,62.06,406,130.72,1067.17,91.91,51.04,153,69.63,0
2026-11-20 09:00:00,Laboratory,34.2,77.44,264,138.94,812.38,27.02,39.34,66,95.47,0
2026-11-20 10:00:00,Computer Science Block,30.05,78.15,133,152.54,943.29,87.4,66.29,8,70.61,0
2026-11-20 11:00:00,Laboratory,31.0,54.03,285,102.4,907.77,67.57,59.61,57,92.26,0
2026-11-20 12:00:00,Admin Block,24.97,70.58,409,143.34,600.1,81.59,17.44,158,79.39,0
2026-11-20 13:00:00,Laboratory,30.49,63.55,373,74.57,955.75,45.44,16.49,217,38.41,0
2026-11-20 14:00:00,Hostel A,32.51,45.87,242,123.16,891.32,65.25,96.87,15,79.2,0
2026-11-20 15:00:00,Engineering Block,27.61,53.04,327,139.28,707.09,58.47,37.13,53,72.43,0
2026-11-20 16:00:00,Auditorium,36.01,83.36,254,142.56,764.69,77.27,18.15,80,55.23,0
2026-11-20 17:00:00,Laboratory,28.18,63.58,325,148.7,506.19,70.54,26.37,46,96.75,0
2026-11-20 18:00:00,Auditorium,32.56,70.0,129,315.29503257578625,1940.760656821077,143.40278642886247,23.9,80,53.08,1
2026-11-20 19:00:00,Library,29.17,57.88,333,123.9,897.28,52.7,28.89,160,35.89,0
2026-11-20 20:00:00,Computer Science Block,30.34,54.6,455,163.42,882.4,54.54,14.22,172,47.33,0
2026-11-20 21:00:00,Laboratory,21.31,60.27,32,118.17,870.29,81.09,27.79,179,60.54,0
2026-11-20 22:00:00,Engineering Block,29.48,57.34,144,201.52375974441438,1724.0317316762842,81.63178182414599,94.72,54,92.29,1
2026-11-20 23:00:00,Hostel A,25.06,45.07,334,175.29,474.66,61.24,61.48,177,32.01,0
2026-11-21 00:00:00,Admin Block,24.61,49.97,186,22.18,1536.84,82.54,39.27,146,85.82,0
2026-11-21 01:00:00,Auditorium,34.98,67.08,72,140.14,1029.3,117.71,81.06,237,49.37,0
2026-11-21 02:00:00,Computer Science Block,27.14,56.19,205,141.32,940.59,54.88,90.63,128,72.17,0
2026-11-21 03:00:00,Hostel B,23.99,60.26,295,105.27,1312.2,35.92,16.37,88,56.5,0
2026-11-21 04:00:00,Engineering Block,26.56,62.35,466,120.66,937.71,70.17,40.99,33,48.47,0
2026-11-21 05:00:00,Hostel B,22.8,63.13,371,119.53,1331.43,75.04,83.67,44,65.52,0
2026-11-21 06:00:00,Engineering Block,33.74,71.47,29,112.53,1380.14,119.49,64.64,78,56.21,0
2026-11-21 07:00:00,Engineering Block,25.22,49.01,429,117.79,1190.9,90.23,71.41,119,57.53,0
2026-11-21 08:00:00,Hostel A,30.12,65.7,166,133.33,848.93,82.04,60.36,57,41.27,0
2026-11-21 09:00:00,Hostel A,33.42,67.55,496,99.26,832.98,87.92,17.4,31,39.95,0
2026-11-21 10:00:00,Hostel A,26.0,69.86,336,119.84,759.55,69.63,86.57,229,48.28,0
2026-11-21 11:00:00,Laboratory,30.13,45.87,352,72.78,1052.55,49.96,31.45,186,71.19,0
2026-11-21 12:00:00,Library,23.88,62.55,137,98.49,592.75,111.6,19.29,44,46.31,0
2026-11-21 13:00:00,Engineering Block,37.78,77.16,437,81.98,812.45,68.63,40.56,232,84.13,0
2026-11-21 14:00:00,Computer Science Block,31.75,59.01,359,125.43,303.81,107.17,77.08,213,87.02,0
2026-11-21 15:00:00,Hostel B,27.23,64.83,447,83.62,589.19,72.69,89.2,196,41.31,0
2026-11-21 16:00:00,Hostel A,24.91,67.8,37,71.25,874.84,101.81,68.55,175,98.33,0
2026-11-21 17:00:00,Laboratory,27.54,49.75,396,71.37,996.68,104.16,42.23,111,48.65,0
2026-11-21 18:00:00,Hostel A,26.64,78.34,245,83.87,1101.9,66.46,75.54,191,35.09,0
2026-11-21 19:00:00,Hostel B,35.81,65.0,131,156.1,869.33,76.39,78.99,30,60.69,0
2026-11-21 20:00:00,Hostel B,23.1,65.2,91,173.76,711.25,87.73,93.07,62,42.71,0
2026-11-21 21:00:00,Auditorium,28.54,43.38,163,108.16,702.66,101.37,20.68,115,84.91,0
2026-11-21 22:00:00,Engineering Block,27.93,67.95,123,67.73,686.6,48.1,22.62,114,38.05,0
2026-11-21 23:00:00,Hostel A,27.53,65.06,234,109.48,1358.52,126.86,49.28,140,63.85,0
2026-11-22 00:00:00,Hostel B,27.57,76.24,499,168.51,742.75,65.16,40.65,74,35.86,0
2026-11-22 01:00:00,Library,27.54,56.89,96,128.02,946.57,62.39,79.5,192,92.91,0
2026-11-22 02:00:00,Library,31.49,50.12,45,68.87,791.71,115.16,62.95,108,51.6,0
2026-11-22 03:00:00,Hostel A,30.44,53.18,249,183.83,998.86,63.94,18.64,132,73.18,0
2026-11-22 04:00:00,Laboratory,29.68,54.95,212,107.46,606.29,95.62,58.11,54,81.06,0
2026-11-22 05:00:00,Hostel B,15.86,48.81,469,101.31,716.03,56.6,35.7,228,32.25,0
2026-11-22 06:00:00,Auditorium,29.2,72.9,122,161.01,963.25,93.67,46.66,74,56.71,0
2026-11-22 07:00:00,Engineering Block,21.38,73.28,224,129.69,682.76,63.37,17.33,224,49.83,0
2026-11-22 08:00:00,Engineering Block,30.59,58.04,430,165.12,1018.41,76.74,13.15,214,68.23,0
2026-11-22 09:00:00,Laboratory,33.9,56.07,279,115.2,981.79,102.81,96.87,42,83.97,0
2026-11-22 10:00:00,Auditorium,24.3,41.85,252,117.38,850.84,46.73,76.75,10,39.14,0
2026-11-22 11:00:00,Engineering Block,26.95,66.96,70,103.34,796.24,100.13,68.79,206,63.26,0
2026-11-22 12:00:00,Auditorium,25.6,76.53,487,125.38,803.9,76.79,70.87,145,39.12,0
2026-11-22 13:00:00,Admin Block,32.94,53.63,150,118.63,1054.72,98.53,67.39,235,85.3,0
2026-11-22 14:00:00,Hostel A,28.38,58.83,362,95.36,979.53,36.99,44.13,210,84.95,0
2026-11-22 15:00:00,Engineering Block,34.91,64.34,85,60.82,1242.76,79.4,54.8,229,53.15,0
2026-11-22 16:00:00,Library,29.66,77.24,419,136.64,538.53,65.16,93.27,164,52.96,0
2026-11-22 17:00:00,Hostel B,28.97,62.0,221,131.31,490.41,63.35,43.38,85,71.95,0
2026-11-22 18:00:00,Auditorium,28.27,61.95,303,110.77,761.48,51.79,27.21,85,99.81,0
2026-11-22 19:00:00,Auditorium,31.27,61.79,319,153.12,793.33,78.12,14.87,41,98.64,0
2026-11-22 20:00:00,Computer Science Block,21.05,45.75,165,125.23,829.7,41.6,33.44,5,52.1,0
2026-11-22 21:00:00,Laboratory,28.34,45.53,277,135.28,1230.27,43.51,21.8,247,88.07,0
2026-11-22 22:00:00,Computer Science Block,27.72,51.92,481,119.83,934.05,32.24,68.59,133,52.08,0
2026-11-22 23:00:00,Engineering Block,30.9,70.13,447,64.46,904.98,39.07,31.29,59,65.8,0
2026-11-23 00:00:00,Computer Science Block,27.25,56.65,423,165.71,711.99,59.56,39.9,156,32.22,0
2026-11-23 01:00:00,Computer Science Block,23.85,54.7,331,133.27,813.49,45.38,18.61,88,95.83,0
2026-11-23 02:00:00,Admin Block,28.03,54.53,395,73.57,885.95,56.87,49.2,237,81.43,0
2026-11-23 03:00:00,Auditorium,23.67,58.62,123,164.36371701961505,1203.5222171506477,75.3935043242297,95.93,236,90.58,1
2026-11-23 04:00:00,Library,20.3,77.02,170,140.08,891.65,61.4,49.51,235,69.05,0
2026-11-23 05:00:00,Laboratory,30.91,58.49,137,297.1198621276648,1833.2465123054824,105.84803381105156,77.61,15,34.58,1
2026-11-23 06:00:00,Library,30.32,52.14,335,130.06,1079.72,64.95,61.3,221,60.74,0
2026-11-23 07:00:00,Admin Block,29.87,60.25,218,145.84,1080.06,92.02,38.59,30,55.71,0
2026-11-23 08:00:00,Admin Block,33.21,77.55,448,177.68,942.15,54.74,94.73,231,66.07,0
2026-11-23 09:00:00,Computer Science Block,25.34,54.97,322,176.02,1165.21,99.05,56.64,160,44.72,0
2026-11-23 10:00:00,Hostel A,22.28,48.19,353,129.23,930.62,29.72,79.48,214,61.62,0
2026-11-23 11:00:00,Auditorium,27.72,54.99,440,143.06,654.39,82.69,21.02,14,32.06,0
2026-11-23 12:00:00,Hostel B,26.61,61.29,411,85.74,448.65,44.05,30.4,57,40.44,0
2026-11-23 13:00:00,Auditorium,24.63,66.88,408,118.2,1194.94,42.21,50.77,180,91.0,0
2026-11-23 14:00:00,Hostel B,27.68,70.07,298,134.23,708.21,84.13,79.25,30,56.46,0
2026-11-23 15:00:00,Computer Science Block,25.55,49.54,124,105.32,1080.56,75.15,83.42,131,60.03,0
2026-11-23 16:00:00,Hostel B,20.66,50.49,29,73.56,1222.8,116.5,98.0,61,55.01,0
2026-11-23 17:00:00,Admin Block,26.24,56.77,132,118.62,618.51,59.77,95.57,86,73.45,0
2026-11-23 18:00:00,Library,23.45,66.84,46,58.11,641.54,59.24,48.05,230,30.35,0
2026-11-23 19:00:00,Hostel B,28.93,47.4,118,172.85,1082.02,46.8,57.87,89,96.39,0
2026-11-23 20:00:00,Auditorium,25.38,53.93,276,117.99,958.92,75.36,12.29,196,68.79,0
2026-11-23 21:00:00,Laboratory,32.45,54.07,346,157.18,786.32,103.94,54.03,45,56.67,0
2026-11-23 22:00:00,Computer Science Block,34.42,69.42,390,89.22,926.11,46.09,13.33,45,90.43,0
2026-11-23 23:00:00,Hostel A,30.72,65.28,155,102.39,1036.41,53.28,11.19,126,64.76,0
2026-11-24 00:00:00,Computer Science Block,21.8,69.04,414,140.57,1063.56,75.46,60.05,168,36.5,0
2026-11-24 01:00:00,Engineering Block,34.02,73.39,245,172.25,1218.66,103.12,90.78,96,93.9,0
2026-11-24 02:00:00,Computer Science Block,34.3,56.94,146,126.51,690.89,70.69,96.84,125,57.06,0
2026-11-24 03:00:00,Admin Block,28.08,48.13,135,91.06,1148.52,97.59,76.05,176,70.04,0
2026-11-24 04:00:00,Library,33.29,48.19,431,150.58,1341.54,80.06,77.27,85,96.11,0
2026-11-24 05:00:00,Library,25.79,41.62,309,82.51,984.52,90.53,49.77,77,50.66,0
2026-11-24 06:00:00,Laboratory,20.54,55.41,190,165.57,1234.63,73.24,60.99,47,42.46,0
2026-11-24 07:00:00,Hostel B,24.96,56.16,231,157.16,805.47,50.16,62.57,155,90.58,0
2026-11-24 08:00:00,Admin Block,34.92,67.88,431,93.46,899.4,97.81,16.29,221,66.54,0
2026-11-24 09:00:00,Engineering Block,22.04,60.17,452,115.64,980.45,88.35,14.11,175,78.66,0
2026-11-24 10:00:00,Admin Block,28.0,55.1,208,102.12,895.1,84.1,23.09,94,37.75,0
2026-11-24 11:00:00,Computer Science Block,28.14,58.84,440,133.31,676.0,53.81,81.53,249,78.74,0
2026-11-24 12:00:00,Admin Block,25.95,49.61,406,136.43,578.59,29.63,60.51,26,70.19,0
2026-11-24 13:00:00,Admin Block,26.23,70.25,284,59.98,1095.82,89.58,63.21,245,52.95,0
2026-11-24 14:00:00,Laboratory,28.29,52.14,233,138.15,1074.51,38.48,41.43,22,89.47,0
2026-11-24 15:00:00,Engineering Block,25.75,48.6,108,116.57,430.48,60.57,88.17,195,62.24,0
2026-11-24 16:00:00,Computer Science Block,22.31,68.18,149,77.35,1025.7,87.96,96.71,245,58.61,0
2026-11-24 17:00:00,Hostel A,28.86,65.74,42,141.35,947.97,32.86,29.23,69,42.84,0
2026-11-24 18:00:00,Laboratory,32.29,42.76,198,175.45,718.73,79.24,38.35,235,47.82,0
2026-11-24 19:00:00,Hostel A,31.48,68.55,420,123.86,944.15,62.19,39.53,18,49.13,0
2026-11-24 20:00:00,Laboratory,24.76,52.58,428,168.91,612.68,69.94,96.65,97,58.41,0
2026-11-24 21:00:00,Library,23.0,56.26,479,148.73,747.36,30.37,56.61,55,65.06,0
2026-11-24 22:00:00,Auditorium,26.86,61.87,430,149.13,646.92,71.38,61.08,211,99.32,0
2026-11-24 23:00:00,Laboratory,34.27,65.87,39,136.28,1073.42,104.25,43.14,244,68.15,0
2026-11-25 00:00:00,Hostel B,30.58,64.45,348,112.26,771.89,71.77,90.95,51,62.7,0
2026-11-25 01:00:00,Admin Block,30.82,59.5,490,94.03,730.93,125.95,27.19,19,74.78,0
2026-11-25 02:00:00,Library,31.56,55.75,439,227.63,676.35,47.39,51.14,114,82.89,0
2026-11-25 03:00:00,Engineering Block,29.68,64.12,431,126.04,1036.94,131.05,30.29,149,98.56,0
2026-11-25 04:00:00,Hostel A,28.48,58.82,261,125.39,1006.38,99.33,62.66,85,99.87,0
2026-11-25 05:00:00,Auditorium,30.65,78.05,259,158.02,760.19,119.65,59.3,235,90.26,0
2026-11-25 06:00:00,Auditorium,25.82,65.86,48,130.4587938965955,1487.579070362876,240.21718253740514,21.81,223,32.98,1
2026-11-25 07:00:00,Laboratory,22.34,50.77,264,140.15,125.62,91.56,84.76,64,32.93,0
2026-11-25 08:00:00,Admin Block,30.89,55.22,139,167.17,641.71,42.87,21.02,99,52.62,0
2026-11-25 09:00:00,Engineering Block,32.95,60.48,445,166.27,1150.92,84.25,25.89,105,90.75,0
2026-11-25 10:00:00,Hostel B,23.53,72.99,333,140.06,792.38,29.91,34.36,241,83.29,0
2026-11-25 11:00:00,Engineering Block,31.29,74.11,393,84.78,566.34,104.85,83.21,148,74.05,0
2026-11-25 12:00:00,Admin Block,34.72,56.04,51,151.46,1291.1,131.15,28.32,69,43.5,0
2026-11-25 13:00:00,Hostel B,27.99,50.66,159,81.12,443.22,90.34,29.73,124,98.0,0
2026-11-25 14:00:00,Engineering Block,24.73,49.39,177,172.75,544.24,65.02,68.68,147,92.9,0
2026-11-25 15:00:00,Hostel B,28.49,62.52,79,147.35,631.77,103.05,84.68,202,93.93,0
2026-11-25 16:00:00,Laboratory,25.8,83.04,158,106.75,668.3,100.59,72.92,164,65.54,0
2026-11-25 17:00:00,Laboratory,25.53,65.39,376,157.78,1189.2,87.0,58.37,41,55.75,0
2026-11-25 18:00:00,Admin Block,29.73,44.06,231,114.6,801.72,91.58,68.51,84,74.6,0
2026-11-25 19:00:00,Admin Block,21.59,52.74,158,123.5,1431.15,58.87,59.24,138,75.94,0
2026-11-25 20:00:00,Hostel B,22.22,53.76,387,145.25,364.75,86.3,42.11,124,94.92,0
2026-11-25 21:00:00,Computer Science Block,28.08,51.78,130,118.17,1101.55,95.24,72.16,112,70.01,0
2026-11-25 22:00:00,Library,27.91,56.12,355,112.26,751.01,73.35,71.86,15,91.51,0
2026-11-25 23:00:00,Auditorium,29.37,63.69,270,98.12,751.28,67.51,66.92,207,52.08,0
2026-11-26 00:00:00,Engineering Block,35.5,66.82,118,153.05,733.54,79.44,67.16,29,32.97,0
2026-11-26 01:00:00,Engineering Block,28.42,70.92,197,121.52,777.88,84.09,31.26,207,60.55,0
2026-11-26 02:00:00,Computer Science Block,30.39,65.24,20,156.75,1072.77,80.84,93.45,87,43.99,0
2026-11-26 03:00:00,Computer Science Block,24.1,40.46,108,99.97,685.97,86.55,99.3,197,84.46,0
2026-11-26 04:00:00,Computer Science Block,31.07,49.43,132,85.91,850.81,79.05,60.01,78,86.33,0
2026-11-26 05:00:00,Hostel A,25.89,58.42,302,158.55,1123.42,89.24,30.14,138,84.81,0
2026-11-26 06:00:00,Hostel A,28.29,61.47,135,82.48,322.74,96.38,38.56,35,62.4,0
2026-11-26 07:00:00,Hostel B,27.56,68.61,51,100.67,1362.23,75.5,76.57,20,92.5,0
2026-11-26 08:00:00,Hostel A,32.13,60.43,281,262.2799743428298,1824.8514105911306,140.71161867420062,34.49,106,61.19,1
2026-11-26 09:00:00,Laboratory,22.76,60.51,60,281.9760014685728,1996.1396666549604,138.1988759970125,64.78,73,71.99,1
2026-11-26 10:00:00,Laboratory,18.87,62.38,439,132.89,952.62,58.88,19.26,49,44.94,0
2026-11-26 11:00:00,Admin Block,27.15,57.45,186,82.97,913.92,77.11,97.1,238,31.67,0
2026-11-26 12:00:00,Auditorium,29.87,60.87,362,88.32,702.28,21.82,85.7,15,72.31,0
2026-11-26 13:00:00,Hostel B,28.61,71.26,240,119.9,1068.11,87.98,83.95,9,75.72,0
2026-11-26 14:00:00,Auditorium,32.93,59.16,433,142.45,805.53,125.75,79.87,144,95.03,0
2026-11-26 15:00:00,Engineering Block,29.75,59.7,233,180.93447058664208,891.6427556073286,109.0280911421537,10.03,210,89.14,1
2026-11-26 16:00:00,Library,25.74,59.66,332,88.68,1172.77,111.04,16.14,142,84.32,0
2026-11-26 17:00:00,Admin Block,18.7,72.98,414,117.92,635.8,82.06,63.01,7,79.02,0
2026-11-26 18:00:00,Engineering Block,27.05,48.92,365,144.84,1077.01,51.05,79.18,88,60.23,0
2026-11-26 19:00:00,Engineering Block,32.11,77.76,490,74.83,812.44,51.82,77.98,146,64.21,0
2026-11-26 20:00:00,Hostel B,26.43,48.24,150,37.26,995.56,87.78,57.63,94,84.55,0
2026-11-26 21:00:00,Computer Science Block,28.11,53.46,67,116.66,613.19,64.36,56.88,55,41.12,0
2026-11-26 22:00:00,Computer Science Block,29.69,67.45,153,215.19,606.66,124.77,17.88,29,80.22,0
2026-11-26 23:00:00,Auditorium,23.94,70.3,26,103.78,1042.93,73.0,93.58,23,73.75,0
2026-11-27 00:00:00,Admin Block,30.49,45.97,63,161.29,1237.03,44.74,38.16,115,45.71,0
2026-11-27 01:00:00,Computer Science Block,34.55,49.07,336,84.19,1153.13,71.79,28.89,84,61.19,0
2026-11-27 02:00:00,Engineering Block,27.31,62.78,457,124.32,933.23,35.81,63.7,192,84.76,0
2026-11-27 03:00:00,Computer Science Block,23.48,83.44,454,158.23,574.35,24.39,12.13,185,38.1,0
2026-11-27 04:00:00,Hostel A,27.73,72.46,105,115.41,309.64,77.35,96.5,186,73.69,0
2026-11-27 05:00:00,Computer Science Block,19.1,57.52,67,78.16,1324.64,75.67,42.92,110,59.46,0
2026-11-27 06:00:00,Engineering Block,29.35,35.81,336,122.15,715.71,92.24,36.6,74,47.54,0
2026-11-27 07:00:00,Auditorium,29.81,60.82,372,148.71,1182.93,72.52,23.65,74,92.4,0
2026-11-27 08:00:00,Hostel B,34.7,63.62,443,189.1,996.7,131.62,55.75,165,63.43,0
2026-11-27 09:00:00,Admin Block,27.22,56.17,406,73.27,325.05,83.82,45.06,206,99.15,0
2026-11-27 10:00:00,Library,29.63,51.49,433,132.12,809.35,110.39,37.59,31,74.46,0
2026-11-27 11:00:00,Computer Science Block,24.55,61.59,259,90.39,965.94,85.75,21.92,90,53.14,0
2026-11-27 12:00:00,Laboratory,26.57,50.58,171,125.68,432.89,96.16,39.28,149,50.96,0
2026-11-27 13:00:00,Laboratory,21.9,78.72,470,89.96,752.41,98.48,83.81,225,78.56,0
2026-11-27 14:00:00,Auditorium,27.22,75.17,277,96.59,580.58,100.87,81.51,70,54.39,0
2026-11-27 15:00:00,Engineering Block,26.78,66.58,63,176.71,1206.05,71.47,61.55,156,70.42,0
2026-11-27 16:00:00,Library,29.2,60.9,187,122.32,646.37,109.8,77.74,156,69.63,0
2026-11-27 17:00:00,Library,25.51,53.4,294,74.85,960.75,45.69,65.12,38,31.09,0
2026-11-27 18:00:00,Hostel A,28.33,59.79,210,114.15,642.89,126.77,20.39,160,78.51,0
2026-11-27 19:00:00,Library,26.67,76.39,171,143.1,683.41,56.07,93.32,147,69.7,0
2026-11-27 20:00:00,Laboratory,26.67,68.69,69,127.41,810.11,62.62,55.03,119,86.72,0
2026-11-27 21:00:00,Hostel B,28.32,62.04,295,136.33,876.96,44.47,76.64,58,95.74,0
2026-11-27 22:00:00,Engineering Block,28.16,69.24,332,325.3052015226329,1694.7154090341644,110.34515521913534,88.76,88,64.19,1
2026-11-27 23:00:00,Engineering Block,31.04,65.46,388,154.07,431.7,88.85,89.14,93,84.31,0
2026-11-28 00:00:00,Computer Science Block,27.52,63.96,325,168.9,1079.93,97.83,93.98,75,62.82,0
2026-11-28 01:00:00,Computer Science Block,26.6,69.81,114,133.56,1236.95,85.14,68.26,94,50.47,0
2026-11-28 02:00:00,Computer Science Block,27.28,65.17,261,150.66,896.34,128.16,66.99,237,93.06,0
2026-11-28 03:00:00,Laboratory,25.14,68.59,124,95.88,817.98,75.32,31.57,65,73.17,0
2026-11-28 04:00:00,Laboratory,26.56,61.61,461,146.11,1126.48,87.25,38.27,139,34.24,0
2026-11-28 05:00:00,Auditorium,36.12,57.46,434,174.62,988.44,120.76,64.31,180,95.41,0
2026-11-28 06:00:00,Laboratory,24.35,54.52,440,272.16343026248967,1264.482020658787,172.67218385364805,32.56,129,59.21,1
2026-11-28 07:00:00,Laboratory,26.89,53.33,382,105.39,742.28,68.28,42.3,40,76.79,0
2026-11-28 08:00:00,Laboratory,26.45,43.95,368,166.72,858.85,55.02,24.96,172,97.15,0
2026-11-28 09:00:00,Laboratory,27.01,50.88,279,92.33,407.41,83.52,77.56,174,67.38,0
2026-11-28 10:00:00,Hostel B,26.68,50.59,461,200.19,921.33,70.47,66.79,57,71.87,0
2026-11-28 11:00:00,Laboratory,29.12,54.93,157,131.73,1225.17,97.63,75.15,113,43.2,0
2026-11-28 12:00:00,Auditorium,21.16,75.62,338,64.1,335.13,42.67,50.02,26,84.46,0
2026-11-28 13:00:00,Library,32.15,58.42,439,135.78,279.19,79.14,76.22,208,66.51,0
2026-11-28 14:00:00,Library,30.53,62.42,202,169.47,1063.58,52.67,51.91,225,64.07,0
2026-11-28 15:00:00,Hostel A,23.03,62.73,76,159.4,1398.63,79.46,57.95,218,42.43,0
2026-11-28 16:00:00,Hostel B,18.92,75.88,259,121.29,1352.74,102.79,21.45,182,60.88,0
2026-11-28 17:00:00,Computer Science Block,24.09,54.24,488,125.3,800.19,146.28,13.28,39,96.41,0
2026-11-28 18:00:00,Admin Block,27.03,57.77,446,159.31,1019.08,86.09,77.05,158,57.13,0
2026-11-28 19:00:00,Laboratory,38.32,58.94,124,51.85,1163.4,112.37,90.15,141,45.53,0
2026-11-28 20:00:00,Hostel A,30.17,71.37,84,100.61,498.98,57.86,42.46,76,71.9,0
2026-11-28 21:00:00,Admin Block,20.77,73.44,159,95.33,405.01,20.0,86.22,236,65.56,0
2026-11-28 22:00:00,Auditorium,25.24,64.75,81,149.59,803.76,107.92,34.79,69,63.58,0
2026-11-28 23:00:00,Library,27.79,72.33,171,89.34,632.76,88.61,75.87,224,41.43,0
2026-11-29 00:00:00,Hostel A,29.01,61.78,149,95.34,937.34,73.98,62.37,125,93.61,0
2026-11-29 01:00:00,Auditorium,22.74,58.27,450,104.27,767.29,63.88,13.02,88,72.55,0
2026-11-29 02:00:00,Hostel A,27.46,71.79,145,91.14,1314.42,89.97,31.74,50,73.5,0
2026-11-29 03:00:00,Engineering Block,25.13,64.88,459,157.43,1034.32,28.58,66.61,31,38.3,0
2026-11-29 04:00:00,Auditorium,23.58,52.64,231,103.69,818.24,49.93,28.7,83,61.89,0
2026-11-29 05:00:00,Library,29.04,69.97,419,139.18,343.95,64.43,63.09,134,70.81,0
2026-11-29 06:00:00,Library,31.1,57.92,181,101.75,971.47,90.37,73.61,187,94.65,0
2026-11-29 07:00:00,Hostel B,31.36,56.69,224,119.7,934.5,91.43,41.19,186,70.62,0
2026-11-29 08:00:00,Hostel A,30.3,68.93,421,113.52,800.84,97.01,72.23,146,97.1,0
2026-11-29 09:00:00,Laboratory,26.01,59.11,48,54.46,714.26,76.85,67.86,49,78.43,0
2026-11-29 10:00:00,Library,30.86,63.89,201,78.79,724.18,98.0,98.86,244,40.93,0
2026-11-29 11:00:00,Hostel A,29.24,66.62,70,76.57,1231.67,47.82,65.32,45,34.55,0
2026-11-29 12:00:00,Hostel B,28.54,52.17,254,158.22,1198.02,67.95,34.78,207,68.39,0
2026-11-29 13:00:00,Laboratory,25.55,63.85,33,165.08,774.76,55.53,32.25,6,96.1,0
2026-11-29 14:00:00,Auditorium,26.01,73.49,369,102.76,964.67,92.12,69.37,138,52.34,0
2026-11-29 15:00:00,Hostel B,28.3,50.44,77,135.68,981.2,66.95,19.31,223,91.89,0
2026-11-29 16:00:00,Engineering Block,37.76,64.5,438,95.6,543.47,94.4,30.38,12,40.23,0
2026-11-29 17:00:00,Laboratory,29.2,51.71,156,129.98,686.16,89.62,10.81,10,81.88,0
2026-11-29 18:00:00,Hostel A,25.56,70.21,147,107.6,1194.75,76.83,56.03,236,59.13,0
2026-11-29 19:00:00,Library,24.67,70.12,56,101.99,608.18,60.54,80.71,242,30.91,0
2026-11-29 20:00:00,Library,26.03,56.46,378,141.06,720.65,86.98,55.96,214,50.26,0
2026-11-29 21:00:00,Hostel A,36.71,82.1,287,131.25,810.64,76.92,35.7,61,58.05,0
2026-11-29 22:00:00,Hostel A,26.4,71.07,104,191.94863679019946,1278.7210515057068,189.47674993162613,85.41,32,60.64,1
2026-11-29 23:00:00,Hostel A,31.63,67.07,229,180.04,627.9,35.72,53.62,218,42.01,0
2026-11-30 00:00:00,Computer Science Block,26.5,66.51,158,184.57,769.73,81.62,72.07,203,73.16,0
2026-11-30 01:00:00,Laboratory,29.04,69.84,46,124.15,374.86,68.98,98.78,246,89.26,0
2026-11-30 02:00:00,Library,31.17,50.04,363,141.23,1016.78,64.14,83.24,212,78.19,0
2026-11-30 03:00:00,Laboratory,25.71,61.95,252,201.63,831.18,116.94,86.55,174,85.93,0
2026-11-30 04:00:00,Hostel B,25.44,63.83,190,141.11,498.16,66.11,20.87,44,54.37,0
2026-11-30 05:00:00,Library,34.64,56.0,197,72.49,708.63,25.02,58.66,175,89.1,0
2026-11-30 06:00:00,Computer Science Block,31.94,64.65,373,121.51,318.52,93.53,99.73,13,30.4,0
2026-11-30 07:00:00,Hostel A,31.16,72.32,39,107.9,568.61,106.36,39.13,39,87.95,0
2026-11-30 08:00:00,Engineering Block,31.15,55.78,416,104.5,425.24,91.48,13.76,8,31.93,0
2026-11-30 09:00:00,Hostel A,29.84,59.46,322,135.52,1428.18,30.68,13.06,51,75.23,0
2026-11-30 10:00:00,Auditorium,36.07,51.79,283,103.16,923.55,78.95,98.08,81,44.42,0
2026-11-30 11:00:00,Hostel A,28.18,42.13,216,149.21,864.39,57.27,49.08,207,64.55,0
2026-11-30 12:00:00,Computer Science Block,30.31,67.79,346,98.11,622.25,117.87,35.64,170,58.3,0
2026-11-30 13:00:00,Laboratory,22.2,59.74,83,81.56,925.38,69.55,56.25,50,97.04,0
2026-11-30 14:00:00,Library,24.7,60.48,63,164.38,894.08,88.24,64.92,19,52.62,0
2026-11-30 15:00:00,Hostel A,23.2,50.13,263,110.49,1050.31,86.64,89.27,113,76.52,0
2026-11-30 16:00:00,Library,33.1,58.14,31,147.91,734.82,101.54,49.84,39,66.2,0
2026-11-30 17:00:00,Admin Block,17.79,70.97,380,87.05,703.88,117.02,86.78,94,56.52,0
2026-11-30 18:00:00,Hostel B,26.39,60.01,279,113.6,697.47,77.36,33.42,192,75.58,0
2026-11-30 19:00:00,Laboratory,16.03,60.29,315,142.81,790.89,50.77,59.37,59,39.78,0
2026-11-30 20:00:00,Library,24.67,62.08,422,92.88,893.74,120.52,80.34,116,81.29,0
2026-11-30 21:00:00,Engineering Block,26.04,47.64,457,136.1,1181.11,67.99,49.84,44,71.05,0
2026-11-30 22:00:00,Hostel B,33.54,66.25,276,161.82,1165.7,96.09,34.98,73,83.92,0
2026-11-30 23:00:00,Auditorium,29.59,47.45,394,132.48,803.73,70.23,82.81,137,82.8,0
2026-12-01 00:00:00,Auditorium,24.67,50.6,254,101.16,1477.06,77.78,82.65,23,63.33,0
2026-12-01 01:00:00,Engineering Block,32.26,49.51,266,98.32,977.13,42.07,35.41,120,59.28,0
2026-12-01 02:00:00,Hostel A,28.07,58.25,160,93.48,997.12,75.95,64.44,103,89.91,0
2026-12-01 03:00:00,Hostel B,28.15,56.48,325,89.23,1059.98,91.54,32.17,65,93.85,0
2026-12-01 04:00:00,Library,23.19,59.99,200,149.01,1170.1,57.8,90.67,144,59.36,0
2026-12-01 05:00:00,Hostel B,24.04,50.95,445,87.38,1099.38,110.78,16.76,183,95.05,0
2026-12-01 06:00:00,Hostel A,24.7,70.05,384,109.72,712.31,118.49,44.41,38,94.49,0
2026-12-01 07:00:00,Computer Science Block,28.19,68.34,172,126.19,764.73,82.01,68.51,42,39.08,0
2026-12-01 08:00:00,Laboratory,28.31,58.26,63,106.97,525.59,89.91,87.42,220,62.5,0
2026-12-01 09:00:00,Engineering Block,34.18,55.22,128,96.0,994.19,89.11,81.58,48,86.38,0
2026-12-01 10:00:00,Hostel A,29.54,54.21,117,161.82,1093.01,68.74,71.57,211,40.48,0
2026-12-01 11:00:00,Computer Science Block,17.17,56.9,246,98.56,1106.83,62.47,93.35,110,46.83,0
2026-12-01 12:00:00,Hostel B,29.05,46.0,464,126.21,921.44,60.21,12.18,28,68.73,0
2026-12-01 13:00:00,Hostel B,22.2,50.4,100,238.52779349286845,1887.0451031331934,92.62624385855258,98.16,228,38.53,1
2026-12-01 14:00:00,Hostel A,24.14,68.6,237,99.85,442.77,65.21,41.12,68,53.56,0
2026-12-01 15:00:00,Library,24.75,63.02,168,73.46,747.52,105.28,77.34,106,66.03,0
2026-12-01 16:00:00,Hostel B,25.35,76.34,454,120.55,724.57,67.94,35.13,176,85.4,0
2026-12-01 17:00:00,Library,22.5,57.01,95,74.66,1218.19,93.36,47.32,18,41.04,0
2026-12-01 18:00:00,Library,28.81,56.38,99,130.12,938.66,92.0,88.84,163,80.51,0
2026-12-01 19:00:00,Laboratory,22.36,55.92,71,109.7,929.55,82.64,50.34,234,96.35,0
2026-12-01 20:00:00,Library,29.43,56.81,82,86.5,517.47,87.16,89.64,58,44.49,0
2026-12-01 21:00:00,Admin Block,36.95,53.4,103,80.23,533.96,50.37,59.41,137,45.9,0
2026-12-01 22:00:00,Laboratory,22.68,62.71,457,39.46,801.83,82.35,33.77,104,84.91,0
2026-12-01 23:00:00,Computer Science Block,26.86,60.29,413,142.86,1043.92,65.15,53.77,246,39.41,0
2026-12-02 00:00:00,Computer Science Block,17.91,54.9,362,118.12,632.23,110.36,17.99,34,62.92,0
2026-12-02 01:00:00,Hostel B,26.8,72.51,386,125.51,1218.59,91.35,53.03,191,58.94,0
2026-12-02 02:00:00,Hostel B,30.57,78.97,497,137.37,657.32,99.88,80.89,210,65.79,0
2026-12-02 03:00:00,Library,30.88,71.67,274,175.34,986.53,75.99,16.2,131,66.33,0
2026-12-02 04:00:00,Laboratory,28.31,65.58,78,86.48,683.07,61.28,31.01,249,69.04,0
2026-12-02 05:00:00,Laboratory,31.56,67.62,27,98.27,1164.92,74.06,48.02,38,87.26,0
2026-12-02 06:00:00,Admin Block,38.18,78.56,326,138.46,1332.72,41.36,78.2,61,59.98,0
2026-12-02 07:00:00,Library,34.85,67.6,408,145.74,1007.12,57.42,77.6,248,45.09,0
2026-12-02 08:00:00,Admin Block,25.91,54.15,95,122.14,696.0,45.41,89.86,133,85.0,0
2026-12-02 09:00:00,Auditorium,22.2,63.92,445,48.96,632.13,73.83,23.09,110,98.55,0
2026-12-02 10:00:00,Library,26.38,66.26,97,42.08,674.15,101.45,24.02,69,38.81,0
2026-12-02 11:00:00,Engineering Block,24.21,50.05,143,117.26,736.37,72.8,70.21,174,48.23,0
2026-12-02 12:00:00,Engineering Block,29.81,57.15,31,157.97,709.28,52.09,26.21,169,98.42,0
2026-12-02 13:00:00,Hostel A,23.28,71.0,299,170.27,1173.89,94.09,47.25,31,45.51,0
2026-12-02 14:00:00,Library,27.71,41.77,64,60.22,881.25,36.05,58.55,188,59.56,0
2026-12-02 15:00:00,Laboratory,31.35,47.5,72,136.29,991.0,49.96,33.12,15,35.86,0
2026-12-02 16:00:00,Hostel B,27.6,58.24,200,135.53,541.41,86.9,72.24,235,51.36,0
2026-12-02 17:00:00,Computer Science Block,24.21,63.54,420,101.41,768.57,107.95,87.22,208,48.14,0
2026-12-02 18:00:00,Hostel A,32.7,46.42,468,124.93,1006.95,75.03,11.1,139,97.04,0
2026-12-02 19:00:00,Hostel B,20.48,58.73,393,111.5,742.54,33.81,36.03,25,39.84,0
2026-12-02 20:00:00,Engineering Block,26.69,71.54,253,79.89,931.31,82.69,74.1,173,51.7,0
2026-12-02 21:00:00,Library,27.83,60.69,205,98.18,751.86,127.02,34.8,105,35.58,0
2026-12-02 22:00:00,Hostel A,28.06,69.39,312,190.61,1151.43,105.08,57.07,229,77.04,0
2026-12-02 23:00:00,Library,28.72,54.08,94,130.13,856.12,66.26,78.08,57,99.04,0
2026-12-03 00:00:00,Engineering Block,30.44,51.9,445,77.59,700.01,72.08,40.93,162,40.72,0
2026-12-03 01:00:00,Hostel A,27.86,68.49,217,80.63,929.65,94.02,80.88,63,73.9,0
2026-12-03 02:00:00,Engineering Block,26.53,63.69,98,174.5,930.29,93.04,83.45,163,40.73,0
2026-12-03 03:00:00,Admin Block,26.37,48.14,252,246.33318421934584,2358.4704546420535,69.35490634344015,99.2,18,45.85,1
2026-12-03 04:00:00,Engineering Block,25.55,51.99,187,106.92,546.33,82.12,48.91,227,67.95,0
2026-12-03 05:00:00,Laboratory,31.15,75.65,42,147.74,619.56,113.68,52.82,64,96.48,0
2026-12-03 06:00:00,Laboratory,25.41,50.75,426,108.09,910.49,76.36,80.46,55,63.26,0
2026-12-03 07:00:00,Library,31.39,69.34,249,101.39,714.56,72.19,88.12,103,61.54,0
2026-12-03 08:00:00,Computer Science Block,28.08,55.22,324,127.77,887.75,123.23,55.47,162,39.59,0
2026-12-03 09:00:00,Engineering Block,25.91,59.97,403,95.21,911.31,80.52,11.96,201,69.45,0
2026-12-03 10:00:00,Hostel B,30.47,62.95,479,103.61,624.03,98.29,51.22,5,62.37,0
2026-12-03 11:00:00,Laboratory,25.09,38.99,154,175.77,920.76,99.93,30.27,129,53.42,0
2026-12-03 12:00:00,Auditorium,30.55,45.37,312,91.19,717.57,85.69,18.7,156,81.15,0
2026-12-03 13:00:00,Computer Science Block,28.85,60.86,419,111.28,455.6,60.13,40.53,157,50.85,0
2026-12-03 14:00:00,Admin Block,25.61,52.76,57,194.79,847.12,35.66,45.27,163,93.2,0
2026-12-03 15:00:00,Hostel A,30.11,69.97,251,20.0,747.59,62.27,98.35,206,91.09,0
2026-12-03 16:00:00,Hostel A,30.19,43.94,374,186.47,691.73,68.48,50.97,56,64.06,0
2026-12-03 17:00:00,Laboratory,32.63,65.65,187,138.43,877.23,106.65,97.08,149,93.56,0
2026-12-03 18:00:00,Computer Science Block,31.86,46.24,304,136.33,973.92,94.21,75.92,38,97.31,0
2026-12-03 19:00:00,Laboratory,29.97,56.48,122,135.79,711.81,56.96,32.78,224,32.55,0
2026-12-03 20:00:00,Hostel A,23.49,49.36,164,104.92,1063.29,69.63,73.18,219,89.67,0
2026-12-03 21:00:00,Auditorium,37.79,79.02,262,84.83,615.12,61.67,46.24,245,58.17,0
2026-12-03 22:00:00,Engineering Block,22.39,46.61,493,119.09,711.47,51.99,62.13,87,99.66,0
2026-12-03 23:00:00,Computer Science Block,31.8,58.78,167,116.05,1222.45,75.66,56.73,32,54.0,0
2026-12-04 00:00:00,Library,29.73,42.73,385,127.93,653.78,102.71,93.86,235,88.32,0
2026-12-04 01:00:00,Engineering Block,23.3,76.0,172,109.37,846.57,45.9,21.67,152,45.42,0
2026-12-04 02:00:00,Engineering Block,27.5,64.01,335,149.43,659.44,109.57,49.95,17,95.11,0
2026-12-04 03:00:00,Engineering Block,27.68,61.37,441,148.6,1212.12,84.93,17.31,114,81.99,0
2026-12-04 04:00:00,Library,33.22,74.74,338,69.33,638.51,83.67,32.93,80,49.87,0
2026-12-04 05:00:00,Auditorium,25.15,61.47,314,60.67,1272.09,73.6,16.92,177,78.11,0
2026-12-04 06:00:00,Admin Block,26.95,62.2,145,92.77,1120.91,82.29,94.48,147,60.48,0
2026-12-04 07:00:00,Auditorium,18.66,61.32,211,73.38,954.4,78.33,38.34,190,90.16,0
2026-12-04 08:00:00,Auditorium,34.94,65.64,102,157.28,1065.85,82.31,80.32,200,30.42,0
2026-12-04 09:00:00,Auditorium,23.72,55.08,40,97.37,1339.71,66.81,77.37,165,66.63,0
2026-12-04 10:00:00,Hostel B,29.31,57.86,307,138.21,716.96,96.02,22.64,40,77.69,0
2026-12-04 11:00:00,Laboratory,27.59,68.1,303,115.24,891.26,27.03,22.69,96,57.78,0
2026-12-04 12:00:00,Hostel A,27.61,62.77,378,151.79,848.64,99.44,44.02,189,63.13,0
2026-12-04 13:00:00,Laboratory,31.24,58.86,287,104.74,656.0,94.15,61.17,240,46.8,0
2026-12-04 14:00:00,Computer Science Block,34.69,45.99,140,65.13,748.29,92.82,48.41,153,59.22,0
2026-12-04 15:00:00,Auditorium,29.01,74.98,130,95.73,922.42,90.42,79.12,10,94.48,0
2026-12-04 16:00:00,Admin Block,30.62,53.39,98,23.58,1414.48,87.12,58.23,186,56.92,0
2026-12-04 17:00:00,Computer Science Block,29.32,69.87,367,67.19,582.9,98.84,89.37,125,99.19,0
2026-12-04 18:00:00,Laboratory,32.07,61.76,395,131.9,845.5,89.43,63.32,135,62.59,0
2026-12-04 19:00:00,Hostel A,26.15,47.07,104,126.79,758.12,70.78,63.31,160,73.43,0
2026-12-04 20:00:00,Library,32.3,72.52,99,100.01,992.08,63.97,69.37,170,30.32,0
2026-12-04 21:00:00,Laboratory,32.44,62.55,170,114.0,995.64,78.69,64.27,180,43.09,0
2026-12-04 22:00:00,Engineering Block,32.33,73.35,263,64.24,519.4,115.36,65.09,144,54.9,0
2026-12-04 23:00:00,Laboratory,25.36,58.18,237,143.65,893.53,99.6,50.47,227,52.96,0
2026-12-05 00:00:00,Engineering Block,27.33,67.04,34,112.82,330.82,92.26,18.15,113,80.35,0
2026-12-05 01:00:00,Library,28.96,42.37,120,138.46,1132.92,20.0,43.2,45,68.4,0
2026-12-05 02:00:00,Laboratory,22.52,55.0,287,136.43,420.15,39.49,79.15,60,45.17,0
2026-12-05 03:00:00,Admin Block,34.38,47.27,407,129.92,621.99,88.18,13.42,155,72.39,0
2026-12-05 04:00:00,Admin Block,27.95,56.25,54,86.83,959.79,109.62,72.16,72,39.18,0
2026-12-05 05:00:00,Computer Science Block,29.14,64.72,370,129.72,686.16,67.84,98.28,169,90.72,0
2026-12-05 06:00:00,Library,25.69,53.95,464,135.32,942.99,81.4,49.24,187,82.48,0
2026-12-05 07:00:00,Auditorium,22.69,68.64,302,96.46,1302.62,68.42,29.12,63,54.22,0
2026-12-05 08:00:00,Admin Block,25.58,51.43,144,131.14,1118.1,51.04,12.07,26,33.39,0
2026-12-05 09:00:00,Laboratory,28.88,68.85,243,69.2,729.36,68.26,86.93,175,84.79,0
2026-12-05 10:00:00,Library,30.69,73.1,180,139.22,792.76,83.31,23.26,9,47.04,0
2026-12-05 11:00:00,Hostel A,28.65,70.14,32,130.75,552.47,123.01,13.88,189,48.13,0
2026-12-05 12:00:00,Engineering Block,29.39,56.56,184,172.18,1112.68,76.32,53.69,208,60.21,0
2026-12-05 13:00:00,Laboratory,26.65,38.75,447,187.31,975.43,79.99,44.36,105,72.6,0
2026-12-05 14:00:00,Engineering Block,29.98,65.82,277,111.12,643.25,116.44,96.38,129,32.41,0
2026-12-05 15:00:00,Engineering Block,33.93,58.75,441,137.87,930.91,95.31,51.63,193,87.8,0
2026-12-05 16:00:00,Auditorium,30.82,50.22,312,132.1,460.83,94.78,85.19,186,32.39,0
2026-12-05 17:00:00,Library,31.24,54.44,462,110.38,940.8,95.92,93.88,62,42.24,0
2026-12-05 18:00:00,Library,29.18,74.34,133,57.86,1171.66,68.57,26.58,210,45.88,0
2026-12-05 19:00:00,Computer Science Block,21.99,48.63,139,80.25,1029.97,81.76,41.17,127,89.46,0
2026-12-05 20:00:00,Engineering Block,23.82,64.68,88,101.32,920.61,90.93,93.1,98,82.21,0
2026-12-05 21:00:00,Computer Science Block,29.82,62.18,293,129.43,1114.78,69.25,60.03,27,72.74,0
2026-12-05 22:00:00,Auditorium,27.96,56.43,67,168.36,740.49,76.21,39.04,38,54.93,0
2026-12-05 23:00:00,Engineering Block,29.76,66.45,356,116.42,310.45,74.72,56.85,169,68.7,0
2026-12-06 00:00:00,Computer Science Block,34.71,76.32,341,156.41,1197.92,49.41,75.81,90,33.57,0
2026-12-06 01:00:00,Computer Science Block,30.9,57.04,452,170.71,1072.39,114.87,65.65,131,90.63,0
2026-12-06 02:00:00,Hostel A,33.04,57.57,381,99.95,935.82,69.83,94.02,51,78.44,0
2026-12-06 03:00:00,Computer Science Block,28.38,66.22,77,70.88,876.91,64.27,96.67,7,76.68,0
2026-12-06 04:00:00,Library,24.77,69.18,438,121.31,1057.81,88.84,74.03,88,98.9,0
2026-12-06 05:00:00,Computer Science Block,27.77,58.72,97,73.16,1057.47,119.46,69.73,32,67.33,0
2026-12-06 06:00:00,Engineering Block,24.78,56.95,223,183.61,809.25,64.48,11.22,50,35.11,0
2026-12-06 07:00:00,Computer Science Block,34.23,37.82,461,160.81,1178.88,79.18,80.53,86,45.97,0
2026-12-06 08:00:00,Admin Block,31.16,52.22,244,169.32,1044.93,20.0,54.95,75,41.24,0
2026-12-06 09:00:00,Hostel B,30.08,48.61,282,59.45,704.5,127.4,88.72,38,95.89,0
2026-12-06 10:00:00,Engineering Block,32.94,66.85,122,107.28,1428.31,64.34,93.98,114,38.93,0
2026-12-06 11:00:00,Admin Block,19.92,57.56,128,121.87,656.72,20.0,43.21,47,31.58,0
2026-12-06 12:00:00,Auditorium,30.35,57.17,284,134.06,363.36,105.99,91.49,16,51.15,0
2026-12-06 13:00:00,Engineering Block,22.76,59.91,344,107.36,520.35,46.97,69.36,38,38.54,0
2026-12-06 14:00:00,Library,27.97,51.3,407,29.11,1149.17,45.2,48.53,114,73.42,0
2026-12-06 15:00:00,Hostel B,26.75,75.53,435,136.18,1159.88,51.48,14.57,217,45.66,0
2026-12-06 16:00:00,Hostel B,30.65,72.98,408,181.84,610.94,65.42,76.79,233,88.99,0
2026-12-06 17:00:00,Library,28.91,76.18,75,190.35,703.21,120.38,90.39,234,40.02,0
2026-12-06 18:00:00,Hostel B,33.38,66.83,331,110.7,705.82,43.37,62.41,166,40.67,0
2026-12-06 19:00:00,Library,25.59,59.71,271,122.75,1064.19,98.8,46.26,50,72.54,0
2026-12-06 20:00:00,Admin Block,30.84,76.15,319,84.78,556.31,59.49,50.63,211,35.73,0
2026-12-06 21:00:00,Auditorium,28.65,53.19,91,122.78,1096.67,64.02,73.73,34,33.54,0
2026-12-06 22:00:00,Hostel A,21.46,51.29,160,104.99,897.91,70.46,27.84,205,42.87,0
2026-12-06 23:00:00,Engineering Block,24.33,53.98,407,101.86,714.75,75.64,28.4,22,66.87,0
2026-12-07 00:00:00,Library,27.4,65.23,199,67.62,740.41,87.7,41.23,213,68.34,0
2026-12-07 01:00:00,Engineering Block,32.45,52.38,222,173.93,792.88,35.79,12.68,216,56.93,0
2026-12-07 02:00:00,Auditorium,29.85,58.45,290,111.48,797.94,137.32,70.2,6,62.7,0
2026-12-07 03:00:00,Admin Block,23.33,43.98,395,103.26,679.23,78.47,50.34,59,61.84,0
2026-12-07 04:00:00,Hostel A,27.44,64.81,129,127.85,1374.83,47.89,90.43,40,62.03,0
2026-12-07 05:00:00,Auditorium,36.07,44.83,101,99.74,994.7,115.66,68.23,116,48.64,0
2026-12-07 06:00:00,Admin Block,28.44,50.68,103,46.6,1078.08,74.92,73.42,70,41.86,0
2026-12-07 07:00:00,Hostel B,26.69,72.17,276,165.69,888.7,74.22,70.47,126,57.4,0
2026-12-07 08:00:00,Engineering Block,29.97,71.8,212,121.21,923.39,101.38,47.61,121,62.44,0
2026-12-07 09:00:00,Laboratory,31.05,63.74,158,147.56,772.72,29.96,93.94,228,96.74,0
2026-12-07 10:00:00,Hostel A,26.18,62.76,240,126.78,1133.69,96.15,92.29,177,82.39,0
2026-12-07 11:00:00,Hostel B,30.01,54.69,208,153.21,872.21,84.27,53.43,29,90.3,0
2026-12-07 12:00:00,Auditorium,26.68,52.27,368,144.57,684.45,63.52,80.14,50,57.04,0
2026-12-07 13:00:00,Hostel A,30.88,56.38,363,42.37,182.91,71.78,98.66,88,70.08,0
2026-12-07 14:00:00,Hostel B,28.68,44.86,359,135.69,632.55,61.42,39.81,63,81.96,0
2026-12-07 15:00:00,Admin Block,29.93,62.52,497,88.74,808.14,81.61,66.24,197,42.84,0
2026-12-07 16:00:00,Library,24.96,60.49,466,88.59,864.41,84.99,61.26,220,62.15,0
2026-12-07 17:00:00,Engineering Block,24.71,50.67,441,60.85,558.26,49.2,58.67,92,54.38,0
2026-12-07 18:00:00,Computer Science Block,31.78,75.69,216,183.29,312.98,58.88,93.98,164,68.35,0
2026-12-07 19:00:00,Computer Science Block,27.68,66.07,320,115.23,1403.81,29.18,21.39,82,50.45,0
2026-12-07 20:00:00,Admin Block,29.14,66.92,93,105.43,850.92,49.65,56.47,238,54.83,0
2026-12-07 21:00:00,Auditorium,26.77,55.13,217,93.21,769.44,57.72,12.33,14,88.26,0
2026-12-07 22:00:00,Engineering Block,31.59,59.99,343,202.15,898.43,20.99,37.73,185,84.42,0
2026-12-07 23:00:00,Auditorium,25.57,66.27,279,155.47,582.75,89.2,70.76,226,58.5,0
2026-12-08 00:00:00,Engineering Block,27.46,61.53,218,35.92,1123.09,96.94,80.24,12,36.85,0
2026-12-08 01:00:00,Admin Block,31.14,76.02,323,167.74,730.18,136.94,86.88,68,50.0,0
2026-12-08 02:00:00,Engineering Block,32.69,57.96,372,87.84,668.76,89.21,16.9,165,81.24,0
2026-12-08 03:00:00,Library,25.9,54.95,156,143.01,701.51,57.65,26.61,214,82.9,0
2026-12-08 04:00:00,Auditorium,35.84,66.34,365,104.48,681.52,78.99,46.14,98,52.72,0
2026-12-08 05:00:00,Admin Block,29.25,47.35,194,59.27,568.42,90.16,44.31,148,95.78,0
2026-12-08 06:00:00,Library,23.83,69.24,488,101.97,960.27,88.31,32.85,216,65.12,0
2026-12-08 07:00:00,Engineering Block,29.48,46.99,335,128.44,995.74,53.53,94.3,103,91.48,0
2026-12-08 08:00:00,Admin Block,26.47,66.39,327,129.01,521.22,113.67,58.05,242,67.09,0
2026-12-08 09:00:00,Engineering Block,29.74,53.52,399,187.5778606851972,1379.4092378454109,190.77257745239018,69.13,167,30.85,1
2026-12-08 10:00:00,Auditorium,27.83,64.77,361,121.87,883.4,105.27,77.47,77,36.97,0
2026-12-08 11:00:00,Admin Block,28.3,69.07,436,124.63,722.85,108.22,58.95,141,37.37,0
2026-12-08 12:00:00,Engineering Block,24.35,61.53,461,151.94,1049.87,100.33,85.03,227,80.24,0
2026-12-08 13:00:00,Auditorium,31.96,48.0,372,165.87,1239.34,94.32,98.64,124,90.22,0
2026-12-08 14:00:00,Library,23.38,51.03,323,120.07,968.11,91.34,45.27,111,66.8,0
2026-12-08 15:00:00,Laboratory,23.56,52.71,152,73.67,850.31,84.27,67.93,171,89.8,0
2026-12-08 16:00:00,Library,29.47,41.05,488,142.41,658.57,74.49,38.53,100,56.03,0
2026-12-08 17:00:00,Engineering Block,34.41,71.27,46,143.9,483.56,83.4,16.21,114,37.13,0
2026-12-08 18:00:00,Admin Block,26.59,61.1,444,151.21,650.27,57.73,12.44,18,48.13,0
2026-12-08 19:00:00,Computer Science Block,30.8,48.64,276,86.43,1034.84,101.27,30.93,60,38.26,0
2026-12-08 20:00:00,Library,32.29,74.56,70,148.23,604.07,67.07,24.61,175,92.0,0
2026-12-08 21:00:00,Library,31.26,52.99,163,131.07,1158.2,66.23,75.0,168,46.74,0
2026-12-08 22:00:00,Auditorium,26.76,62.51,374,140.29,753.06,80.95,51.7,203,82.55,0
2026-12-08 23:00:00,Hostel B,23.64,51.75,375,93.22,565.52,82.83,58.61,100,34.99,0
2026-12-09 00:00:00,Computer Science Block,19.17,39.82,255,54.35,905.07,82.52,17.36,159,84.25,0
2026-12-09 01:00:00,Engineering Block,26.95,46.36,179,72.3,631.47,99.49,11.75,140,35.95,0
2026-12-09 02:00:00,Laboratory,32.71,55.52,496,150.91,1065.28,111.91,49.16,248,96.34,0
2026-12-09 03:00:00,Admin Block,23.5,68.98,378,179.91,646.07,59.76,33.01,212,74.84,0
2026-12-09 04:00:00,Hostel B,30.8,63.47,322,147.31,342.21,73.2,65.98,128,77.34,0
2026-12-09 05:00:00,Engineering Block,24.2,61.4,426,77.11,718.56,74.32,56.05,25,77.67,0
2026-12-09 06:00:00,Hostel A,28.42,39.9,290,118.47,454.01,79.72,84.56,76,49.23,0
2026-12-09 07:00:00,Laboratory,30.83,72.7,173,130.22,1044.49,84.25,85.47,114,61.01,0
2026-12-09 08:00:00,Library,25.36,62.24,56,121.56,1109.91,55.63,58.34,242,93.37,0
2026-12-09 09:00:00,Hostel A,28.68,58.81,236,125.56,704.69,96.35,91.61,145,44.48,0
2026-12-09 10:00:00,Library,26.34,71.32,458,82.75,1239.79,86.14,93.96,6,66.94,0
2026-12-09 11:00:00,Library,30.82,72.47,149,67.82,639.29,63.66,31.99,136,52.61,0
2026-12-09 12:00:00,Hostel A,28.94,71.55,95,85.64,771.47,91.55,97.97,72,83.45,0
2026-12-09 13:00:00,Laboratory,28.23,57.53,422,76.44,578.94,69.1,98.73,67,61.94,0
2026-12-09 14:00:00,Auditorium,34.23,49.97,307,124.0,430.05,81.04,15.85,238,53.99,0
2026-12-09 15:00:00,Hostel A,30.65,69.89,490,128.1,943.7,61.15,10.21,227,71.51,0
2026-12-09 16:00:00,Engineering Block,25.24,46.35,216,71.83,1224.18,98.81,15.27,65,37.42,0
2026-12-09 17:00:00,Hostel B,27.66,79.47,330,117.06,737.1,76.55,41.47,104,69.2,0
2026-12-09 18:00:00,Hostel B,27.7,60.28,236,184.59,850.69,87.4,82.72,149,84.84,0
2026-12-09 19:00:00,Hostel A,28.32,49.39,118,124.98,537.71,93.38,55.41,138,97.41,0
2026-12-09 20:00:00,Engineering Block,38.1,47.68,331,104.92,705.15,100.39,36.66,175,89.16,0
2026-12-09 21:00:00,Auditorium,29.48,47.22,304,150.37,465.58,105.2,14.95,199,73.14,0
2026-12-09 22:00:00,Hostel B,19.86,61.4,249,203.2,1224.21,99.98,45.63,70,67.84,0
2026-12-09 23:00:00,Engineering Block,25.83,59.94,128,127.27,549.81,85.65,13.25,81,53.01,0
2026-12-10 00:00:00,Auditorium,20.27,47.64,359,99.24,849.61,85.31,25.55,63,63.45,0
2026-12-10 01:00:00,Engineering Block,26.68,56.44,183,124.11,1245.83,60.37,89.09,220,73.29,0
2026-12-10 02:00:00,Library,20.05,46.32,135,168.41,878.57,98.83,78.55,155,39.09,0
2026-12-10 03:00:00,Hostel B,24.51,65.89,90,117.4,824.16,41.1,99.61,91,80.63,0
2026-12-10 04:00:00,Auditorium,21.92,59.45,233,121.17,930.03,98.33,90.5,43,47.15,0
2026-12-10 05:00:00,Hostel B,29.54,56.22,357,169.63,529.87,60.83,87.01,102,38.07,0
2026-12-10 06:00:00,Library,28.0,47.12,72,245.3702982406048,852.0788138699108,199.51663912321584,25.73,97,36.86,1
2026-12-10 07:00:00,Hostel A,29.21,57.0,104,180.21,908.3,91.38,68.35,249,52.38,0
2026-12-10 08:00:00,Library,27.58,55.85,361,71.1,880.42,86.19,64.05,165,52.43,0
2026-12-10 09:00:00,Hostel B,22.42,63.18,442,136.02,927.99,81.04,92.61,54,70.06,0
2026-12-10 10:00:00,Hostel B,30.05,61.67,95,189.12,216.86,111.0,80.29,94,62.06,0
2026-12-10 11:00:00,Laboratory,35.69,67.92,286,206.08,513.69,59.37,79.73,149,82.5,0
2026-12-10 12:00:00,Auditorium,29.64,55.15,267,105.61,878.86,94.91,39.23,80,31.34,0
2026-12-10 13:00:00,Hostel A,26.3,41.4,351,110.72,808.09,96.03,21.2,170,36.36,0
2026-12-10 14:00:00,Library,22.29,69.91,493,187.99,1076.57,81.23,43.22,189,47.36,0
2026-12-10 15:00:00,Auditorium,24.37,50.64,305,107.95,925.28,78.1,28.76,220,32.73,0
2026-12-10 16:00:00,Admin Block,29.81,48.93,98,101.94,1148.27,116.32,75.49,10,41.48,0
2026-12-10 17:00:00,Auditorium,32.29,59.57,475,102.64,1132.24,55.68,51.34,155,80.91,0
2026-12-10 18:00:00,Admin Block,29.04,63.02,126,89.11,1002.98,39.62,30.9,55,85.88,0
2026-12-10 19:00:00,Hostel A,31.2,54.69,456,82.65,821.87,77.59,69.22,78,71.48,0
2026-12-10 20:00:00,Library,30.83,54.61,101,113.42,931.48,75.98,16.22,134,69.97,0
2026-12-10 21:00:00,Library,30.03,56.09,221,63.02,956.91,80.92,92.61,236,73.88,0
2026-12-10 22:00:00,Engineering Block,25.37,74.17,411,98.93,1149.84,65.75,62.05,169,86.09,0
2026-12-10 23:00:00,Hostel B,28.7,59.97,249,175.14,761.13,80.16,51.49,155,89.0,0
2026-12-11 00:00:00,Computer Science Block,24.61,50.32,246,151.15,955.66,43.94,32.42,8,53.73,0
2026-12-11 01:00:00,Laboratory,28.07,50.42,39,100.43,501.5,137.25,59.31,104,59.15,0
2026-12-11 02:00:00,Auditorium,29.32,57.49,287,129.21,755.07,52.99,35.85,100,86.61,0
2026-12-11 03:00:00,Hostel A,34.72,62.38,342,116.83,907.28,92.96,45.51,115,44.75,0
2026-12-11 04:00:00,Computer Science Block,22.76,64.84,487,93.76,944.65,77.69,89.97,145,95.99,0
2026-12-11 05:00:00,Auditorium,29.93,61.24,197,39.49,1005.77,80.11,27.47,169,88.68,0
2026-12-11 06:00:00,Computer Science Block,33.92,51.58,401,88.88,669.94,64.64,41.32,147,60.86,0
2026-12-11 07:00:00,Hostel A,31.04,55.76,159,109.49,863.69,100.07,69.03,56,65.96,0
2026-12-11 08:00:00,Library,31.33,67.34,329,207.6,725.26,71.48,75.23,89,60.62,0
2026-12-11 09:00:00,Hostel A,30.35,48.54,491,142.01,1309.99,74.81,20.34,235,46.03,0
2026-12-11 10:00:00,Auditorium,33.19,55.34,99,116.66,473.41,54.15,94.26,210,46.8,0
2026-12-11 11:00:00,Computer Science Block,23.65,65.97,399,137.85,1381.41,115.83,12.44,48,51.19,0
2026-12-11 12:00:00,Hostel B,22.46,68.75,201,128.95,1018.84,73.34,16.02,10,58.58,0
2026-12-11 13:00:00,Laboratory,27.97,58.07,93,95.72,175.64,64.73,78.59,27,92.56,0
2026-12-11 14:00:00,Laboratory,19.36,55.89,166,118.1,725.44,80.31,79.43,171,55.1,0
2026-12-11 15:00:00,Hostel B,32.92,46.78,252,107.79,911.42,132.07,69.95,125,69.37,0
2026-12-11 16:00:00,Hostel B,32.88,65.26,161,67.09,837.83,38.77,56.95,230,36.2,0
2026-12-11 17:00:00,Library,26.27,73.19,455,100.5,446.33,117.15,35.98,131,56.9,0
2026-12-11 18:00:00,Auditorium,26.52,85.65,481,116.72,560.2,120.34,85.6,177,59.94,0
2026-12-11 19:00:00,Admin Block,27.71,63.86,169,135.76,879.83,77.13,72.89,23,65.2,0
2026-12-11 20:00:00,Hostel A,28.21,59.49,151,121.3,502.56,21.64,97.12,66,62.33,0
2026-12-11 21:00:00,Laboratory,28.51,50.8,258,153.96,1058.83,72.06,50.89,35,76.26,0
2026-12-11 22:00:00,Hostel B,30.23,41.21,391,113.09,783.38,70.49,52.35,99,89.5,0
2026-12-11 23:00:00,Hostel A,27.31,61.77,334,165.55,997.96,36.93,81.22,68,74.23,0
2026-12-12 00:00:00,Laboratory,31.77,83.5,181,127.21,574.28,32.58,99.37,23,57.12,0
2026-12-12 01:00:00,Hostel B,29.78,72.71,339,136.55,511.13,108.61,90.68,211,84.09,0
2026-12-12 02:00:00,Auditorium,25.57,71.17,269,130.22,1108.24,94.17,36.77,164,77.91,0
2026-12-12 03:00:00,Laboratory,33.34,62.46,147,103.47,833.63,50.94,95.83,90,78.33,0
2026-12-12 04:00:00,Library,22.57,63.6,293,143.04,436.75,85.0,27.82,245,85.08,0
2026-12-12 05:00:00,Admin Block,27.63,35.76,101,224.06429167900055,1392.855305995918,63.323457751898495,47.93,178,37.76,1
2026-12-12 06:00:00,Admin Block,31.87,67.63,251,86.87,899.95,44.46,89.82,221,55.32,0
2026-12-12 07:00:00,Hostel B,25.11,54.21,50,129.68,480.69,65.1,38.21,9,41.77,0
2026-12-12 08:00:00,Laboratory,29.24,52.98,253,117.87,138.79,59.26,41.7,26,84.08,0
2026-12-12 09:00:00,Library,30.17,56.77,103,92.98,473.17,71.3,99.53,123,69.67,0
2026-12-12 10:00:00,Engineering Block,24.56,56.43,61,123.61,1044.23,77.6,50.59,37,99.27,0
2026-12-12 11:00:00,Hostel A,27.71,52.82,221,144.39,414.3,59.76,95.27,183,77.5,0
2026-12-12 12:00:00,Hostel A,27.37,60.14,270,113.39,1089.01,94.11,34.66,18,35.35,0
2026-12-12 13:00:00,Computer Science Block,25.79,54.42,406,176.07,918.76,104.32,55.07,173,50.17,0
2026-12-12 14:00:00,Library,37.21,61.0,104,160.53,662.64,42.2,44.45,121,94.78,0
2026-12-12 15:00:00,Laboratory,24.95,45.13,202,105.42,1137.91,125.33,60.78,214,98.7,0
2026-12-12 16:00:00,Auditorium,32.02,57.86,285,80.14,511.87,69.8,90.86,226,45.64,0
2026-12-12 17:00:00,Auditorium,26.43,49.04,90,115.93,693.64,79.33,99.18,231,64.58,0
2026-12-12 18:00:00,Computer Science Block,23.65,53.59,41,136.04,829.54,75.92,55.1,218,55.9,0
2026-12-12 19:00:00,Hostel B,28.41,61.43,426,61.09,734.2,89.5,25.75,64,44.68,0
2026-12-12 20:00:00,Laboratory,30.6,43.96,95,60.5,861.8,86.0,14.54,36,55.77,0
2026-12-12 21:00:00,Computer Science Block,31.68,51.78,288,76.62,992.58,91.5,24.36,151,59.97,0
2026-12-12 22:00:00,Admin Block,34.25,65.69,187,160.19,694.01,35.45,77.18,241,76.68,0
2026-12-12 23:00:00,Hostel A,39.78,45.87,398,169.76,1219.33,130.19,63.49,95,65.18,0
2026-12-13 00:00:00,Laboratory,29.0,77.78,416,83.13,614.57,107.53,77.39,229,88.1,0
2026-12-13 01:00:00,Computer Science Block,25.35,72.04,372,71.22,777.39,44.76,95.86,9,95.96,0
2026-12-13 02:00:00,Admin Block,29.81,55.05,370,128.12,956.55,70.07,73.61,129,56.79,0
2026-12-13 03:00:00,Library,26.94,52.13,259,124.86,800.25,20.0,79.98,14,65.08,0
2026-12-13 04:00:00,Computer Science Block,31.7,62.02,70,78.33,487.96,37.83,48.44,47,80.91,0
2026-12-13 05:00:00,Hostel B,22.81,45.53,467,84.8,838.0,74.47,56.02,139,87.83,0
2026-12-13 06:00:00,Hostel B,37.47,39.98,495,96.99,603.46,91.64,84.1,191,45.44,0
2026-12-13 07:00:00,Hostel B,31.42,55.41,102,104.94,1276.98,100.97,67.52,143,76.06,0
2026-12-13 08:00:00,Laboratory,21.26,58.66,488,130.69,1204.1,46.1,58.19,212,87.34,0
2026-12-13 09:00:00,Auditorium,25.16,60.94,371,38.0,875.64,129.57,29.91,249,81.81,0
2026-12-13 10:00:00,Auditorium,31.26,53.85,109,186.72,772.39,97.09,64.25,245,78.85,0
2026-12-13 11:00:00,Hostel A,32.71,72.74,401,133.07,1114.88,48.1,36.2,227,96.09,0
2026-12-13 12:00:00,Computer Science Block,22.91,45.05,32,123.04,1145.1,84.65,63.12,246,82.2,0
2026-12-13 13:00:00,Library,30.85,48.62,176,97.88,965.48,69.62,51.75,86,64.24,0
2026-12-13 14:00:00,Computer Science Block,20.21,64.87,218,90.49,1196.99,48.97,19.16,224,90.86,0
2026-12-13 15:00:00,Hostel A,27.64,48.38,450,92.29,938.18,67.06,87.14,46,60.59,0
2026-12-13 16:00:00,Admin Block,32.45,48.0,173,102.88,882.55,79.15,62.32,31,85.79,0
2026-12-13 17:00:00,Hostel A,25.79,61.23,217,134.31,917.83,39.84,91.27,136,73.73,0
2026-12-13 18:00:00,Hostel B,21.97,49.46,243,159.85,701.14,73.5,93.43,120,72.39,0
2026-12-13 19:00:00,Laboratory,28.58,58.67,137,70.53,1042.26,91.4,56.58,149,81.71,0
2026-12-13 20:00:00,Admin Block,25.58,53.0,170,210.41052453696744,1253.4398266173102,180.61251888923007,71.02,198,78.96,1
2026-12-13 21:00:00,Laboratory,30.52,51.38,263,124.88,922.59,92.31,90.58,34,67.36,0
2026-12-13 22:00:00,Hostel B,24.46,38.98,94,127.36,773.4,68.25,71.21,246,91.98,0
2026-12-13 23:00:00,Engineering Block,24.91,61.4,459,99.75,959.27,79.72,31.95,207,80.52,0
2026-12-14 00:00:00,Hostel A,19.92,47.53,232,107.29,906.59,87.7,33.26,165,70.64,0
2026-12-14 01:00:00,Hostel A,28.68,58.32,294,111.82,1094.66,86.01,47.7,57,79.27,0
2026-12-14 02:00:00,Library,27.36,54.88,373,78.38,705.9,78.36,13.39,227,54.07,0
2026-12-14 03:00:00,Computer Science Block,23.25,57.93,386,87.51,696.42,77.57,43.39,52,99.97,0
2026-12-14 04:00:00,Admin Block,28.78,58.5,263,54.08,1020.69,66.87,22.92,153,62.85,0
2026-12-14 05:00:00,Auditorium,32.11,61.94,197,158.58,1269.26,79.89,84.44,41,63.24,0
2026-12-14 06:00:00,Laboratory,27.14,52.72,127,139.9,777.58,71.74,80.4,96,57.36,0
2026-12-14 07:00:00,Admin Block,29.07,72.43,310,72.52,1001.18,50.53,25.76,74,52.51,0
2026-12-14 08:00:00,Library,29.09,41.53,196,80.64,628.03,98.37,35.62,49,97.43,0
2026-12-14 09:00:00,Library,23.18,57.73,498,72.42,727.05,85.97,61.3,47,97.89,0
2026-12-14 10:00:00,Laboratory,36.23,68.36,193,86.96,859.84,64.04,32.44,217,96.36,0
2026-12-14 11:00:00,Auditorium,26.12,64.77,112,128.52,925.81,74.88,15.0,242,52.59,0
2026-12-14 12:00:00,Computer Science Block,30.62,50.25,473,220.53,908.5,81.9,78.88,222,73.34,0
2026-12-14 13:00:00,Laboratory,31.08,51.92,119,104.59,788.83,98.02,18.2,11,42.91,0
2026-12-14 14:00:00,Laboratory,27.44,49.93,200,136.57,485.97,71.3,71.0,173,80.51,0
2026-12-14 15:00:00,Hostel B,30.43,65.99,178,115.81,527.24,80.29,23.49,77,49.06,0
2026-12-14 16:00:00,Auditorium,28.98,52.6,115,128.52,1175.94,115.45,10.69,94,78.03,0
2026-12-14 17:00:00,Computer Science Block,22.33,62.55,251,110.02,747.44,20.0,60.62,245,80.16,0
2026-12-14 18:00:00,Hostel A,26.67,62.64,270,160.39,840.35,56.42,35.62,234,99.76,0
2026-12-14 19:00:00,Hostel B,25.55,83.68,359,140.84,896.42,90.0,21.71,75,85.02,0
2026-12-14 20:00:00,Engineering Block,26.15,63.13,425,119.81,1428.31,102.73,71.65,189,70.42,0
2026-12-14 21:00:00,Auditorium,22.78,51.89,86,286.8102605938465,1261.59135991258,102.78033355653645,67.97,110,64.34,1
2026-12-14 22:00:00,Computer Science Block,32.51,45.4,411,153.25,1099.96,56.9,47.02,127,33.95,0
2026-12-14 23:00:00,Library,34.41,57.24,256,94.82,604.73,80.91,17.97,32,96.16,0
2026-12-15 00:00:00,Hostel B,31.91,58.81,38,136.45,721.63,38.42,51.93,233,42.82,0
2026-12-15 01:00:00,Computer Science Block,33.08,37.89,306,150.43,969.58,75.47,19.37,6,32.88,0
2026-12-15 02:00:00,Admin Block,26.62,52.86,307,136.3,1004.97,76.05,99.49,190,54.47,0
2026-12-15 03:00:00,Laboratory,25.45,62.97,226,144.7,946.61,74.73,31.12,204,46.08,0
2026-12-15 04:00:00,Engineering Block,24.89,54.68,330,122.97,859.06,55.97,10.28,133,63.94,0
2026-12-15 05:00:00,Hostel A,30.58,69.69,122,139.21,830.08,65.46,29.8,219,94.7,0
2026-12-15 06:00:00,Laboratory,28.91,44.42,178,173.4,1166.48,36.16,65.77,49,96.94,0
2026-12-15 07:00:00,Admin Block,27.69,66.77,214,84.64,1223.59,48.34,97.88,176,50.02,0
2026-12-15 08:00:00,Admin Block,33.18,69.14,70,251.44732589495135,1804.689738577222,111.03264578109467,57.29,168,93.66,1
2026-12-15 09:00:00,Engineering Block,29.62,69.56,397,93.0,838.12,95.18,50.06,174,93.07,0
2026-12-15 10:00:00,Hostel A,24.65,44.34,243,98.93,780.12,85.63,99.3,202,60.71,0
2026-12-15 11:00:00,Library,25.28,63.15,221,137.4,726.44,97.17,24.85,195,67.96,0
2026-12-15 12:00:00,Hostel B,30.73,53.31,111,61.06,1041.66,88.17,27.8,19,33.44,0
2026-12-15 13:00:00,Auditorium,32.17,45.94,174,80.79,807.0,114.59,44.26,124,31.46,0
2026-12-15 14:00:00,Hostel A,30.21,55.86,195,162.35,903.67,60.83,77.28,211,40.79,0
2026-12-15 15:00:00,Auditorium,35.59,50.95,129,73.6,952.22,91.49,37.23,95,66.62,0
2026-12-15 16:00:00,Computer Science Block,34.54,69.21,318,170.47,100.0,86.39,52.29,151,63.01,0
2026-12-15 17:00:00,Admin Block,29.76,65.13,242,119.57,691.76,81.01,94.54,6,30.88,0
2026-12-15 18:00:00,Computer Science Block,24.65,48.48,198,117.51,871.21,65.82,88.55,140,37.8,0
2026-12-15 19:00:00,Library,22.76,52.76,245,96.13,1033.73,61.43,95.23,170,59.36,0
2026-12-15 20:00:00,Computer Science Block,26.45,56.19,472,108.6,1237.0,69.66,25.01,15,86.49,0
2026-12-15 21:00:00,Hostel A,31.01,59.28,94,127.97,853.91,46.0,53.39,154,67.88,0
2026-12-15 22:00:00,Computer Science Block,35.31,70.06,90,112.28,479.61,48.98,74.18,44,78.15,0
2026-12-15 23:00:00,Library,29.67,66.91,347,89.11,987.33,78.95,75.96,57,61.85,0
2026-12-16 00:00:00,Library,32.67,60.51,228,141.63,821.98,79.0,59.51,63,56.56,0
2026-12-16 01:00:00,Library,27.02,57.39,453,163.4,1349.93,77.02,83.87,153,93.61,0
2026-12-16 02:00:00,Hostel A,30.49,42.27,464,63.79,1156.8,43.03,13.84,107,88.05,0
2026-12-16 03:00:00,Library,31.29,72.92,122,196.69,529.03,42.77,27.72,23,43.96,0
2026-12-16 04:00:00,Admin Block,20.08,55.53,60,130.16,686.25,64.71,39.52,146,87.0,0
2026-12-16 05:00:00,Laboratory,26.35,75.55,454,136.95,1219.71,129.22,75.6,132,47.63,0
2026-12-16 06:00:00,Library,31.8,61.96,353,357.1443670538723,1452.5151994022053,83.02719424467973,91.16,248,32.74,1
2026-12-16 07:00:00,Computer Science Block,29.1,80.25,299,46.0,993.96,97.08,57.6,246,85.11,0
2026-12-16 08:00:00,Hostel B,23.21,66.06,49,64.47,785.22,67.96,73.74,140,40.75,0
2026-12-16 09:00:00,Computer Science Block,18.28,45.68,262,49.08,1300.11,49.51,63.5,10,49.79,0
2026-12-16 10:00:00,Hostel B,26.54,53.86,71,76.78,886.33,79.22,93.2,50,83.67,0
2026-12-16 11:00:00,Computer Science Block,27.71,58.31,453,140.44,1051.45,60.81,91.01,164,63.96,0
2026-12-16 12:00:00,Hostel A,24.46,51.26,76,77.04,489.15,83.66,82.71,91,78.46,0
2026-12-16 13:00:00,Computer Science Block,28.57,56.23,209,87.55,545.83,82.61,35.16,73,32.05,0
2026-12-16 14:00:00,Hostel A,30.03,46.33,98,93.66,1368.29,31.06,43.58,171,53.5,0
2026-12-16 15:00:00,Hostel A,30.68,60.06,392,114.66,561.96,92.73,47.48,56,54.85,0
2026-12-16 16:00:00,Library,18.58,62.37,456,112.93,1004.16,55.75,10.39,62,47.13,0
2026-12-16 17:00:00,Admin Block,22.74,49.96,215,91.37,1082.38,84.72,30.8,131,56.27,0
2026-12-16 18:00:00,Hostel B,26.78,79.4,480,83.03,921.96,81.94,74.24,72,55.54,0
2026-12-16 19:00:00,Library,30.29,60.64,216,109.03,1094.87,111.47,59.0,65,96.09,0
2026-12-16 20:00:00,Library,29.96,51.83,50,120.02,391.82,78.76,96.2,207,89.44,0
2026-12-16 21:00:00,Laboratory,29.89,43.7,351,168.87,1154.23,86.03,12.62,198,87.49,0
2026-12-16 22:00:00,Hostel A,26.47,60.6,49,84.91,258.86,47.47,44.05,210,30.23,0
2026-12-16 23:00:00,Hostel A,26.69,57.4,132,115.05,1065.46,111.2,73.65,66,55.59,0
2026-12-17 00:00:00,Hostel B,25.09,67.83,157,48.33,1524.77,90.95,22.03,204,40.92,0
2026-12-17 01:00:00,Computer Science Block,31.07,58.57,241,158.14,1166.21,64.85,54.97,139,51.44,0
2026-12-17 02:00:00,Computer Science Block,24.32,48.06,493,213.78988484700548,1735.6290799926314,160.25131581353,11.43,56,41.81,1
2026-12-17 03:00:00,Auditorium,31.4,76.71,191,147.22,794.07,96.93,26.21,55,35.13,0
2026-12-17 04:00:00,Library,28.83,64.36,409,281.45779230705375,1230.5918511890566,108.12173859865347,94.44,213,68.73,1
2026-12-17 05:00:00,Auditorium,27.82,57.46,174,135.47,580.82,32.86,63.94,113,83.18,0
2026-12-17 06:00:00,Engineering Block,25.37,61.65,295,124.06,804.33,82.78,78.33,233,64.45,0
2026-12-17 07:00:00,Engineering Block,22.58,64.74,239,52.65,483.64,73.16,19.2,26,50.09,0
2026-12-17 08:00:00,Auditorium,25.41,45.71,295,113.75,633.44,125.21,31.11,231,37.08,0
2026-12-17 09:00:00,Computer Science Block,26.68,61.58,31,84.76,1075.3,90.06,27.27,207,90.24,0
2026-12-17 10:00:00,Engineering Block,18.52,55.5,104,80.84,1051.82,51.18,34.73,132,74.71,0
2026-12-17 11:00:00,Laboratory,27.21,65.07,241,52.29,952.98,102.85,33.25,222,40.63,0
2026-12-17 12:00:00,Computer Science Block,31.7,52.6,68,111.97,892.19,56.08,60.72,242,50.79,0
2026-12-17 13:00:00,Hostel A,30.27,53.95,199,88.99,413.02,77.64,73.51,112,84.84,0
2026-12-17 14:00:00,Library,26.02,76.63,29,92.05,753.69,77.97,59.36,45,83.23,0
2026-12-17 15:00:00,Admin Block,28.19,72.31,280,83.82,831.54,58.85,36.91,146,76.47,0
2026-12-17 16:00:00,Library,25.78,27.04,339,165.82,453.38,32.95,72.53,142,36.52,0
2026-12-17 17:00:00,Auditorium,28.6,71.57,205,81.66,500.77,94.49,59.67,222,75.14,0
2026-12-17 18:00:00,Computer Science Block,34.16,59.26,248,105.11,1091.13,84.5,67.47,221,72.72,0
2026-12-17 19:00:00,Auditorium,31.87,52.92,411,112.71,930.22,67.79,29.04,26,72.69,0
2026-12-17 20:00:00,Laboratory,30.08,49.93,177,111.29,562.03,50.6,96.37,105,87.59,0
2026-12-17 21:00:00,Computer Science Block,26.03,50.51,292,180.5,1192.24,109.09,39.5,211,38.3,0
2026-12-17 22:00:00,Library,31.0,53.2,342,93.03205765573863,1836.2068706986765,101.0273162795683,43.27,118,31.84,1
2026-12-17 23:00:00,Laboratory,21.25,48.73,40,127.87,817.46,57.84,58.65,52,46.18,0
2026-12-18 00:00:00,Laboratory,26.99,46.45,35,150.54,533.84,62.27,14.47,74,37.7,0
2026-12-18 01:00:00,Laboratory,30.33,49.6,499,128.83,1248.94,84.91,27.21,121,83.44,0
2026-12-18 02:00:00,Hostel B,30.96,63.23,302,195.04,1270.1,74.23,83.14,128,35.49,0
2026-12-18 03:00:00,Computer Science Block,30.68,60.5,134,166.09,1141.54,135.16,81.45,151,55.43,0
2026-12-18 04:00:00,Engineering Block,29.18,65.56,25,95.23,1129.18,108.39,22.76,224,92.89,0
2026-12-18 05:00:00,Engineering Block,27.22,59.34,317,112.5,836.46,38.79,63.07,95,92.82,0
2026-12-18 06:00:00,Computer Science Block,30.15,46.93,419,146.68,876.57,83.12,15.96,174,55.07,0
2026-12-18 07:00:00,Computer Science Block,24.19,64.94,448,115.51,1190.38,106.5,16.72,167,72.34,0
2026-12-18 08:00:00,Hostel B,24.62,49.95,278,116.17,912.42,84.97,81.96,180,43.78,0
2026-12-18 09:00:00,Engineering Block,28.25,66.47,59,190.56,642.11,50.4,52.35,213,35.42,0
2026-12-18 10:00:00,Computer Science Block,28.69,48.34,295,154.98,617.64,97.3,93.39,157,83.52,0
2026-12-18 11:00:00,Computer Science Block,20.7,53.13,251,192.23,1123.97,78.18,53.03,8,30.51,0
2026-12-18 12:00:00,Auditorium,29.82,56.39,26,116.65,1377.85,68.69,82.63,141,88.02,0
2026-12-18 13:00:00,Hostel B,31.09,66.74,334,125.0,984.51,82.27,67.49,40,53.57,0
2026-12-18 14:00:00,Hostel B,27.69,61.76,414,131.68,1405.41,82.22,48.75,153,39.26,0
2026-12-18 15:00:00,Library,37.5,60.2,112,144.09,357.8,53.98,59.94,233,65.4,0
2026-12-18 16:00:00,Hostel B,25.27,78.86,327,108.86,539.78,40.41,94.08,104,98.08,0
2026-12-18 17:00:00,Admin Block,26.56,41.63,406,87.64,722.31,134.68,16.83,72,81.5,0
2026-12-18 18:00:00,Engineering Block,26.42,49.62,40,91.48,352.55,62.99,57.65,244,83.21,0
2026-12-18 19:00:00,Library,27.7,49.19,456,115.64,795.54,74.42,14.67,176,58.49,0
2026-12-18 20:00:00,Admin Block,26.69,42.29,499,62.6,1144.87,88.01,59.99,59,61.5,0
2026-12-18 21:00:00,Computer Science Block,22.37,52.8,433,132.93,341.21,91.56,64.62,138,89.05,0
2026-12-18 22:00:00,Auditorium,25.81,66.88,30,40.18,1080.72,71.71,82.67,194,35.89,0
2026-12-18 23:00:00,Auditorium,27.61,54.08,484,65.42,542.94,81.25,81.84,131,33.84,0
2026-12-19 00:00:00,Computer Science Block,32.91,56.67,428,162.24,645.98,92.67,10.91,183,78.25,0
2026-12-19 01:00:00,Library,36.81,42.77,69,122.64,816.51,65.87,16.41,106,49.08,0
2026-12-19 02:00:00,Hostel B,33.34,52.03,492,134.65,835.28,57.58,71.61,82,99.95,0
2026-12-19 03:00:00,Laboratory,24.9,55.38,284,131.02,1101.9,64.22,26.46,77,99.61,0
2026-12-19 04:00:00,Auditorium,25.22,66.42,64,187.64,801.21,131.35,57.53,103,74.99,0
2026-12-19 05:00:00,Laboratory,27.36,43.25,304,162.25,1022.89,93.95,30.85,127,62.4,0
2026-12-19 06:00:00,Computer Science Block,35.14,55.45,337,179.07,1115.23,59.29,85.11,123,30.55,0
2026-12-19 07:00:00,Laboratory,27.34,70.87,290,101.1,880.28,85.7,71.28,79,72.13,0
2026-12-19 08:00:00,Hostel A,22.69,55.55,294,115.75,1395.16,79.23,49.2,217,36.26,0
2026-12-19 09:00:00,Library,26.0,38.84,418,69.52,695.27,100.04,30.22,132,93.28,0
2026-12-19 10:00:00,Admin Block,31.03,72.79,442,153.0,647.45,128.31,69.34,43,38.03,0
2026-12-19 11:00:00,Library,30.76,67.35,54,145.44,654.36,67.86,41.62,65,36.95,0
2026-12-19 12:00:00,Engineering Block,27.2,68.69,160,94.97,1407.39,67.75,63.02,15,80.4,0
2026-12-19 13:00:00,Hostel B,30.73,42.56,163,100.19,1060.02,80.5,70.13,214,40.7,0
2026-12-19 14:00:00,Hostel B,18.91,75.12,342,135.45,1148.52,69.09,22.39,119,71.03,0
2026-12-19 15:00:00,Library,28.42,52.27,264,112.22,1023.1,61.79,14.43,22,85.7,0
2026-12-19 16:00:00,Computer Science Block,31.44,54.91,370,95.62,826.77,108.33,54.4,62,30.16,0
2026-12-19 17:00:00,Computer Science Block,24.67,52.97,330,106.23,887.77,52.83,24.25,155,40.67,0
2026-12-19 18:00:00,Hostel A,24.65,69.47,212,105.8,602.19,70.26,18.07,221,42.47,0
2026-12-19 19:00:00,Hostel A,20.53,58.2,54,133.94,1370.53,123.45,18.01,160,68.78,0
2026-12-19 20:00:00,Hostel B,34.36,64.82,291,112.06,825.5,51.46,73.19,243,85.89,0
2026-12-19 21:00:00,Hostel A,25.12,60.76,404,20.0,633.31,69.31,91.47,87,90.22,0
2026-12-19 22:00:00,Auditorium,28.96,59.05,197,116.82,484.64,82.39,93.87,191,34.4,0
2026-12-19 23:00:00,Auditorium,30.42,50.53,289,95.43,1281.54,67.14,94.23,31,65.59,0
2026-12-20 00:00:00,Admin Block,34.05,78.12,337,143.4,1112.35,71.78,70.39,192,90.88,0
2026-12-20 01:00:00,Hostel A,27.38,45.37,410,125.65,975.77,26.33,93.33,212,34.98,0
2026-12-20 02:00:00,Admin Block,25.84,64.12,170,95.59,382.37,87.23,21.87,203,31.82,0
2026-12-20 03:00:00,Hostel A,28.69,63.77,118,96.97,949.34,97.28,64.14,110,33.29,0
2026-12-20 04:00:00,Hostel B,33.14,71.54,466,126.01,784.8,64.74,78.4,187,95.2,0
2026-12-20 05:00:00,Hostel B,27.32,73.88,48,118.63,723.54,93.29,94.88,183,57.94,0
2026-12-20 06:00:00,Admin Block,24.18,58.63,169,108.36,1199.73,72.05,39.55,79,34.22,0
2026-12-20 07:00:00,Library,21.84,65.3,227,115.82,514.94,117.96,62.63,128,99.72,0
2026-12-20 08:00:00,Hostel B,23.11,77.65,368,134.41,487.65,22.55,46.32,201,96.8,0
2026-12-20 09:00:00,Library,31.46,59.35,281,62.06,434.2,74.17,58.44,32,59.25,0
2026-12-20 10:00:00,Computer Science Block,26.72,49.34,229,169.56,622.3,116.64,55.32,202,37.22,0
2026-12-20 11:00:00,Auditorium,25.57,56.16,432,104.19,502.08,94.65,86.47,192,82.04,0
2026-12-20 12:00:00,Admin Block,25.14,46.95,108,362.89432860695103,1976.0453885218794,88.96197508828443,84.17,25,34.2,1
2026-12-20 13:00:00,Laboratory,28.34,63.72,256,192.58,623.0,57.87,45.54,172,73.94,0
2026-12-20 14:00:00,Hostel B,27.04,70.64,267,139.65,899.96,56.81,35.29,237,83.31,0
2026-12-20 15:00:00,Engineering Block,26.91,58.79,277,52.91,689.47,105.32,86.58,64,44.88,0
2026-12-20 16:00:00,Computer Science Block,33.4,43.79,211,79.26,1096.71,125.9,95.92,100,96.04,0
2026-12-20 17:00:00,Library,34.15,70.22,115,134.68,1029.9,65.98,11.68,80,99.71,0
2026-12-20 18:00:00,Hostel B,21.56,42.24,55,96.54,862.8,107.43,55.09,170,55.12,0
2026-12-20 19:00:00,Admin Block,29.31,44.54,115,171.69,1250.78,95.44,79.44,15,97.46,0
2026-12-20 20:00:00,Laboratory,24.89,58.22,423,94.04,709.07,82.68,98.74,230,46.22,0
2026-12-20 21:00:00,Hostel A,27.01,62.52,458,139.51,761.76,63.57,57.75,102,86.14,0
2026-12-20 22:00:00,Laboratory,29.24,64.22,56,116.16,889.25,73.24,74.71,24,81.86,0
2026-12-20 23:00:00,Engineering Block,27.15,59.34,253,121.27,1008.59,100.9,94.0,190,32.89,0
2026-12-21 00:00:00,Library,28.92,77.6,121,142.32,371.89,63.18,43.77,167,48.15,0
2026-12-21 01:00:00,Computer Science Block,30.69,60.65,199,20.0,1137.6,100.86,89.63,171,56.93,0
2026-12-21 02:00:00,Laboratory,29.18,70.35,344,118.83,696.89,64.3,33.95,160,31.02,0
2026-12-21 03:00:00,Admin Block,25.41,67.87,89,151.57,1013.34,68.19,75.29,112,96.33,0
2026-12-21 04:00:00,Engineering Block,25.48,47.07,425,78.86,656.84,81.6,96.03,40,44.88,0
2026-12-21 05:00:00,Admin Block,22.24,58.3,488,142.87,1185.18,45.06,68.35,23,94.76,0
2026-12-21 06:00:00,Hostel B,24.58,81.23,486,111.97,1107.74,72.06,43.86,182,60.79,0
2026-12-21 07:00:00,Hostel A,35.85,54.96,126,97.1,1109.44,102.5,17.01,136,38.92,0
2026-12-21 08:00:00,Computer Science Block,24.83,53.25,290,111.33,960.66,58.8,28.06,211,59.98,0
2026-12-21 09:00:00,Admin Block,23.23,61.71,373,168.71,802.94,100.55,75.63,41,72.92,0
2026-12-21 10:00:00,Library,29.28,55.31,66,227.97589529804696,598.7567119147999,103.09933575528936,99.07,104,63.23,1
2026-12-21 11:00:00,Hostel B,27.56,52.06,474,76.09,863.45,119.21,86.48,222,52.25,0
2026-12-21 12:00:00,Hostel B,27.22,55.17,484,130.25,1138.79,172.02,81.23,77,87.01,0
2026-12-21 13:00:00,Computer Science Block,33.64,74.32,127,121.64,1050.06,42.09,11.69,244,96.92,0
2026-12-21 14:00:00,Hostel B,30.2,58.63,383,159.58,664.84,54.57,76.03,181,36.67,0
2026-12-21 15:00:00,Library,25.88,46.72,88,117.5,1618.41,100.31,84.48,68,68.45,0
2026-12-21 16:00:00,Admin Block,26.3,44.88,327,157.12,1114.69,81.37,39.25,237,52.28,0
2026-12-21 17:00:00,Computer Science Block,25.99,82.07,442,122.41,662.46,59.77,99.97,82,82.27,0
2026-12-21 18:00:00,Auditorium,31.5,57.77,21,133.9,703.97,60.86,13.23,115,74.44,0
2026-12-21 19:00:00,Hostel B,26.77,64.35,238,94.24,590.79,70.88,45.2,220,31.94,0
2026-12-21 20:00:00,Hostel B,20.83,52.29,64,139.9,816.31,71.03,29.14,241,74.46,0
2026-12-21 21:00:00,Library,27.81,63.21,427,190.74,1244.45,68.76,97.53,61,80.7,0
2026-12-21 22:00:00,Hostel A,21.85,74.59,252,180.26,962.63,61.36,70.49,63,83.94,0
2026-12-21 23:00:00,Hostel A,36.74,53.48,208,81.12,1264.32,32.14,47.51,135,92.37,0
2026-12-22 00:00:00,Laboratory,24.14,64.59,386,60.24,1245.67,79.51,97.53,205,96.17,0
2026-12-22 01:00:00,Hostel B,27.35,45.94,367,133.17,1193.35,95.02,15.54,230,48.68,0
2026-12-22 02:00:00,Auditorium,29.03,80.23,141,111.48,1272.61,82.38,29.75,55,76.3,0
2026-12-22 03:00:00,Admin Block,26.85,62.69,84,90.27,848.78,101.31,48.03,188,68.98,0
2026-12-22 04:00:00,Computer Science Block,26.84,55.87,456,194.01,893.34,86.33,21.19,27,87.49,0
2026-12-22 05:00:00,Hostel B,29.69,57.02,391,228.08,505.4,73.69,99.72,182,32.67,0
2026-12-22 06:00:00,Engineering Block,34.1,54.9,168,93.16819643637417,1633.3062971411973,137.76025429224035,61.61,62,58.68,1
2026-12-22 07:00:00,Computer Science Block,31.07,55.41,268,92.6,909.89,72.18,24.59,29,53.98,0
2026-12-22 08:00:00,Laboratory,33.91,35.53,402,74.77,1349.72,61.1,32.36,86,75.7,0
2026-12-22 09:00:00,Hostel A,23.81,59.02,495,91.12,760.97,31.6,45.66,34,59.26,0
2026-12-22 10:00:00,Auditorium,29.27,58.6,86,159.3,592.72,91.89,75.37,213,57.56,0
2026-12-22 11:00:00,Hostel B,28.62,64.89,369,128.97,487.21,67.92,37.37,77,56.28,0
2026-12-22 12:00:00,Library,29.4,54.77,404,149.13,1196.2,38.61,36.81,136,87.8,0
2026-12-22 13:00:00,Engineering Block,33.5,52.29,78,166.17,895.1,87.79,66.33,143,63.84,0
2026-12-22 14:00:00,Hostel B,27.12,59.92,134,324.0083712588862,1247.8947522582578,31.41659731036345,14.12,225,57.97,1
2026-12-22 15:00:00,Auditorium,26.38,43.88,135,86.96,908.9,78.52,74.08,227,90.61,0
2026-12-22 16:00:00,Laboratory,30.14,61.43,256,138.1,533.18,98.82,59.29,42,30.13,0
2026-12-22 17:00:00,Admin Block,20.89,41.38,66,116.29,522.37,99.71,49.06,127,52.31,0
2026-12-22 18:00:00,Engineering Block,27.05,71.21,128,114.14,1282.47,36.17,45.37,25,77.17,0
2026-12-22 19:00:00,Laboratory,27.46,66.84,293,91.02,898.55,72.79,29.9,51,37.32,0
2026-12-22 20:00:00,Hostel B,24.32,50.74,132,153.63,953.43,79.58,31.63,136,70.57,0
2026-12-22 21:00:00,Admin Block,32.23,66.61,52,137.59,852.11,72.45,54.99,168,61.44,0
2026-12-22 22:00:00,Engineering Block,23.75,61.12,418,149.49,692.08,122.36,27.84,119,76.83,0
2026-12-22 23:00:00,Admin Block,27.46,49.91,299,131.6241975471764,1510.4446470861121,182.38567968831433,61.09,72,67.15,1
2026-12-23 00:00:00,Admin Block,29.17,39.77,311,156.9,591.61,77.57,68.47,232,43.63,0
2026-12-23 01:00:00,Engineering Block,33.41,63.16,335,132.23,1134.97,107.4,51.21,59,39.29,0
2026-12-23 02:00:00,Engineering Block,27.96,52.06,181,153.33,969.17,63.69,19.63,221,51.45,0
2026-12-23 03:00:00,Admin Block,31.74,70.95,109,92.54,716.18,89.65,94.38,51,95.99,0
2026-12-23 04:00:00,Laboratory,30.8,60.14,70,125.61,1034.55,72.01,84.99,96,44.7,0
2026-12-23 05:00:00,Auditorium,28.49,53.0,443,160.4,647.01,118.47,95.82,40,62.29,0
2026-12-23 06:00:00,Hostel A,23.64,77.98,425,140.65,1105.49,101.84,43.14,154,96.51,0
2026-12-23 07:00:00,Engineering Block,22.26,65.76,163,116.03,640.37,92.67,12.9,243,44.14,0
2026-12-23 08:00:00,Hostel B,28.43,23.45,123,139.1,888.61,100.23,49.27,178,47.12,0
2026-12-23 09:00:00,Computer Science Block,25.83,55.14,189,86.6,680.42,50.13,51.86,19,63.47,0
2026-12-23 10:00:00,Library,31.68,46.16,35,357.7644861841847,2395.604930667642,97.54818510469492,73.59,25,37.35,1
2026-12-23 11:00:00,Admin Block,30.98,52.0,152,151.92,1211.47,70.02,76.12,79,35.61,0
2026-12-23 12:00:00,Admin Block,27.26,58.55,409,135.82,1032.7,107.14,48.23,25,51.18,0
2026-12-23 13:00:00,Library,23.37,63.54,189,117.29,831.58,76.52,97.95,45,40.01,0
2026-12-23 14:00:00,Hostel A,30.04,62.61,491,132.33,731.12,74.89,20.1,16,59.87,0
2026-12-23 15:00:00,Library,23.93,70.78,49,118.57,903.64,64.07,91.22,182,37.59,0
2026-12-23 16:00:00,Engineering Block,24.97,66.37,179,114.03,674.78,74.93,79.29,186,71.12,0
2026-12-23 17:00:00,Library,24.08,65.75,456,146.88,1072.44,44.05,57.99,189,64.48,0
2026-12-23 18:00:00,Admin Block,27.45,62.01,166,175.37,801.0,104.76,78.63,18,71.48,0
2026-12-23 19:00:00,Library,32.68,72.87,326,126.62,874.79,89.42,77.88,135,93.06,0
2026-12-23 20:00:00,Computer Science Block,27.98,56.84,256,101.33,912.13,81.38,25.01,152,54.16,0
2026-12-23 21:00:00,Hostel B,26.23,57.1,431,86.72,1237.42,70.34,57.92,42,48.79,0
2026-12-23 22:00:00,Engineering Block,21.9,40.94,194,97.08,838.24,60.43,52.38,123,70.2,0
2026-12-23 23:00:00,Library,30.21,70.56,91,357.3387740297278,2840.439479970091,173.39851330875726,54.47,130,47.29,1
2026-12-24 00:00:00,Admin Block,24.88,59.23,403,177.0,1066.85,52.22,25.15,103,34.66,0
2026-12-24 01:00:00,Laboratory,28.47,89.34,382,153.57,1065.36,60.9,44.65,156,34.11,0
2026-12-24 02:00:00,Hostel B,26.58,55.94,146,164.69,696.57,84.63,56.69,29,34.64,0
2026-12-24 03:00:00,Engineering Block,31.35,60.89,404,213.85990972333846,1011.4708516034163,120.75911412506022,71.58,198,46.62,1
2026-12-24 04:00:00,Admin Block,27.37,65.47,215,156.6,872.96,20.0,48.08,143,81.09,0
2026-12-24 05:00:00,Hostel A,27.76,48.98,204,159.59,584.5,90.58,68.22,123,40.78,0
2026-12-24 06:00:00,Computer Science Block,29.94,63.59,169,116.95,401.96,73.46,65.58,208,48.04,0
2026-12-24 07:00:00,Auditorium,36.43,60.35,233,78.55,733.37,45.57,83.17,84,90.19,0
2026-12-24 08:00:00,Hostel A,31.55,56.96,113,69.38,444.8,73.24,47.34,219,60.58,0
2026-12-24 09:00:00,Auditorium,27.65,71.73,77,134.28,1094.07,98.74,88.54,65,32.89,0
2026-12-24 10:00:00,Computer Science Block,28.01,50.96,238,103.03,567.54,99.6,12.37,113,47.32,0
2026-12-24 11:00:00,Library,25.9,62.75,238,131.58,438.74,80.4,91.07,84,51.07,0
2026-12-24 12:00:00,Engineering Block,24.2,74.55,32,110.39,713.19,76.1,95.62,55,42.96,0
2026-12-24 13:00:00,Library,25.79,52.93,442,81.17,997.24,81.63,47.12,102,97.69,0
2026-12-24 14:00:00,Computer Science Block,24.91,57.03,302,181.94,741.59,84.56,95.44,226,58.46,0
2026-12-24 15:00:00,Computer Science Block,30.61,83.45,442,83.06,1054.9,94.82,87.8,205,57.69,0
2026-12-24 16:00:00,Computer Science Block,23.72,64.74,396,96.77,1008.57,96.07,15.13,155,98.44,0
2026-12-24 17:00:00,Auditorium,33.33,54.94,475,119.75,929.0,109.34,68.63,8,68.43,0
2026-12-24 18:00:00,Hostel B,31.01,68.03,159,125.0,694.17,126.79,92.59,47,35.78,0
2026-12-24 19:00:00,Admin Block,28.08,54.32,427,65.05,958.33,146.97,28.55,160,61.04,0
2026-12-24 20:00:00,Engineering Block,28.0,44.35,293,148.73,247.44,78.77,92.86,110,75.8,0
2026-12-24 21:00:00,Library,25.77,73.72,138,143.28,822.23,68.43,28.62,185,69.92,0
2026-12-24 22:00:00,Library,29.08,48.97,290,196.69,1142.71,86.03,66.81,11,89.16,0
2026-12-24 23:00:00,Hostel A,32.35,84.52,463,130.17,693.28,83.05,44.25,93,97.4,0
2026-12-25 00:00:00,Auditorium,25.19,55.11,419,116.6,932.06,79.84,59.33,105,34.11,0
2026-12-25 01:00:00,Computer Science Block,21.87,81.33,116,87.68,394.71,71.73,35.33,195,47.87,0
2026-12-25 02:00:00,Laboratory,30.81,46.31,349,75.45,1034.74,105.9,46.67,244,92.98,0
2026-12-25 03:00:00,Computer Science Block,29.3,70.25,66,113.54,773.29,110.96,55.31,75,91.05,0
2026-12-25 04:00:00,Computer Science Block,23.52,65.0,171,111.05467118486975,1390.9282279457343,147.2019389260886,55.17,53,31.13,1
2026-12-25 05:00:00,Laboratory,25.07,68.38,192,148.78,765.1,91.65,99.47,25,70.43,0
2026-12-25 06:00:00,Library,24.56,69.68,294,105.02,922.79,72.89,86.93,111,52.37,0
2026-12-25 07:00:00,Hostel A,25.1,55.02,366,163.01,740.23,98.14,23.25,172,67.14,0
2026-12-25 08:00:00,Admin Block,26.71,46.91,256,130.2,880.21,89.59,96.45,102,45.4,0
2026-12-25 09:00:00,Laboratory,26.93,59.49,444,131.57,541.11,99.86,61.13,108,79.4,0
2026-12-25 10:00:00,Auditorium,25.4,62.23,50,85.75,744.3,84.59,64.88,52,53.2,0
2026-12-25 11:00:00,Hostel B,24.97,55.28,232,142.65,923.34,74.99,34.85,233,74.95,0
2026-12-25 12:00:00,Engineering Block,27.08,62.78,291,135.25,806.6,84.84,37.27,12,35.27,0
2026-12-25 13:00:00,Auditorium,28.67,63.3,426,52.39,936.51,115.89,22.41,134,97.4,0
2026-12-25 14:00:00,Laboratory,26.73,50.9,97,164.77,1003.66,57.26,84.66,188,47.73,0
2026-12-25 15:00:00,Admin Block,32.63,63.95,298,150.62,1003.0,88.16,53.5,25,58.54,0
2026-12-25 16:00:00,Library,30.03,57.33,60,92.25,1018.92,66.06,18.78,152,56.66,0
2026-12-25 17:00:00,Hostel B,21.64,53.0,165,152.79,343.51,78.73,49.99,81,71.72,0
2026-12-25 18:00:00,Hostel B,30.09,67.87,439,105.34,557.15,45.43,40.65,208,37.43,0
2026-12-25 19:00:00,Hostel B,30.42,52.23,31,97.36,1303.73,135.33,72.1,71,53.37,0
2026-12-25 20:00:00,Computer Science Block,26.26,55.43,267,132.3,1093.21,75.77,26.79,135,91.65,0
2026-12-25 21:00:00,Engineering Block,22.02,60.72,248,154.55,751.84,60.1,94.18,188,57.84,0
2026-12-25 22:00:00,Library,28.03,73.74,350,343.74744254789897,1993.1101597431132,234.51806597035736,80.3,63,46.63,1
2026-12-25 23:00:00,Library,27.97,61.93,472,181.49,700.91,69.33,45.24,70,93.22,0
2026-12-26 00:00:00,Hostel B,23.51,65.28,198,64.33,1012.08,83.53,26.93,114,70.88,0
2026-12-26 01:00:00,Library,22.2,57.02,360,58.72,610.04,66.17,79.08,146,59.14,0
2026-12-26 02:00:00,Engineering Block,27.65,59.22,179,104.96,946.66,35.45,20.67,199,95.67,0
2026-12-26 03:00:00,Engineering Block,27.07,59.51,240,88.41,801.97,82.55,17.86,193,78.87,0
2026-12-26 04:00:00,Hostel A,26.33,62.93,346,206.44,1036.16,90.31,71.19,160,76.87,0
2026-12-26 05:00:00,Laboratory,27.67,57.04,183,129.81,1435.29,120.03,28.03,76,52.93,0
2026-12-26 06:00:00,Laboratory,23.59,73.4,187,112.64,869.96,95.73,67.88,34,69.18,0
2026-12-26 07:00:00,Hostel A,26.26,56.27,401,193.75804350104912,791.0691967152309,144.15096897844245,41.98,143,62.87,1
2026-12-26 08:00:00,Admin Block,30.13,42.93,238,126.96,900.79,66.78,18.63,83,57.94,0
2026-12-26 09:00:00,Laboratory,26.6,87.43,89,45.87,826.83,94.16,66.2,149,30.46,0
2026-12-26 10:00:00,Engineering Block,21.31,56.73,441,151.57,254.87,119.68,68.18,115,50.58,0
2026-12-26 11:00:00,Engineering Block,26.11,73.13,457,169.03,658.01,52.71,58.61,206,98.56,0
2026-12-26 12:00:00,Laboratory,23.72,74.05,279,60.0,1033.72,26.15,41.4,171,84.62,0
2026-12-26 13:00:00,Engineering Block,29.07,69.45,449,140.39,1108.53,118.92,92.25,34,73.04,0
2026-12-26 14:00:00,Hostel A,29.28,58.02,82,135.66,1112.84,53.55,71.22,130,59.18,0
2026-12-26 15:00:00,Hostel B,21.36,62.87,477,138.61,1257.71,38.84,59.89,116,35.38,0
2026-12-26 16:00:00,Hostel B,31.04,47.25,265,138.23,777.83,78.59,53.29,20,72.66,0
2026-12-26 17:00:00,Library,23.55,79.9,69,82.82,605.94,61.06,85.87,22,49.07,0
2026-12-26 18:00:00,Auditorium,34.24,51.48,305,115.17,460.84,36.99,96.51,226,70.33,0
2026-12-26 19:00:00,Auditorium,27.8,57.46,253,150.47,849.04,84.49,60.15,133,96.29,0
2026-12-26 20:00:00,Hostel B,23.01,60.99,476,60.89,700.45,81.05,14.45,51,85.02,0
2026-12-26 21:00:00,Computer Science Block,23.43,58.93,35,123.94,634.24,93.78,54.21,171,97.24,0
2026-12-26 22:00:00,Hostel A,29.39,53.43,455,139.98,437.3,102.84,68.1,236,88.64,0
2026-12-26 23:00:00,Engineering Block,26.43,73.94,23,107.41,753.89,84.74,83.58,49,36.13,0
2026-12-27 00:00:00,Laboratory,27.61,69.5,301,136.58,643.67,100.5,37.95,5,36.78,0
2026-12-27 01:00:00,Hostel B,34.45,63.22,176,270.7590744712737,1115.109512147744,76.16940786379207,70.88,40,77.4,1
2026-12-27 02:00:00,Hostel A,25.2,56.0,239,239.80239843397877,1854.822497744344,53.62966884653664,14.16,167,75.95,1
2026-12-27 03:00:00,Hostel B,28.24,70.64,414,105.03,843.71,59.18,41.63,249,56.59,0
2026-12-27 04:00:00,Admin Block,33.68,55.36,367,164.62,809.73,73.68,36.91,195,33.75,0
2026-12-27 05:00:00,Engineering Block,29.08,75.7,383,277.877052920416,2036.0675791475758,133.30048719428896,17.7,221,79.96,1
2026-12-27 06:00:00,Admin Block,21.57,61.11,499,90.05,728.15,88.23,73.18,112,37.35,0
2026-12-27 07:00:00,Engineering Block,30.02,72.3,427,75.71,970.87,110.87,43.16,181,74.48,0
2026-12-27 08:00:00,Hostel A,23.35,58.86,70,67.08,1020.36,90.03,29.61,151,33.37,0
2026-12-27 09:00:00,Library,33.63,60.72,61,69.22,606.08,83.27,23.24,246,42.73,0
2026-12-27 10:00:00,Hostel B,24.71,72.25,442,104.03,786.84,61.52,91.33,229,68.96,0
2026-12-27 11:00:00,Hostel B,39.88,81.94,154,257.1188397598602,1038.7678663517038,176.27695402276035,22.49,64,71.81,1
2026-12-27 12:00:00,Computer Science Block,33.87,75.6,293,109.17,573.08,88.18,87.91,10,77.04,0
2026-12-27 13:00:00,Laboratory,24.81,68.77,278,90.77,665.68,61.17,56.77,170,37.75,0
2026-12-27 14:00:00,Admin Block,28.08,65.89,210,183.96349684088085,1563.1763834884198,95.33555309226617,12.8,29,61.12,1
2026-12-27 15:00:00,Hostel B,31.01,54.93,275,143.48,581.05,104.43,96.24,162,39.37,0
2026-12-27 16:00:00,Hostel A,31.13,62.95,255,307.6631694324125,1904.53524140117,156.96685000298967,59.78,31,95.54,1
2026-12-27 17:00:00,Library,29.77,50.87,295,179.45,778.65,109.26,38.59,192,88.4,0
2026-12-27 18:00:00,Laboratory,33.01,63.76,373,121.39,775.5,55.76,34.14,243,69.53,0
2026-12-27 19:00:00,Hostel A,27.51,64.4,497,166.19,1037.87,20.0,38.55,60,60.15,0
2026-12-27 20:00:00,Admin Block,26.53,40.39,92,125.16,1274.56,86.2,29.34,86,52.73,0
2026-12-27 21:00:00,Computer Science Block,26.61,60.39,93,308.3028880669399,650.3342800821913,73.4806816609836,32.1,15,85.0,1
2026-12-27 22:00:00,Hostel B,31.43,64.15,142,140.59,984.37,97.35,44.12,29,65.68,0
2026-12-27 23:00:00,Hostel A,29.46,59.16,89,121.54,1348.47,80.08,56.86,26,30.85,0
2026-12-28 00:00:00,Laboratory,29.17,63.58,420,124.97251895433713,2391.006082736285,183.32807815840184,75.31,161,69.92,1
2026-12-28 01:00:00,Engineering Block,31.18,46.58,98,114.79,998.84,81.29,37.28,93,89.99,0
2026-12-28 02:00:00,Library,19.8,52.24,267,91.62,397.16,46.74,22.17,91,72.46,0
2026-12-28 03:00:00,Laboratory,29.24,70.35,206,107.18,1159.72,93.82,11.85,188,34.94,0
2026-12-28 04:00:00,Hostel A,28.87,60.01,457,163.9,1264.66,82.31,43.49,206,71.33,0
2026-12-28 05:00:00,Library,34.68,63.4,160,134.87,1014.1,74.84,81.18,99,82.49,0
2026-12-28 06:00:00,Hostel B,21.89,54.53,317,155.15,1082.62,87.53,39.6,235,81.7,0
2026-12-28 07:00:00,Engineering Block,34.23,60.19,63,140.02,1111.83,86.07,29.54,178,67.91,0
2026-12-28 08:00:00,Computer Science Block,28.3,36.98,266,86.28,1020.72,63.66,92.05,220,82.71,0
2026-12-28 09:00:00,Laboratory,29.96,68.46,489,187.54,1051.38,125.67,69.61,29,38.25,0
2026-12-28 10:00:00,Computer Science Block,34.7,78.08,355,113.97,444.88,120.36,97.81,244,48.31,0
2026-12-28 11:00:00,Engineering Block,30.24,49.35,245,156.38,1473.25,78.85,60.48,10,45.89,0
2026-12-28 12:00:00,Library,29.6,50.6,86,177.06,1092.27,75.24,58.68,49,54.41,0
2026-12-28 13:00:00,Hostel B,28.97,64.41,475,72.39,1079.7,47.57,97.48,94,74.57,0
2026-12-28 14:00:00,Hostel A,26.07,74.74,295,116.78,940.71,95.6,64.96,27,65.98,0
2026-12-28 15:00:00,Engineering Block,27.89,59.98,272,327.9648802973323,748.4603785022177,73.47275687813061,56.33,86,62.69,1
2026-12-28 16:00:00,Admin Block,25.14,47.71,322,110.2,271.28,74.59,31.48,37,69.47,0
2026-12-28 17:00:00,Library,27.82,57.91,299,215.8,975.78,96.82,44.46,79,58.06,0
2026-12-28 18:00:00,Computer Science Block,18.66,49.7,198,129.35,839.64,149.98,60.59,190,97.53,0
2026-12-28 19:00:00,Laboratory,29.72,53.31,421,141.68,1039.4,80.35,60.79,8,30.93,0
2026-12-28 20:00:00,Engineering Block,27.51,56.96,298,184.24,774.47,104.62,50.99,110,51.59,0
2026-12-28 21:00:00,Computer Science Block,26.66,50.71,148,71.68,761.04,52.06,72.05,34,98.99,0
2026-12-28 22:00:00,Library,28.88,52.22,398,104.58,785.13,65.03,24.12,32,94.66,0
2026-12-28 23:00:00,Computer Science Block,22.27,60.75,134,86.44,736.51,66.15,88.07,135,88.33,0
2026-12-29 00:00:00,Engineering Block,35.72,62.15,341,304.7180339945853,928.1041065540667,119.0148185908816,76.36,51,40.85,1
2026-12-29 01:00:00,Library,27.59,45.76,408,177.28,538.35,43.76,84.17,24,86.47,0
2026-12-29 02:00:00,Admin Block,27.42,63.96,293,83.39,971.86,69.51,13.18,96,36.46,0
2026-12-29 03:00:00,Engineering Block,24.14,56.18,483,70.62,1004.31,40.78,80.4,105,35.46,0
2026-12-29 04:00:00,Hostel A,28.1,67.2,221,126.28,111.35,107.63,76.57,180,35.67,0
2026-12-29 05:00:00,Auditorium,33.55,67.8,136,167.58,798.38,69.72,11.83,78,70.77,0
2026-12-29 06:00:00,Hostel B,32.14,54.55,496,213.5868446487979,1684.917773319656,114.33195130224671,50.58,116,78.29,1
2026-12-29 07:00:00,Engineering Block,31.42,66.14,54,84.51,963.92,54.58,37.43,179,47.92,0
2026-12-29 08:00:00,Library,30.19,51.63,428,175.4,971.7,69.69,33.01,24,75.71,0
2026-12-29 09:00:00,Laboratory,26.57,73.24,125,113.23,1022.77,88.54,24.13,232,62.07,0
2026-12-29 10:00:00,Hostel B,22.2,52.01,268,142.23,764.34,59.18,32.8,188,98.15,0
2026-12-29 11:00:00,Engineering Block,27.2,63.53,171,168.34,673.15,84.43,78.59,17,54.09,0
2026-12-29 12:00:00,Admin Block,27.06,58.12,160,138.11,420.51,93.32,91.7,86,77.82,0
2026-12-29 13:00:00,Laboratory,32.2,49.83,424,121.21,822.29,77.37,41.6,245,38.95,0
2026-12-29 14:00:00,Admin Block,29.24,69.01,314,86.09,457.78,50.54,35.69,92,34.11,0
2026-12-29 15:00:00,Hostel A,34.45,53.86,181,101.39,673.53,94.38,36.39,34,73.82,0
2026-12-29 16:00:00,Laboratory,32.79,43.0,166,132.25,501.98,93.61,58.09,148,47.75,0
2026-12-29 17:00:00,Computer Science Block,26.17,31.18,431,163.52,1188.98,107.2,14.11,192,94.04,0
2026-12-29 18:00:00,Auditorium,20.82,51.25,275,103.23,529.57,87.83,61.72,143,31.1,0
2026-12-29 19:00:00,Laboratory,33.54,73.76,110,99.33,634.39,58.01,92.81,129,95.91,0
2026-12-29 20:00:00,Hostel B,33.44,72.58,389,136.95,987.85,81.67,54.32,107,31.43,0
2026-12-29 21:00:00,Laboratory,22.54,52.81,237,93.28,1134.83,82.49,45.86,32,75.33,0
2026-12-29 22:00:00,Library,34.04,56.26,158,135.41,667.23,42.75,13.57,198,89.08,0
2026-12-29 23:00:00,Auditorium,29.53,55.35,196,90.04,1230.52,31.52,59.29,247,60.1,0
2026-12-30 00:00:00,Library,28.64,46.67,310,129.1,778.47,95.12,22.28,83,76.21,0
2026-12-30 01:00:00,Computer Science Block,34.46,50.51,359,108.8,1140.38,73.94,51.54,37,50.56,0
2026-12-30 02:00:00,Laboratory,33.38,69.81,95,123.99,860.86,65.01,37.8,31,62.53,0
2026-12-30 03:00:00,Admin Block,30.61,65.04,76,148.21,520.46,100.09,33.48,154,42.12,0
2026-12-30 04:00:00,Admin Block,29.89,62.73,47,116.67,631.93,108.67,96.18,34,46.03,0
2026-12-30 05:00:00,Engineering Block,30.47,46.65,341,134.15,820.57,58.56,80.89,88,92.6,0
2026-12-30 06:00:00,Hostel A,26.4,61.01,340,95.78,1112.81,127.28,20.76,92,79.72,0
2026-12-30 07:00:00,Hostel B,27.78,36.96,476,100.83,987.03,47.32,38.46,55,88.94,0
2026-12-30 08:00:00,Auditorium,24.39,68.43,169,148.17178246218404,1974.74993973017,152.3178335178752,73.3,117,58.53,1
2026-12-30 09:00:00,Hostel A,26.67,62.59,326,117.81,674.59,71.74,84.12,133,38.93,0
2026-12-30 10:00:00,Laboratory,26.53,46.55,366,130.24,452.4,111.69,57.39,42,93.89,0
2026-12-30 11:00:00,Hostel A,25.46,76.16,412,133.52,1000.37,85.48,91.03,107,97.61,0
2026-12-30 12:00:00,Engineering Block,28.55,42.04,218,179.39,962.0,66.03,42.54,178,89.64,0
2026-12-30 13:00:00,Hostel A,26.7,65.3,183,136.66,810.83,122.27,16.85,92,69.41,0
2026-12-30 14:00:00,Auditorium,30.01,65.55,201,104.86,723.46,69.68,94.74,68,65.08,0
2026-12-30 15:00:00,Computer Science Block,21.51,47.6,259,201.43,746.68,84.23,47.24,69,92.64,0
2026-12-30 16:00:00,Engineering Block,27.55,59.62,441,92.48,659.81,33.66,12.08,211,58.83,0
2026-12-30 17:00:00,Computer Science Block,28.53,43.63,261,127.0,935.4,33.9,74.73,148,71.09,0
2026-12-30 18:00:00,Laboratory,26.76,31.54,85,282.86425990177725,1882.6083265848058,80.17635582009422,32.66,9,58.99,1
2026-12-30 19:00:00,Engineering Block,27.31,49.32,190,139.52,1175.98,74.95,18.19,137,35.5,0
2026-12-30 20:00:00,Laboratory,21.66,53.83,152,46.93,851.95,120.14,85.97,26,92.03,0
2026-12-30 21:00:00,Laboratory,29.43,66.44,100,143.71,933.17,78.0,31.83,61,80.55,0
2026-12-30 22:00:00,Hostel A,30.59,60.67,184,100.78,436.13,104.58,58.9,119,62.5,0
2026-12-30 23:00:00,Computer Science Block,29.97,60.94,461,93.35,877.1,66.35,65.1,207,41.36,0
2026-12-31 00:00:00,Laboratory,32.15,49.86,82,61.21,1002.27,120.04,95.05,165,42.39,0
2026-12-31 01:00:00,Computer Science Block,28.81,54.7,374,125.42,648.47,95.27,45.68,83,76.48,0
2026-12-31 02:00:00,Computer Science Block,29.91,50.7,70,104.16,1203.72,78.93,55.13,151,95.6,0
2026-12-31 03:00:00,Engineering Block,28.62,47.75,91,131.96,649.25,103.85,37.15,67,60.0,0
2026-12-31 04:00:00,Library,30.75,54.06,62,89.28,914.93,77.89,51.98,236,61.13,0
2026-12-31 05:00:00,Hostel A,21.69,60.75,342,245.1,894.19,82.02,10.64,238,78.0,0
2026-12-31 06:00:00,Laboratory,24.43,54.27,470,105.73,631.6,94.38,87.28,179,89.85,0
2026-12-31 07:00:00,Computer Science Block,34.35,56.76,340,160.63,810.79,91.99,15.94,223,86.26,0
2026-12-31 08:00:00,Hostel B,18.16,66.95,337,159.94,863.9,45.11,32.15,23,80.03,0
2026-12-31 09:00:00,Library,27.44,54.99,235,154.1,874.26,80.66,74.72,123,48.14,0
2026-12-31 10:00:00,Laboratory,32.69,46.66,210,89.98,463.83,103.52,67.74,45,42.01,0
2026-12-31 11:00:00,Hostel B,27.63,65.63,177,187.2,937.72,84.06,77.66,204,30.5,0
2026-12-31 12:00:00,Hostel A,26.38,62.66,109,129.82,1099.06,86.71,55.47,223,97.87,0
2026-12-31 13:00:00,Hostel A,28.52,63.29,441,133.93,1070.09,101.46,93.57,95,60.35,0
2026-12-31 14:00:00,Computer Science Block,26.59,66.26,123,117.22,1039.37,95.84,95.05,41,43.92,0
2026-12-31 15:00:00,Computer Science Block,28.12,64.57,70,120.23,604.74,55.41,78.21,113,38.57,0
2026-12-31 16:00:00,Auditorium,25.27,60.29,273,121.72,1021.17,46.04,38.95,143,40.47,0
2026-12-31 17:00:00,Auditorium,32.43,83.91,126,66.19,473.09,117.63,13.7,207,53.46,0
2026-12-31 18:00:00,Laboratory,33.69,47.15,313,129.02,804.22,71.08,59.44,124,90.1,0
2026-12-31 19:00:00,Engineering Block,27.47,54.14,255,147.98,567.29,66.78,10.82,50,97.92,0
2026-12-31 20:00:00,Library,22.45,69.67,342,99.98,1094.7,77.25,82.85,69,65.5,0
2026-12-31 21:00:00,Laboratory,25.9,61.43,352,116.36,874.91,113.97,62.92,54,52.29,0
2026-12-31 22:00:00,Library,27.26,67.58,375,103.67850761001641,543.7355394149329,140.01258174715397,65.7,241,42.28,1
2026-12-31 23:00:00,Computer Science Block,30.02,61.7,124,158.83,764.21,77.72,15.44,119,50.12,0
2027-01-01 00:00:00,Hostel A,23.97,73.74,274,174.57,489.15,65.68,62.73,8,73.33,0
2027-01-01 01:00:00,Computer Science Block,24.92,49.92,323,127.66,710.25,53.96,26.18,197,96.17,0
2027-01-01 02:00:00,Hostel A,30.04,73.42,415,132.35,763.61,33.95,46.24,188,64.38,0
2027-01-01 03:00:00,Auditorium,31.76,71.71,39,130.3,1012.97,80.86,38.73,244,39.79,0
2027-01-01 04:00:00,Laboratory,25.51,47.9,378,146.2,1075.35,53.53,32.17,232,96.23,0
2027-01-01 05:00:00,Auditorium,22.67,66.31,91,128.79,494.24,68.82,50.24,75,97.4,0
2027-01-01 06:00:00,Hostel A,41.14,59.57,136,155.82,776.14,67.89,78.57,46,92.66,0
2027-01-01 07:00:00,Computer Science Block,31.13,53.93,386,144.05,750.77,91.36,30.99,230,90.14,0
2027-01-01 08:00:00,Auditorium,26.93,41.11,149,146.94,529.6,20.0,55.94,234,84.42,0
2027-01-01 09:00:00,Admin Block,31.48,49.89,478,133.44,779.24,120.07,42.1,77,38.83,0
2027-01-01 10:00:00,Library,27.5,67.08,139,299.62220932589565,1633.981709120105,129.20352192529546,68.88,11,52.91,1
2027-01-01 11:00:00,Hostel B,31.47,68.14,232,93.24,587.17,91.12,61.03,171,82.79,0
2027-01-01 12:00:00,Hostel A,28.64,57.89,248,53.04,1064.21,53.75,68.51,215,90.64,0
2027-01-01 13:00:00,Hostel A,28.37,68.17,202,117.19,506.25,75.08,98.41,68,45.92,0
2027-01-01 14:00:00,Admin Block,27.55,69.45,153,290.31135145652866,2357.6494605905677,134.50180839125315,55.63,171,73.46,1
2027-01-01 15:00:00,Laboratory,22.21,61.55,358,143.2,841.74,96.96,19.25,20,34.13,0
2027-01-01 16:00:00,Laboratory,35.75,52.78,497,145.78,660.97,96.17,14.03,189,89.91,0
2027-01-01 17:00:00,Laboratory,24.23,64.41,250,84.74,1006.7,86.94,14.53,123,54.32,0
2027-01-01 18:00:00,Hostel B,22.56,64.87,403,135.69,1469.74,69.47,41.7,22,43.76,0
2027-01-01 19:00:00,Engineering Block,27.15,66.74,383,81.71,1188.25,45.77,75.22,75,88.63,0
2027-01-01 20:00:00,Admin Block,24.15,68.65,465,119.43,834.44,73.81,85.61,130,41.94,0
2027-01-01 21:00:00,Hostel B,27.79,46.38,452,110.82,1172.85,127.41,63.46,190,62.25,0
2027-01-01 22:00:00,Auditorium,30.75,54.9,359,136.28,1419.38,45.96,53.2,157,36.69,0
2027-01-01 23:00:00,Admin Block,31.98,41.01,457,121.15,755.91,40.29,86.2,35,61.15,0
2027-01-02 00:00:00,Hostel A,31.26,67.47,265,151.29,890.9,129.47,15.11,244,94.69,0
2027-01-02 01:00:00,Library,26.78,57.88,413,156.03,644.99,81.29,39.12,91,78.55,0
2027-01-02 02:00:00,Admin Block,28.2,64.31,427,163.0,753.29,40.84,15.16,245,98.91,0
2027-01-02 03:00:00,Engineering Block,29.63,45.24,271,225.75,780.34,81.58,93.8,91,61.36,0
2027-01-02 04:00:00,Computer Science Block,20.97,74.01,244,93.51,739.74,72.55,18.03,165,92.24,0
2027-01-02 05:00:00,Auditorium,30.28,48.06,176,105.77,1144.28,120.05,96.36,240,93.79,0
2027-01-02 06:00:00,Hostel B,22.17,67.75,138,106.66,379.94,116.17,75.77,166,36.33,0
2027-01-02 07:00:00,Auditorium,36.16,61.18,113,52.17,856.41,89.58,54.51,141,98.53,0
2027-01-02 08:00:00,Auditorium,26.38,58.11,247,129.9,835.54,96.44,38.13,23,92.45,0
2027-01-02 09:00:00,Admin Block,27.26,57.3,384,116.62,732.23,75.56,58.34,229,73.85,0
2027-01-02 10:00:00,Admin Block,24.92,53.62,409,160.39,1056.11,127.28,67.84,164,67.55,0
2027-01-02 11:00:00,Engineering Block,25.48,72.95,205,151.98,1049.67,82.34,53.32,16,56.96,0
2027-01-02 12:00:00,Library,37.1,60.13,353,135.64,861.63,62.61,92.57,210,71.04,0
2027-01-02 13:00:00,Admin Block,31.76,47.31,204,129.49,928.3,112.68,22.54,81,81.56,0
2027-01-02 14:00:00,Admin Block,21.8,56.16,406,100.42,837.65,86.88,21.56,78,79.6,0
2027-01-02 15:00:00,Library,34.02,61.28,299,126.9,1005.81,76.07,80.16,122,51.02,0
2027-01-02 16:00:00,Engineering Block,32.77,68.98,422,133.37,1243.67,62.85,60.46,229,77.02,0
2027-01-02 17:00:00,Hostel B,26.88,53.95,249,119.07,1116.58,71.81,46.55,123,30.33,0
2027-01-02 18:00:00,Auditorium,29.23,54.62,284,119.32,1409.13,112.85,83.84,160,41.89,0
2027-01-02 19:00:00,Hostel B,27.94,60.23,177,124.96,1060.34,79.57,94.52,89,40.63,0
2027-01-02 20:00:00,Admin Block,35.89,68.73,371,127.38,390.84,78.7,57.22,153,81.87,0
2027-01-02 21:00:00,Library,24.81,46.31,96,151.53,1010.9,34.47,61.18,225,92.79,0
2027-01-02 22:00:00,Admin Block,28.58,65.05,101,28.43,665.33,75.23,14.95,173,36.04,0
2027-01-02 23:00:00,Laboratory,26.29,55.36,447,129.81,1178.01,78.61,54.86,36,93.83,0
2027-01-03 00:00:00,Computer Science Block,22.27,56.76,200,129.18,781.65,88.07,11.77,19,51.46,0
2027-01-03 01:00:00,Hostel B,36.77,80.02,361,149.72,518.62,70.15,46.53,116,73.59,0
2027-01-03 02:00:00,Laboratory,23.27,58.04,215,284.92281915674465,1734.8199091031763,131.34607120520934,96.97,90,41.48,1
2027-01-03 03:00:00,Hostel A,28.88,67.55,79,46.66,780.77,97.14,78.63,221,58.2,0
2027-01-03 04:00:00,Computer Science Block,21.04,67.19,170,56.4,956.03,62.95,76.1,176,62.34,0
2027-01-03 05:00:00,Admin Block,26.4,48.2,80,47.19,937.8,125.05,80.64,214,56.22,0
2027-01-03 06:00:00,Engineering Block,29.69,41.55,154,155.51,940.48,56.99,86.47,168,87.55,0
2027-01-03 07:00:00,Hostel B,24.7,68.21,447,151.1110266211048,1702.3702741219192,59.89396852262698,13.84,83,70.85,1
2027-01-03 08:00:00,Hostel A,30.35,49.16,458,166.19,1068.13,94.42,89.15,148,64.73,0
2027-01-03 09:00:00,Computer Science Block,26.92,43.36,350,107.01,894.19,83.28,79.72,145,84.88,0
2027-01-03 10:00:00,Hostel B,32.64,70.26,58,112.52,819.11,94.53,71.55,186,79.65,0
2027-01-03 11:00:00,Library,33.45,49.81,272,181.02,786.4,68.78,46.52,119,37.34,0
2027-01-03 12:00:00,Engineering Block,25.65,52.27,397,129.86,760.91,110.64,37.05,222,66.25,0
2027-01-03 13:00:00,Computer Science Block,28.31,79.74,462,72.23,782.42,100.01,27.27,48,85.85,0
2027-01-03 14:00:00,Library,28.73,43.4,125,124.24,1065.23,157.96,40.74,14,74.66,0
2027-01-03 15:00:00,Laboratory,30.48,47.44,252,153.59,1182.76,69.96,89.05,135,79.9,0
2027-01-03 16:00:00,Admin Block,28.06,55.4,373,101.34,1049.21,72.45,15.08,177,70.13,0
2027-01-03 17:00:00,Library,28.76,57.6,408,183.81,927.53,61.31,75.36,240,94.96,0
2027-01-03 18:00:00,Computer Science Block,27.03,51.06,189,76.29,873.73,56.89,17.66,206,66.01,0
2027-01-03 19:00:00,Auditorium,28.46,48.41,236,46.22,910.11,86.84,20.51,196,69.46,0
2027-01-03 20:00:00,Computer Science Block,33.19,75.1,367,181.01,912.81,49.93,27.98,158,91.54,0
2027-01-03 21:00:00,Auditorium,30.58,62.63,33,90.26,702.45,47.06,70.65,243,73.03,0
2027-01-03 22:00:00,Laboratory,30.81,65.85,430,85.9,671.1,84.06,86.63,213,60.63,0
2027-01-03 23:00:00,Admin Block,30.89,58.63,35,102.44,872.5,113.73,22.76,137,47.75,0
2027-01-04 00:00:00,Auditorium,27.38,62.89,238,85.94,637.49,36.58,31.05,58,97.58,0
2027-01-04 01:00:00,Auditorium,29.28,69.33,405,151.47,653.22,90.86,67.12,232,83.97,0
2027-01-04 02:00:00,Library,23.66,50.04,422,103.73,681.5,67.65,51.06,113,35.79,0
2027-01-04 03:00:00,Library,33.08,62.65,426,78.37,1146.95,32.79,67.01,114,38.77,0
2027-01-04 04:00:00,Admin Block,16.87,66.96,188,110.42,1224.02,66.03,24.25,84,44.38,0
2027-01-04 05:00:00,Library,27.65,75.45,33,88.27,850.87,104.19,51.36,61,46.59,0
2027-01-04 06:00:00,Hostel B,32.56,79.48,450,118.61,865.84,97.68,40.64,218,75.16,0
2027-01-04 07:00:00,Admin Block,22.54,60.7,262,86.6,1030.95,34.3,49.3,71,67.31,0
2027-01-04 08:00:00,Engineering Block,29.6,71.39,338,113.18,626.48,80.36,36.67,75,46.51,0
2027-01-04 09:00:00,Auditorium,25.28,33.3,493,114.04,880.58,111.07,22.89,89,40.47,0
2027-01-04 10:00:00,Computer Science Block,26.52,75.52,27,185.27,1346.23,118.41,70.01,180,78.43,0
2027-01-04 11:00:00,Engineering Block,31.78,52.74,302,161.23,834.88,75.94,70.21,93,33.68,0
2027-01-04 12:00:00,Auditorium,28.79,57.59,130,126.05,824.08,72.11,33.79,169,45.35,0
2027-01-04 13:00:00,Hostel B,19.86,64.41,59,109.31,829.27,93.2,61.94,15,50.7,0
2027-01-04 14:00:00,Auditorium,24.09,58.47,431,108.86,791.29,97.29,96.55,75,42.69,0
2027-01-04 15:00:00,Auditorium,31.9,61.96,87,124.49,957.14,63.13,58.34,154,70.19,0
2027-01-04 16:00:00,Auditorium,29.8,75.88,142,90.62,926.85,81.95,38.26,80,80.2,0
2027-01-04 17:00:00,Laboratory,34.99,56.16,336,106.85,339.17,73.97,37.77,14,58.52,0
2027-01-04 18:00:00,Hostel B,34.73,49.13,185,218.09255277292388,2131.9346215355836,152.9597294746716,84.81,114,41.66,1
2027-01-04 19:00:00,Hostel A,26.63,78.13,222,119.27,609.4,67.88,53.96,87,58.1,0
2027-01-04 20:00:00,Hostel A,38.01,65.27,147,125.55,1017.54,52.92,33.69,110,62.61,0
2027-01-04 21:00:00,Hostel A,28.1,79.22,383,145.45,858.97,30.54,66.78,212,91.58,0
2027-01-04 22:00:00,Admin Block,24.15,68.64,171,152.3,885.31,88.95,87.83,187,67.21,0
2027-01-04 23:00:00,Library,25.47,46.76,431,221.04813910801755,1930.6184927574204,90.05436324197647,75.47,68,34.01,1
2027-01-05 00:00:00,Hostel B,18.97,66.45,444,181.05,715.23,73.73,17.77,72,98.47,0
2027-01-05 01:00:00,Engineering Block,34.43,50.16,165,143.02,701.58,79.63,40.75,138,43.21,0
2027-01-05 02:00:00,Laboratory,34.38,60.07,68,118.07,1036.98,64.51,83.14,10,66.99,0
2027-01-05 03:00:00,Engineering Block,23.94,59.24,488,117.11,720.44,89.61,47.64,183,53.9,0
2027-01-05 04:00:00,Engineering Block,27.09,43.82,429,151.87,585.48,143.9,99.88,22,78.87,0
2027-01-05 05:00:00,Engineering Block,28.38,51.87,22,111.41,970.63,122.74,40.77,39,43.36,0
2027-01-05 06:00:00,Laboratory,24.16,82.05,270,134.24,958.73,54.79,91.67,44,65.87,0
2027-01-05 07:00:00,Hostel A,20.98,62.38,96,137.7,840.44,61.36,51.35,117,65.99,0
2027-01-05 08:00:00,Engineering Block,27.16,58.24,441,33.51,904.25,58.12,94.24,159,75.57,0
2027-01-05 09:00:00,Laboratory,26.72,78.13,239,127.60971714689768,1560.822937769765,74.85089424192502,47.92,7,70.74,1
2027-01-05 10:00:00,Laboratory,26.45,56.04,417,150.55,1002.68,84.81,52.16,138,38.82,0
2027-01-05 11:00:00,Library,28.89,59.09,404,135.61,1059.51,92.35,58.67,33,78.6,0
2027-01-05 12:00:00,Laboratory,33.72,69.91,367,23.41,980.77,84.67,13.58,241,62.41,0
2027-01-05 13:00:00,Hostel A,26.79,55.99,398,25.13,1074.04,85.01,17.56,224,43.12,0
2027-01-05 14:00:00,Engineering Block,28.68,52.53,247,170.84,1255.7,32.7,86.91,224,58.01,0
2027-01-05 15:00:00,Laboratory,30.91,37.46,137,142.71,965.86,34.56,33.86,187,55.85,0
2027-01-05 16:00:00,Admin Block,30.22,50.64,286,168.27,836.04,95.96,66.45,192,61.04,0
2027-01-05 17:00:00,Laboratory,25.54,50.54,254,86.16,458.6,77.4,33.4,94,92.63,0
2027-01-05 18:00:00,Computer Science Block,28.39,61.59,187,98.56,524.53,102.33,41.69,64,91.01,0
2027-01-05 19:00:00,Computer Science Block,30.19,53.9,279,183.7,943.38,55.65,64.39,88,31.68,0
2027-01-05 20:00:00,Computer Science Block,23.49,81.58,437,134.43,786.16,72.2,40.48,148,65.91,0
2027-01-05 21:00:00,Laboratory,33.05,49.42,212,122.95,727.37,67.24,75.32,156,35.14,0
2027-01-05 22:00:00,Hostel A,33.73,74.01,203,114.4,992.93,119.9,56.49,209,32.54,0
2027-01-05 23:00:00,Engineering Block,25.11,62.2,29,59.52,1028.31,120.19,78.11,164,44.79,0
2027-01-06 00:00:00,Hostel B,28.77,68.07,356,159.57,933.94,54.11,29.25,175,97.59,0
2027-01-06 01:00:00,Hostel B,30.57,67.46,346,50.82,751.8,83.69,68.05,76,95.16,0
2027-01-06 02:00:00,Hostel B,25.82,37.82,378,142.98,1343.73,100.51,38.2,66,79.93,0
2027-01-06 03:00:00,Hostel A,29.93,59.88,467,122.91,830.02,104.74,41.78,40,51.61,0
2027-01-06 04:00:00,Library,28.65,57.38,160,130.36,1079.3,60.29,26.79,248,44.8,0
2027-01-06 05:00:00,Auditorium,22.13,48.67,41,99.36,795.03,89.62,21.57,15,42.0,0
2027-01-06 06:00:00,Admin Block,29.84,64.6,331,171.09,587.59,83.4,89.32,17,31.5,0
2027-01-06 07:00:00,Admin Block,23.6,77.17,397,99.76,870.24,77.69,95.16,114,60.83,0
2027-01-06 08:00:00,Computer Science Block,31.76,33.27,212,119.2,1473.17,20.0,45.42,121,72.44,0
2027-01-06 09:00:00,Computer Science Block,25.32,54.66,111,120.47,1094.91,66.16,78.72,247,71.6,0
2027-01-06 10:00:00,Laboratory,27.35,47.54,116,108.39,825.62,70.3,82.32,33,79.11,0
2027-01-06 11:00:00,Hostel B,33.49,60.72,160,134.23,991.75,97.62,22.77,186,65.75,0
2027-01-06 12:00:00,Laboratory,29.99,56.74,276,145.26,770.58,74.34,94.52,161,67.36,0
2027-01-06 13:00:00,Auditorium,23.68,53.94,57,116.15,1023.39,111.57,82.74,189,97.16,0
2027-01-06 14:00:00,Hostel B,23.94,66.9,266,141.99,1335.47,42.59,81.07,166,69.52,0
2027-01-06 15:00:00,Computer Science Block,25.6,76.36,275,142.48,717.89,113.63,93.2,151,91.17,0
2027-01-06 16:00:00,Engineering Block,29.58,86.61,461,321.2437435436374,1734.9412874487507,95.15180679561425,41.76,84,38.72,1
2027-01-06 17:00:00,Library,29.43,52.6,428,172.76,945.96,64.69,89.8,174,87.84,0
2027-01-06 18:00:00,Laboratory,24.63,41.79,317,176.62,755.34,72.09,99.82,35,78.19,0
2027-01-06 19:00:00,Library,23.33,65.59,104,179.74372292225604,1252.8084798012299,67.15619393523784,30.82,239,30.4,1
2027-01-06 20:00:00,Library,29.13,76.1,436,109.5,894.62,82.28,20.93,117,44.74,0
2027-01-06 21:00:00,Library,27.27,68.14,460,144.26,691.39,151.12,19.79,122,45.07,0
2027-01-06 22:00:00,Computer Science Block,36.63,76.06,56,117.75,1108.02,54.84,43.97,159,57.81,0
2027-01-06 23:00:00,Admin Block,28.15,57.75,204,130.87,809.04,67.83,82.79,127,57.41,0
2027-01-07 00:00:00,Computer Science Block,35.26,53.9,117,78.98,818.95,94.8,77.57,55,54.45,0
2027-01-07 01:00:00,Library,23.32,61.15,337,110.47,616.53,77.86,27.76,181,60.42,0
2027-01-07 02:00:00,Computer Science Block,21.71,56.69,406,122.9,645.3,105.39,58.13,146,87.89,0
2027-01-07 03:00:00,Library,23.52,66.63,49,88.01,729.24,40.64,42.54,225,33.54,0
2027-01-07 04:00:00,Hostel A,32.76,69.7,470,62.16,729.94,50.03,84.87,91,89.32,0
2027-01-07 05:00:00,Hostel B,35.02,70.48,210,164.66,593.96,85.99,82.38,115,94.3,0
2027-01-07 06:00:00,Admin Block,24.87,65.11,357,66.0,1062.09,20.0,82.91,224,41.66,0
2027-01-07 07:00:00,Hostel A,26.16,62.46,298,174.66,1210.02,45.37,57.27,106,55.63,0
2027-01-07 08:00:00,Engineering Block,23.32,67.94,475,274.4656427059432,1258.9219337651768,55.293080488453676,82.67,78,75.58,1
2027-01-07 09:00:00,Computer Science Block,20.75,40.37,220,130.81,625.43,81.55,76.0,222,98.5,0
2027-01-07 10:00:00,Engineering Block,30.87,62.11,341,135.8,643.57,67.18,57.23,195,90.63,0
2027-01-07 11:00:00,Laboratory,28.89,60.52,208,146.14,905.26,43.18,79.55,91,81.87,0
2027-01-07 12:00:00,Computer Science Block,28.04,62.13,277,105.42,876.8,83.18,43.92,107,95.76,0
2027-01-07 13:00:00,Auditorium,22.4,59.12,174,106.99,462.45,99.4,80.18,86,98.77,0
2027-01-07 14:00:00,Auditorium,34.56,64.32,451,113.23,325.49,45.16,66.1,136,92.87,0
2027-01-07 15:00:00,Hostel B,25.99,54.25,338,132.09,874.31,76.41,87.57,249,43.04,0
2027-01-07 16:00:00,Hostel A,30.13,71.3,247,96.62,1033.54,85.39,90.31,189,79.97,0
2027-01-07 17:00:00,Hostel B,22.18,64.74,24,102.23,1151.07,94.37,44.99,116,57.95,0
2027-01-07 18:00:00,Laboratory,27.24,61.51,148,190.09,696.36,39.97,35.91,15,87.22,0
2027-01-07 19:00:00,Library,29.17,53.02,425,130.87,1135.4,53.77,35.21,175,33.89,0
2027-01-07 20:00:00,Hostel B,29.31,68.15,93,79.32,789.35,75.96,39.35,44,88.03,0
2027-01-07 21:00:00,Hostel B,28.62,62.07,384,149.99,559.2,78.55,14.56,44,50.61,0
2027-01-07 22:00:00,Auditorium,29.98,52.45,43,110.11,1304.5,137.18,93.81,145,83.95,0
2027-01-07 23:00:00,Library,23.48,59.43,334,98.88,446.36,99.98,21.16,157,41.77,0
2027-01-08 00:00:00,Auditorium,28.79,66.29,482,205.46,808.46,69.26,89.02,11,33.42,0
2027-01-08 01:00:00,Computer Science Block,28.46,65.52,453,122.61,690.22,70.9,53.88,226,75.5,0
2027-01-08 02:00:00,Library,28.93,64.87,298,91.91,946.98,72.31,91.03,111,61.09,0
2027-01-08 03:00:00,Hostel A,28.29,60.93,225,99.66,1089.57,48.61,93.93,10,89.28,0
2027-01-08 04:00:00,Hostel B,22.91,70.26,165,125.2,398.27,72.32,83.91,45,93.9,0
2027-01-08 05:00:00,Auditorium,22.73,72.38,108,124.96,694.54,129.66,46.63,228,58.43,0
2027-01-08 06:00:00,Library,19.14,67.37,41,136.34,1089.44,20.0,47.12,41,73.18,0
2027-01-08 07:00:00,Laboratory,31.27,54.13,319,60.18,637.74,80.42,96.98,217,49.57,0
2027-01-08 08:00:00,Laboratory,31.31,49.42,63,80.95,464.87,131.22,40.31,161,48.14,0
2027-01-08 09:00:00,Hostel B,31.37,54.56,56,113.44,741.76,123.22,47.0,119,90.13,0
2027-01-08 10:00:00,Hostel A,29.23,79.54,26,101.36,701.15,102.14,36.18,221,40.18,0
2027-01-08 11:00:00,Engineering Block,19.47,62.82,493,82.3,1048.59,81.2,56.24,246,61.16,0
2027-01-08 12:00:00,Auditorium,23.89,81.26,299,132.94,869.93,102.41,64.94,78,61.78,0
2027-01-08 13:00:00,Hostel A,28.68,58.8,480,135.98,669.5,88.13,69.67,23,70.91,0
2027-01-08 14:00:00,Admin Block,28.54,57.41,188,180.21,1093.34,122.21,24.26,72,74.18,0
2027-01-08 15:00:00,Admin Block,27.11,59.26,89,144.66,850.96,97.98,41.19,64,60.28,0
2027-01-08 16:00:00,Admin Block,29.48,59.08,232,136.83,507.2,61.34,99.64,225,60.92,0
2027-01-08 17:00:00,Hostel B,28.05,52.26,90,113.92,685.71,128.99,16.44,85,73.51,0
2027-01-08 18:00:00,Laboratory,28.48,48.51,421,215.01,724.71,74.25,43.5,102,79.16,0
2027-01-08 19:00:00,Computer Science Block,25.44,65.01,226,108.28,1345.59,53.31,29.06,137,85.55,0
2027-01-08 20:00:00,Auditorium,31.93,70.55,91,107.99,807.36,88.96,35.35,74,77.87,0
2027-01-08 21:00:00,Laboratory,26.28,84.45,335,153.9,530.74,101.37,52.05,234,30.53,0
2027-01-08 22:00:00,Computer Science Block,22.68,55.66,199,63.95,813.97,77.92,98.79,103,46.18,0
2027-01-08 23:00:00,Computer Science Block,24.92,56.47,227,117.22,1024.25,84.17,83.11,200,39.45,0
2027-01-09 00:00:00,Laboratory,26.61,52.29,196,123.57,831.94,121.96,31.66,179,86.82,0
2027-01-09 01:00:00,Auditorium,31.98,71.26,214,105.86,1122.36,75.14,22.37,159,63.67,0
2027-01-09 02:00:00,Hostel B,27.83,68.15,320,156.72,1040.03,99.43,64.56,173,56.83,0
2027-01-09 03:00:00,Hostel A,27.26,51.23,412,137.26,1021.29,109.71,88.87,133,82.5,0
2027-01-09 04:00:00,Computer Science Block,23.01,50.98,391,130.35,1020.24,61.16,28.02,84,35.35,0
2027-01-09 05:00:00,Engineering Block,31.14,69.53,258,122.35,1170.5,79.17,27.57,93,79.26,0
2027-01-09 06:00:00,Laboratory,25.39,63.83,173,107.46,1119.84,116.99,71.57,44,66.57,0
2027-01-09 07:00:00,Laboratory,27.6,67.58,173,47.31,576.62,108.01,36.75,8,59.59,0
2027-01-09 08:00:00,Admin Block,33.92,51.17,49,138.98,580.03,66.37,13.73,168,76.21,0
2027-01-09 09:00:00,Hostel A,30.04,41.22,46,153.57,998.42,73.37,37.22,185,31.47,0
2027-01-09 10:00:00,Admin Block,21.49,51.25,483,119.76,627.04,20.0,28.96,143,37.19,0
2027-01-09 11:00:00,Laboratory,20.92,66.88,259,67.67,573.22,107.37,39.49,62,57.85,0
2027-01-09 12:00:00,Laboratory,27.74,81.11,262,102.69,1072.37,93.67,83.3,22,36.52,0
2027-01-09 13:00:00,Computer Science Block,23.15,55.71,151,103.34,744.32,36.1,70.6,123,63.8,0
2027-01-09 14:00:00,Hostel A,30.59,82.76,198,103.94,1030.0,97.87,35.18,246,71.66,0
2027-01-09 15:00:00,Library,28.17,68.3,358,318.43487545597367,1440.5839058212155,123.35715598617874,46.78,27,75.12,1
2027-01-09 16:00:00,Engineering Block,28.66,46.07,117,74.18,857.57,96.37,29.25,112,46.57,0
2027-01-09 17:00:00,Auditorium,25.17,62.14,345,113.22,1068.1,94.5,59.83,73,83.49,0
2027-01-09 18:00:00,Computer Science Block,34.97,68.64,256,114.42,976.61,75.55,30.36,235,36.38,0
2027-01-09 19:00:00,Laboratory,39.37,35.75,354,172.92,1067.41,46.56,93.45,115,95.01,0
2027-01-09 20:00:00,Auditorium,26.89,66.44,157,133.87,504.44,65.61,34.28,85,39.54,0
2027-01-09 21:00:00,Computer Science Block,29.41,71.73,137,104.59,810.26,66.56,74.08,180,60.39,0
2027-01-09 22:00:00,Engineering Block,28.39,63.99,125,259.6409900297564,830.655283427899,65.12448556463542,45.46,173,32.7,1
2027-01-09 23:00:00,Laboratory,26.96,59.38,55,77.78,767.81,81.12,90.42,17,63.88,0
2027-01-10 00:00:00,Engineering Block,24.67,58.27,65,96.49,598.15,97.48,38.39,72,94.86,0
2027-01-10 01:00:00,Auditorium,23.66,57.69,123,56.35,602.4,57.89,11.43,190,45.01,0
2027-01-10 02:00:00,Library,23.46,48.24,409,175.37,862.02,87.56,19.55,239,93.44,0
2027-01-10 03:00:00,Computer Science Block,29.62,53.12,383,127.5,1252.78,94.71,16.11,226,65.3,0
2027-01-10 04:00:00,Hostel B,25.92,55.83,379,112.63,934.0,95.42,37.9,178,37.56,0
2027-01-10 05:00:00,Computer Science Block,17.69,61.13,89,163.37,915.24,59.95,70.52,147,84.02,0
2027-01-10 06:00:00,Admin Block,29.78,54.43,226,99.7,494.65,136.73,56.45,76,60.6,0
2027-01-10 07:00:00,Hostel A,27.85,51.31,240,104.36,1277.63,80.83,32.41,74,63.56,0
2027-01-10 08:00:00,Hostel A,33.39,67.6,108,158.27,902.6,49.3,99.89,200,72.91,0
2027-01-10 09:00:00,Admin Block,29.49,63.71,486,99.81,1127.87,69.36,15.91,222,88.07,0
2027-01-10 10:00:00,Laboratory,22.09,54.61,481,102.99,741.0,42.03,66.09,93,58.7,0
2027-01-10 11:00:00,Hostel A,19.08,65.06,22,122.34,1015.85,69.2,82.15,25,82.64,0
2027-01-10 12:00:00,Engineering Block,25.12,55.47,453,131.92,496.65,111.08,96.22,33,41.26,0
2027-01-10 13:00:00,Auditorium,25.5,60.63,317,145.78,930.61,93.06,41.9,206,33.36,0
2027-01-10 14:00:00,Auditorium,31.77,69.75,385,112.55,1033.52,119.84,61.32,188,33.31,0
2027-01-10 15:00:00,Hostel A,27.96,53.96,481,61.37,1268.94,84.4,32.65,88,32.94,0
2027-01-10 16:00:00,Hostel A,32.53,48.28,457,132.38,1359.0,110.96,13.03,174,66.83,0
2027-01-10 17:00:00,Admin Block,22.7,58.55,250,127.13,1054.9,47.34,56.59,88,57.32,0
2027-01-10 18:00:00,Laboratory,31.86,46.37,442,126.17,553.69,51.49,63.16,93,85.01,0
2027-01-10 19:00:00,Library,30.88,57.23,488,93.55,730.14,90.13,34.77,139,30.22,0
2027-01-10 20:00:00,Hostel A,19.93,57.19,137,54.29,735.17,101.76,30.91,137,76.99,0
2027-01-10 21:00:00,Hostel B,33.29,35.36,330,118.89,1154.29,99.93,35.28,11,56.19,0
2027-01-10 22:00:00,Hostel A,28.37,65.31,414,86.83,847.15,50.64,57.19,51,62.95,0
2027-01-10 23:00:00,Library,29.57,58.17,133,139.5,923.47,118.19,71.24,226,39.45,0
2027-01-11 00:00:00,Admin Block,24.54,71.82,221,146.2,1357.2,25.25,74.86,160,83.62,0
2027-01-11 01:00:00,Library,33.1,62.16,482,66.1,821.52,120.94,34.94,213,90.89,0
2027-01-11 02:00:00,Admin Block,23.26,67.36,49,95.45,596.34,46.77,87.06,31,32.47,0
2027-01-11 03:00:00,Engineering Block,31.33,71.9,383,179.66,982.38,119.64,53.67,214,53.66,0
2027-01-11 04:00:00,Admin Block,31.28,58.68,266,104.44,624.11,64.08,59.33,88,59.12,0
2027-01-11 05:00:00,Engineering Block,24.1,59.99,100,126.9,658.43,83.91,30.55,190,89.93,0
2027-01-11 06:00:00,Engineering Block,35.93,44.26,265,150.76,844.6,77.6,44.49,134,85.66,0
2027-01-11 07:00:00,Admin Block,28.93,72.4,203,283.3556588857019,2939.680497781073,80.5214701539529,14.65,241,68.4,1
2027-01-11 08:00:00,Hostel B,30.62,58.54,432,158.13,770.9,82.2,61.95,154,42.6,0
2027-01-11 09:00:00,Computer Science Block,21.89,49.94,292,152.76,1006.67,49.63,77.4,22,68.78,0
2027-01-11 10:00:00,Admin Block,36.47,67.4,52,166.57,792.6,64.5,58.92,76,60.86,0
2027-01-11 11:00:00,Hostel A,23.1,38.2,121,126.07,891.59,145.04,39.39,143,93.22,0
2027-01-11 12:00:00,Hostel B,32.1,55.71,296,105.91,1197.35,84.27,85.13,27,48.75,0
2027-01-11 13:00:00,Hostel B,24.02,69.08,130,73.92,1037.45,69.9,15.19,35,85.68,0
2027-01-11 14:00:00,Hostel A,25.52,55.62,225,134.7,859.13,99.91,32.39,131,69.57,0
2027-01-11 15:00:00,Computer Science Block,31.16,52.82,285,163.6,784.94,94.14,14.5,153,32.33,0
2027-01-11 16:00:00,Hostel B,32.11,55.84,234,94.08,1231.2,53.69,45.37,158,47.51,0
2027-01-11 17:00:00,Engineering Block,22.91,39.9,122,97.97,1289.74,52.06,32.53,191,39.14,0
2027-01-11 18:00:00,Auditorium,32.36,67.15,314,107.41,872.63,111.99,71.43,240,62.79,0
2027-01-11 19:00:00,Computer Science Block,32.18,58.77,97,88.42,1071.78,86.75,17.07,53,85.46,0
2027-01-11 20:00:00,Laboratory,24.25,57.28,194,125.23,1125.75,133.71,13.03,127,71.08,0
2027-01-11 21:00:00,Hostel A,34.39,57.31,361,102.36,670.48,31.58,59.76,92,52.87,0
2027-01-11 22:00:00,Computer Science Block,22.17,60.14,71,78.33,807.79,111.55,77.2,104,80.88,0
2027-01-11 23:00:00,Admin Block,25.5,66.53,316,90.98,1035.83,92.61,52.15,120,73.41,0
2027-01-12 00:00:00,Auditorium,29.92,59.48,495,170.46,923.45,54.02,35.31,40,34.87,0
2027-01-12 01:00:00,Computer Science Block,24.59,46.38,194,123.95,696.82,91.52,54.87,85,37.56,0
2027-01-12 02:00:00,Engineering Block,29.06,65.76,476,170.74,701.78,46.71,40.45,174,37.09,0
2027-01-12 03:00:00,Auditorium,28.96,64.99,362,101.06,1050.5,91.61,36.66,190,52.32,0
2027-01-12 04:00:00,Admin Block,27.25,62.06,218,69.31,617.77,106.86,50.24,116,70.53,0
2027-01-12 05:00:00,Library,31.33,70.75,107,110.44,759.36,75.3,65.26,243,95.18,0
2027-01-12 06:00:00,Hostel A,27.09,60.3,190,177.55,643.93,71.9,62.08,102,76.79,0
2027-01-12 07:00:00,Auditorium,28.93,71.11,56,38.65,982.55,57.92,19.74,146,79.6,0
2027-01-12 08:00:00,Hostel A,32.59,74.07,142,105.250116702259,1603.126467487614,169.50319120223864,29.64,159,36.79,1
2027-01-12 09:00:00,Computer Science Block,31.16,65.82,220,109.62,226.13,84.38,10.63,59,37.38,0
2027-01-12 10:00:00,Hostel B,31.14,52.52,83,156.97,589.26,70.27,49.43,181,39.68,0
2027-01-12 11:00:00,Admin Block,23.4,58.69,474,83.54,762.57,115.7,79.31,121,70.79,0
2027-01-12 12:00:00,Library,30.1,72.39,207,126.0,1073.21,110.32,47.28,157,82.03,0
2027-01-12 13:00:00,Admin Block,24.49,45.02,234,117.97,496.63,79.94,99.94,204,85.39,0
2027-01-12 14:00:00,Hostel A,22.87,56.08,428,161.83,1035.53,82.0,77.53,76,44.74,0
2027-01-12 15:00:00,Admin Block,27.71,56.57,394,201.01,1217.09,106.36,43.74,178,80.58,0
2027-01-12 16:00:00,Library,24.38,51.35,262,92.45,874.3,79.78,97.59,105,52.61,0
2027-01-12 17:00:00,Hostel B,31.16,68.73,169,107.53,949.6,44.37,67.66,216,69.04,0
2027-01-12 18:00:00,Computer Science Block,31.26,63.77,446,117.65,837.41,84.45,92.75,46,65.72,0
2027-01-12 19:00:00,Engineering Block,20.39,52.89,143,91.34,463.38,97.17,17.86,129,35.11,0
2027-01-12 20:00:00,Admin Block,24.69,66.06,474,182.01,728.74,110.99,60.18,86,88.87,0
2027-01-12 21:00:00,Auditorium,22.16,58.42,217,142.8280416840046,2276.437067901563,199.72358702535354,91.76,196,81.42,1
2027-01-12 22:00:00,Engineering Block,26.15,51.1,55,163.98,1060.21,129.77,68.57,37,77.38,0
2027-01-12 23:00:00,Hostel A,29.82,52.87,321,105.02,1024.71,72.23,98.94,198,53.81,0
2027-01-13 00:00:00,Computer Science Block,27.03,64.36,297,117.84,812.13,80.84,99.62,43,99.43,0
2027-01-13 01:00:00,Laboratory,25.64,69.39,54,124.26,1016.3,37.57,81.28,138,34.4,0
2027-01-13 02:00:00,Computer Science Block,33.2,55.13,132,103.15,864.12,62.56,35.09,139,51.17,0
2027-01-13 03:00:00,Admin Block,18.78,65.44,194,147.26,422.73,37.45,86.82,51,39.22,0
2027-01-13 04:00:00,Auditorium,32.95,75.82,52,134.98,628.91,117.45,73.32,110,46.49,0
2027-01-13 05:00:00,Hostel B,25.82,47.41,232,173.61,692.51,79.85,19.57,178,61.24,0
2027-01-13 06:00:00,Computer Science Block,27.69,63.56,222,142.34,534.35,84.14,44.89,71,72.9,0
2027-01-13 07:00:00,Admin Block,25.89,68.31,416,78.05,828.24,99.72,88.71,57,36.86,0
2027-01-13 08:00:00,Admin Block,34.17,59.05,273,114.66,1035.98,80.54,73.7,167,70.67,0
2027-01-13 09:00:00,Engineering Block,23.08,72.38,75,175.34,1309.31,83.94,48.46,109,84.49,0
2027-01-13 10:00:00,Computer Science Block,28.05,81.99,342,100.07,690.99,71.11,65.17,227,94.38,0
2027-01-13 11:00:00,Admin Block,30.11,63.43,32,172.0,695.76,87.54,94.31,67,44.61,0
2027-01-13 12:00:00,Engineering Block,21.56,57.66,69,145.26,1080.72,111.92,63.79,236,92.45,0
2027-01-13 13:00:00,Auditorium,24.32,69.77,267,148.12,688.45,127.24,30.49,171,90.97,0
2027-01-13 14:00:00,Library,27.41,68.42,252,45.16,1130.38,62.62,70.24,122,49.73,0
2027-01-13 15:00:00,Auditorium,24.45,34.81,460,134.72,856.18,106.16,33.96,146,78.12,0
2027-01-13 16:00:00,Laboratory,24.74,59.97,47,192.77,768.93,46.85,65.71,232,78.55,0
2027-01-13 17:00:00,Engineering Block,26.6,56.05,123,89.52,793.19,46.83,68.01,24,96.32,0
2027-01-13 18:00:00,Engineering Block,30.6,63.97,373,175.68,1287.49,68.38,42.54,150,46.18,0
2027-01-13 19:00:00,Admin Block,26.63,58.06,115,126.46,834.34,66.81,76.66,96,36.48,0
2027-01-13 20:00:00,Hostel A,32.31,59.15,362,91.84,532.56,69.88,36.36,127,69.17,0
2027-01-13 21:00:00,Hostel A,24.01,51.37,363,110.01,1308.98,71.36,11.33,115,48.0,0
2027-01-13 22:00:00,Hostel B,22.99,67.35,212,60.22,1046.81,93.76,41.56,42,46.51,0
2027-01-13 23:00:00,Hostel A,35.71,76.55,427,121.39,905.04,113.94,87.61,170,94.62,0
2027-01-14 00:00:00,Engineering Block,25.37,51.52,470,134.42,124.77,125.82,61.92,102,80.62,0
2027-01-14 01:00:00,Hostel B,22.76,46.03,144,202.77,689.48,97.98,86.44,155,76.89,0
2027-01-14 02:00:00,Auditorium,21.03,60.2,100,133.52,831.13,111.81,21.57,193,96.65,0
2027-01-14 03:00:00,Admin Block,32.3,59.71,26,170.08,521.04,58.56,27.37,190,34.83,0
2027-01-14 04:00:00,Auditorium,26.63,71.71,349,85.04,730.95,100.28,24.82,36,71.1,0
2027-01-14 05:00:00,Computer Science Block,26.99,47.71,102,113.63,591.93,65.54,80.66,83,64.12,0
2027-01-14 06:00:00,Laboratory,27.36,54.62,43,131.14,927.94,109.03,65.1,120,51.15,0
2027-01-14 07:00:00,Laboratory,32.05,38.52,412,89.85,1058.83,90.42,40.28,225,71.06,0
2027-01-14 08:00:00,Engineering Block,27.28,73.75,133,112.39,1041.97,87.4,80.26,234,86.02,0
2027-01-14 09:00:00,Engineering Block,37.38,62.51,34,154.02,1040.53,62.5,49.19,143,69.3,0
2027-01-14 10:00:00,Hostel B,28.54,55.37,132,205.13,684.36,64.9,65.4,116,42.17,0
2027-01-14 11:00:00,Admin Block,32.25,46.78,459,148.74,1280.28,42.41,86.92,212,69.46,0
2027-01-14 12:00:00,Library,31.22,47.7,397,95.23,916.92,64.94,48.27,128,43.75,0
2027-01-14 13:00:00,Engineering Block,27.85,64.14,361,118.72,358.35,61.14,77.71,48,40.58,0
2027-01-14 14:00:00,Library,25.65,48.93,269,83.32,990.87,60.24,60.91,234,68.28,0
2027-01-14 15:00:00,Auditorium,29.33,61.04,164,129.01,646.22,70.2,91.69,43,37.43,0
2027-01-14 16:00:00,Library,30.04,80.43,38,172.08,789.33,134.11,50.99,48,56.33,0
2027-01-14 17:00:00,Hostel A,25.71,56.52,28,130.55,916.0,119.52,36.88,119,75.49,0
2027-01-14 18:00:00,Admin Block,28.67,50.39,339,296.27894462608265,1767.0049679037068,188.17792370525737,34.25,227,70.82,1
2027-01-14 19:00:00,Laboratory,32.94,63.82,204,117.63,1116.04,66.98,27.17,73,63.86,0
2027-01-14 20:00:00,Laboratory,36.28,47.74,57,126.78,899.55,80.83,42.09,121,47.01,0
2027-01-14 21:00:00,Library,31.42,77.2,230,178.33,1181.67,69.78,49.09,8,51.03,0
2027-01-14 22:00:00,Laboratory,35.45,74.04,411,146.96,747.29,50.05,22.2,222,45.39,0
2027-01-14 23:00:00,Auditorium,25.48,58.36,153,83.88,1118.94,79.98,76.22,114,66.78,0
2027-01-15 00:00:00,Admin Block,30.81,51.03,452,99.24,527.51,86.47,94.41,128,92.14,0
2027-01-15 01:00:00,Hostel A,33.35,55.74,121,162.81,524.72,107.57,47.07,206,89.0,0
2027-01-15 02:00:00,Admin Block,24.41,57.04,448,134.27,974.19,82.97,93.27,223,85.99,0
2027-01-15 03:00:00,Engineering Block,26.06,63.84,168,55.94,546.16,20.1,47.98,11,49.87,0
2027-01-15 04:00:00,Library,34.95,70.4,112,156.95,1072.37,58.72,29.82,201,62.99,0
2027-01-15 05:00:00,Admin Block,24.1,49.63,309,105.2,949.85,66.3,87.32,103,57.42,0
2027-01-15 06:00:00,Auditorium,22.64,70.11,159,95.38,1104.14,38.38,91.14,56,66.88,0
2027-01-15 07:00:00,Laboratory,34.11,66.18,314,156.52,1026.59,65.92,67.48,166,61.15,0
2027-01-15 08:00:00,Computer Science Block,32.79,54.92,371,154.35,1130.89,102.83,93.03,32,61.98,0
2027-01-15 09:00:00,Admin Block,29.73,49.13,281,116.21,1119.18,66.46,41.38,231,34.78,0
2027-01-15 10:00:00,Library,27.82,61.16,100,135.31,908.48,98.65,38.69,9,44.09,0
2027-01-15 11:00:00,Hostel A,26.25,49.4,51,98.76,829.98,82.03,86.94,147,56.31,0
2027-01-15 12:00:00,Laboratory,29.13,70.24,207,94.08,1130.79,102.64,35.28,165,46.36,0
2027-01-15 13:00:00,Hostel A,34.32,48.76,155,107.52,1297.25,44.02,87.96,224,91.28,0
2027-01-15 14:00:00,Library,28.95,65.48,185,107.78,785.34,91.7,31.45,52,93.13,0
2027-01-15 15:00:00,Laboratory,36.67,59.19,496,99.08,1134.02,62.54,72.54,32,78.37,0
2027-01-15 16:00:00,Engineering Block,24.41,54.39,498,150.83,795.55,112.4,83.65,88,96.74,0
2027-01-15 17:00:00,Laboratory,27.92,58.97,166,123.63,765.41,47.98,88.13,32,37.67,0
2027-01-15 18:00:00,Engineering Block,26.51,70.8,264,86.37,1003.26,107.37,96.86,121,54.26,0
2027-01-15 19:00:00,Hostel A,23.66,48.08,202,97.97,1053.69,80.09,37.04,83,98.91,0
2027-01-15 20:00:00,Hostel A,27.39,55.88,28,77.28,997.47,88.29,58.98,217,75.62,0
2027-01-15 21:00:00,Library,29.67,52.48,455,117.34,890.98,83.21,96.08,124,96.86,0
2027-01-15 22:00:00,Engineering Block,30.1,59.61,175,378.5098375669756,1521.8424224539795,50.99183812884097,10.93,167,44.8,1
2027-01-15 23:00:00,Hostel A,36.68,53.15,337,130.36,529.85,96.11,65.38,68,61.66,0
2027-01-16 00:00:00,Engineering Block,29.86,42.32,195,123.6,881.31,75.25,23.46,109,48.05,0
2027-01-16 01:00:00,Hostel A,32.6,49.45,133,135.5666435815141,1799.662246065347,209.14173804273307,49.62,200,93.41,1
2027-01-16 02:00:00,Laboratory,28.26,76.38,262,167.91,1140.51,94.41,17.56,31,74.81,0
2027-01-16 03:00:00,Admin Block,34.71,62.47,186,121.61,701.16,102.48,40.28,177,77.57,0
2027-01-16 04:00:00,Auditorium,37.59,62.12,456,123.63,1002.94,75.7,72.25,14,72.29,0
2027-01-16 05:00:00,Computer Science Block,30.12,57.17,242,79.81,975.52,93.96,83.05,18,85.5,0
2027-01-16 06:00:00,Auditorium,24.03,59.48,210,115.78,1274.53,98.83,60.52,179,65.66,0
2027-01-16 07:00:00,Laboratory,25.8,55.7,294,87.97,1085.9,106.33,49.26,81,90.74,0
2027-01-16 08:00:00,Hostel B,29.13,65.27,308,96.28,937.15,101.71,40.83,185,32.91,0
2027-01-16 09:00:00,Auditorium,29.83,61.01,83,60.42,1025.22,110.22,91.62,70,85.92,0
2027-01-16 10:00:00,Admin Block,30.79,48.29,301,51.95,681.93,61.29,27.78,182,31.24,0
2027-01-16 11:00:00,Hostel B,29.84,62.54,192,195.56,927.87,78.14,71.57,47,53.1,0
2027-01-16 12:00:00,Hostel A,28.03,35.41,276,127.0,1364.24,70.46,22.67,173,61.67,0
2027-01-16 13:00:00,Computer Science Block,25.46,64.14,222,160.08,870.31,90.03,90.97,45,68.74,0
2027-01-16 14:00:00,Computer Science Block,29.6,45.91,469,109.93,759.02,74.63,35.68,51,93.26,0
2027-01-16 15:00:00,Hostel A,35.42,59.04,438,113.8,1172.24,62.05,43.42,49,92.99,0
2027-01-16 16:00:00,Hostel A,32.08,48.05,96,82.96,770.56,66.98,26.48,246,87.49,0
2027-01-16 17:00:00,Engineering Block,30.14,60.03,122,141.32,627.1,76.97,94.07,97,98.86,0
2027-01-16 18:00:00,Hostel A,32.12,65.78,245,146.13,1238.61,73.75,89.89,69,50.88,0
2027-01-16 19:00:00,Library,26.52,75.03,245,138.33,741.22,56.64,52.59,21,81.74,0
2027-01-16 20:00:00,Auditorium,25.97,44.59,246,120.09,836.88,79.63,12.71,176,34.45,0
2027-01-16 21:00:00,Hostel A,25.01,69.75,115,130.45,794.84,82.94,91.41,61,52.36,0
2027-01-16 22:00:00,Library,27.5,61.31,448,104.84,1331.93,63.54,96.64,224,52.67,0
2027-01-16 23:00:00,Hostel A,26.31,55.49,95,156.35,348.83,66.92,16.3,249,48.29,0
2027-01-17 00:00:00,Engineering Block,32.83,67.6,52,163.50488424561252,1585.090185048463,204.37529773300255,64.78,215,98.35,1
2027-01-17 01:00:00,Library,26.1,57.64,101,92.11,536.51,38.43,96.02,37,96.12,0
2027-01-17 02:00:00,Auditorium,24.79,67.18,88,112.19,1120.55,82.84,72.69,67,57.52,0
2027-01-17 03:00:00,Admin Block,35.77,50.08,358,75.84,716.32,122.24,56.46,200,56.0,0
2027-01-17 04:00:00,Library,26.19,53.67,434,66.3,784.51,72.73,40.78,247,64.12,0
2027-01-17 05:00:00,Laboratory,28.61,69.44,238,112.3,789.4,101.45,76.6,185,59.93,0
2027-01-17 06:00:00,Engineering Block,29.81,74.85,467,104.73,875.82,40.07,98.89,158,51.14,0
2027-01-17 07:00:00,Hostel B,23.45,59.65,381,114.41,616.61,35.18,67.53,92,48.43,0
2027-01-17 08:00:00,Auditorium,32.94,32.13,377,120.46,1118.62,79.53,55.43,75,95.14,0
2027-01-17 09:00:00,Library,30.55,58.01,389,141.21,699.06,57.96,25.11,175,44.04,0
2027-01-17 10:00:00,Laboratory,34.23,60.32,418,123.48,746.23,95.51,87.51,185,57.84,0
2027-01-17 11:00:00,Laboratory,25.28,57.67,321,181.01,598.86,89.05,44.54,94,78.41,0
2027-01-17 12:00:00,Auditorium,28.4,63.36,139,126.83,1106.43,125.11,79.24,212,98.12,0
2027-01-17 13:00:00,Auditorium,28.16,55.23,67,174.13,806.17,97.54,41.3,18,79.68,0
2027-01-17 14:00:00,Laboratory,29.06,68.39,87,156.75,1236.81,75.88,20.88,183,68.06,0
2027-01-17 15:00:00,Hostel A,22.18,48.33,358,160.08,100.0,93.01,70.18,129,62.45,0
2027-01-17 16:00:00,Laboratory,28.44,72.37,104,65.72,1053.86,77.28,59.11,169,75.14,0
2027-01-17 17:00:00,Hostel A,22.29,75.5,401,126.76,553.21,47.13,23.57,208,78.05,0
2027-01-17 18:00:00,Hostel B,29.43,50.87,443,133.22,668.37,99.0,84.66,49,99.5,0
2027-01-17 19:00:00,Engineering Block,19.49,50.86,396,109.82,849.22,93.56,37.23,127,54.45,0
2027-01-17 20:00:00,Computer Science Block,20.59,64.11,404,125.55,1016.91,62.33,49.86,143,44.87,0
2027-01-17 21:00:00,Hostel A,31.27,48.13,295,84.45,1556.33,118.86,54.7,69,59.76,0
2027-01-17 22:00:00,Laboratory,25.81,55.07,275,170.29,663.78,62.9,32.17,167,47.24,0
2027-01-17 23:00:00,Laboratory,24.05,71.03,425,120.43,684.18,125.56,55.18,164,33.23,0
2027-01-18 00:00:00,Admin Block,33.08,67.38,457,134.26,691.99,77.24,16.1,182,97.71,0
2027-01-18 01:00:00,Laboratory,29.31,79.8,224,92.25,752.17,38.56,26.83,37,34.28,0
2027-01-18 02:00:00,Engineering Block,31.49,61.71,252,175.0,1110.74,127.02,34.81,73,63.7,0
2027-01-18 03:00:00,Library,27.34,53.89,84,259.4031176842514,1542.0546192377967,190.757094179271,42.34,37,63.46,1
2027-01-18 04:00:00,Library,38.72,60.51,418,156.58,1264.22,104.16,32.4,70,42.98,0
2027-01-18 05:00:00,Laboratory,25.58,58.49,336,190.9,1192.06,20.0,52.37,37,70.43,0
2027-01-18 06:00:00,Admin Block,34.98,58.63,98,112.59,1025.04,26.94,69.33,156,87.71,0
2027-01-18 07:00:00,Hostel A,27.75,59.76,33,140.88,763.93,105.7,41.07,236,91.35,0
2027-01-18 08:00:00,Engineering Block,21.38,50.68,344,138.29,398.88,106.84,13.37,145,55.61,0
2027-01-18 09:00:00,Admin Block,29.93,62.82,397,217.11281531670429,1247.9003206194905,79.69797444603772,67.04,229,43.59,1
2027-01-18 10:00:00,Hostel A,29.26,45.91,324,133.48,660.69,91.08,89.18,11,65.49,0
2027-01-18 11:00:00,Engineering Block,23.79,52.83,409,92.23,834.49,78.64,21.21,39,38.52,0
2027-01-18 12:00:00,Laboratory,24.31,58.81,188,119.11,770.86,50.01,26.66,23,89.52,0
2027-01-18 13:00:00,Library,27.9,37.4,178,63.43,756.17,67.74,12.67,102,62.22,0
2027-01-18 14:00:00,Engineering Block,29.4,67.69,135,92.49,846.84,126.63,29.67,166,92.28,0
2027-01-18 15:00:00,Laboratory,18.12,39.47,365,55.92,413.13,58.2,36.61,158,32.64,0
2027-01-18 16:00:00,Hostel B,32.21,66.7,211,173.05,724.59,36.53,51.04,202,89.21,0
2027-01-18 17:00:00,Computer Science Block,26.02,47.07,364,143.28,1167.32,68.2,72.97,57,48.17,0
2027-01-18 18:00:00,Engineering Block,22.67,55.95,454,103.61,1102.13,20.0,48.96,186,96.89,0
2027-01-18 19:00:00,Computer Science Block,31.76,65.19,462,93.66,845.04,73.3,42.84,222,35.4,0
2027-01-18 20:00:00,Engineering Block,27.91,81.98,202,160.34,435.17,39.03,71.54,103,88.7,0
2027-01-18 21:00:00,Computer Science Block,32.86,61.16,392,182.26,775.01,52.93,68.04,155,67.37,0
2027-01-18 22:00:00,Hostel B,29.75,40.17,397,147.58,714.18,86.27,48.16,195,43.59,0
2027-01-18 23:00:00,Library,27.99,69.54,452,166.49,894.1,42.49,40.48,223,60.18,0
2027-01-19 00:00:00,Auditorium,27.39,57.68,250,119.67,888.7,54.3,44.19,14,51.25,0
2027-01-19 01:00:00,Hostel A,29.93,60.7,187,47.27,973.59,118.58,46.43,40,46.68,0
2027-01-19 02:00:00,Computer Science Block,26.35,65.58,34,116.32,501.52,83.87,18.08,226,73.51,0
2027-01-19 03:00:00,Hostel B,24.59,37.75,473,124.51,379.68,86.72,26.36,230,77.28,0
2027-01-19 04:00:00,Computer Science Block,30.44,60.07,212,157.22,740.85,95.93,69.08,107,37.45,0
2027-01-19 05:00:00,Library,27.42,55.9,252,106.58,588.9,80.49,93.82,248,80.77,0
2027-01-19 06:00:00,Computer Science Block,28.13,72.22,282,79.63,898.0,104.42,17.6,165,63.81,0
2027-01-19 07:00:00,Hostel B,32.36,67.27,465,57.54,866.57,94.86,20.89,205,67.11,0
2027-01-19 08:00:00,Laboratory,27.54,43.73,73,143.1,537.92,53.57,18.88,191,82.06,0
2027-01-19 09:00:00,Hostel B,28.06,72.63,199,109.55,920.8,90.1,32.98,69,60.23,0
2027-01-19 10:00:00,Auditorium,25.6,64.5,454,81.21,1022.91,41.14,81.33,131,71.55,0
2027-01-19 11:00:00,Auditorium,29.72,44.53,23,141.76,1251.84,20.0,85.23,165,65.91,0
2027-01-19 12:00:00,Auditorium,29.4,60.56,276,147.82,566.37,112.65,90.26,123,38.31,0
2027-01-19 13:00:00,Admin Block,31.6,70.35,380,112.97,799.02,76.26,80.56,75,59.94,0
2027-01-19 14:00:00,Library,25.68,47.86,341,155.21,700.79,107.57,51.3,205,88.53,0
2027-01-19 15:00:00,Laboratory,26.17,73.78,259,142.8,1323.93,79.21,61.15,193,32.1,0
2027-01-19 16:00:00,Admin Block,31.17,44.87,182,115.05,410.45,96.05,71.63,249,32.35,0
2027-01-19 17:00:00,Library,29.01,52.09,480,112.45,1037.24,110.82,32.29,148,95.04,0
2027-01-19 18:00:00,Laboratory,24.38,50.57,356,108.26,747.37,43.32,59.06,226,87.41,0
2027-01-19 19:00:00,Computer Science Block,33.23,73.77,157,120.0,597.79,90.68,56.33,214,30.25,0
2027-01-19 20:00:00,Laboratory,21.21,55.09,470,172.43,800.03,97.16,79.01,196,95.42,0
2027-01-19 21:00:00,Hostel B,31.14,48.37,343,161.54,901.69,95.11,31.08,192,50.84,0
2027-01-19 22:00:00,Admin Block,22.94,64.45,492,138.08,381.84,41.93,92.81,220,61.53,0
2027-01-19 23:00:00,Computer Science Block,35.54,66.61,248,183.73,783.46,78.56,44.82,119,46.48,0
2027-01-20 00:00:00,Hostel B,21.82,66.68,121,159.98,771.34,98.13,54.47,18,42.38,0
2027-01-20 01:00:00,Library,32.61,57.29,496,114.65,452.91,95.71,40.15,178,38.6,0
2027-01-20 02:00:00,Laboratory,27.67,62.55,212,140.02,1056.65,124.29,20.4,225,78.78,0
2027-01-20 03:00:00,Hostel B,26.53,53.5,326,167.63,597.21,95.08,25.98,169,30.98,0
2027-01-20 04:00:00,Computer Science Block,28.74,76.75,49,123.1,1165.1,61.47,99.12,234,57.22,0
2027-01-20 05:00:00,Admin Block,30.53,71.44,314,112.74,705.1,104.33,41.48,215,61.81,0
2027-01-20 06:00:00,Admin Block,24.38,70.83,266,183.81,312.65,104.65,20.4,138,50.5,0
2027-01-20 07:00:00,Auditorium,24.74,67.94,413,139.18,1226.51,54.25,50.07,73,47.52,0
2027-01-20 08:00:00,Laboratory,30.6,65.2,240,156.6,538.12,144.51,22.35,15,73.02,0
2027-01-20 09:00:00,Hostel B,21.17,47.56,191,95.08,698.4,144.97,65.34,203,87.98,0
2027-01-20 10:00:00,Auditorium,25.66,66.33,179,151.84,670.22,65.57,12.17,142,65.39,0
2027-01-20 11:00:00,Computer Science Block,40.16,61.14,191,113.38,712.54,42.4,60.45,150,79.82,0
2027-01-20 12:00:00,Auditorium,24.13,72.63,82,118.68,889.79,51.44,71.81,108,81.18,0
2027-01-20 13:00:00,Engineering Block,32.59,68.07,80,86.28,1139.84,48.11,17.26,229,93.51,0
2027-01-20 14:00:00,Library,25.66,65.5,84,112.13,344.99,43.71,23.31,211,81.35,0
2027-01-20 15:00:00,Auditorium,30.04,43.16,188,70.25,801.35,63.47,79.71,127,48.96,0
2027-01-20 16:00:00,Library,30.62,59.11,100,159.63,1108.0,49.66,47.89,207,43.29,0
2027-01-20 17:00:00,Computer Science Block,32.52,54.42,266,181.49301318533543,1658.6192644624975,211.96620198387194,18.3,86,93.57,1
2027-01-20 18:00:00,Engineering Block,27.2,62.52,287,132.02,923.68,36.84,87.61,225,83.66,0
2027-01-20 19:00:00,Admin Block,35.96,55.84,399,79.47,1114.76,88.02,76.32,135,73.77,0
2027-01-20 20:00:00,Laboratory,25.64,57.24,277,137.11,466.68,71.62,26.84,34,96.38,0
2027-01-20 21:00:00,Hostel A,28.94,64.59,92,31.5,891.88,90.3,41.25,55,77.12,0
2027-01-20 22:00:00,Hostel A,28.98,55.68,351,88.39,1054.31,76.86,61.12,145,74.47,0
2027-01-20 23:00:00,Laboratory,23.51,61.22,207,167.43,961.56,83.69,11.94,94,90.82,0
2027-01-21 00:00:00,Computer Science Block,26.86,44.81,44,96.89,701.23,111.57,54.08,151,85.18,0
2027-01-21 01:00:00,Engineering Block,28.65,51.68,247,112.74,401.55,65.31,40.65,15,50.74,0
2027-01-21 02:00:00,Engineering Block,26.27,66.56,137,44.23,922.55,39.93,93.33,73,64.96,0
2027-01-21 03:00:00,Library,37.76,47.7,464,167.37,707.16,78.88,30.33,29,76.04,0
2027-01-21 04:00:00,Admin Block,24.65,72.46,127,111.01,998.61,59.18,45.87,97,46.51,0
2027-01-21 05:00:00,Hostel B,32.72,69.74,261,166.2,650.9,89.14,24.61,26,74.75,0
2027-01-21 06:00:00,Auditorium,31.43,57.32,118,95.95,1194.81,62.54,21.55,177,81.62,0
2027-01-21 07:00:00,Engineering Block,27.94,89.99,41,68.17,1108.4,59.56,35.18,221,48.53,0
2027-01-21 08:00:00,Laboratory,24.54,72.43,75,169.45,536.07,113.44,83.46,164,48.88,0
2027-01-21 09:00:00,Hostel B,24.93,50.51,168,133.8,1262.57,134.06,43.99,167,99.54,0
2027-01-21 10:00:00,Hostel A,25.93,67.46,330,123.66,515.23,56.82,26.79,61,55.6,0
2027-01-21 11:00:00,Hostel B,20.86,60.66,59,98.92,1001.64,81.13,11.52,184,31.99,0
2027-01-21 12:00:00,Admin Block,23.99,52.23,454,389.1076136125107,1344.8900018981083,134.1309859392338,59.34,59,41.9,1
2027-01-21 13:00:00,Laboratory,22.07,49.3,169,55.51,817.41,88.44,54.55,196,82.78,0
2027-01-21 14:00:00,Admin Block,33.38,69.95,431,148.07,1123.22,70.91,28.96,213,77.16,0
2027-01-21 15:00:00,Hostel B,30.47,54.02,140,78.18,940.46,97.09,42.7,94,88.44,0
2027-01-21 16:00:00,Auditorium,31.14,58.98,279,136.08,537.05,54.11,35.96,135,76.08,0
2027-01-21 17:00:00,Computer Science Block,30.36,50.79,45,189.73,719.43,111.02,74.06,40,72.54,0
2027-01-21 18:00:00,Engineering Block,28.67,52.52,490,118.6,969.17,76.14,43.09,64,80.13,0
2027-01-21 19:00:00,Laboratory,33.84,58.73,131,116.98,1117.84,125.04,52.27,124,93.08,0
2027-01-21 20:00:00,Computer Science Block,25.56,63.88,388,101.96,1062.31,125.2,99.04,229,80.46,0
2027-01-21 21:00:00,Hostel B,28.43,34.12,463,114.49,797.66,85.59,90.58,163,37.5,0
2027-01-21 22:00:00,Engineering Block,30.99,60.17,42,104.5,761.21,69.93,69.23,11,85.7,0
2027-01-21 23:00:00,Library,22.72,52.54,188,120.77,1350.15,64.21,53.44,88,98.81,0
2027-01-22 00:00:00,Computer Science Block,40.39,74.02,333,109.99,1075.26,90.81,41.69,242,30.2,0
2027-01-22 01:00:00,Computer Science Block,28.11,89.43,283,114.08,801.29,92.71,94.88,111,64.42,0
2027-01-22 02:00:00,Hostel B,28.57,56.41,135,100.32,858.55,69.85,92.13,87,32.54,0
2027-01-22 03:00:00,Hostel A,33.03,42.78,499,115.59,587.09,57.67,24.85,49,96.86,0
2027-01-22 04:00:00,Hostel B,31.66,61.17,326,118.64,765.01,52.69,32.69,44,97.09,0
2027-01-22 05:00:00,Computer Science Block,28.15,57.95,250,178.18,704.58,108.64,45.14,73,74.1,0
2027-01-22 06:00:00,Engineering Block,28.52,79.71,208,175.73,755.32,50.22,51.16,122,65.45,0
2027-01-22 07:00:00,Auditorium,21.98,76.67,276,131.44,1128.48,63.17,58.8,36,32.35,0
2027-01-22 08:00:00,Hostel A,25.77,68.65,139,104.45,530.7,82.53,13.48,246,97.65,0
2027-01-22 09:00:00,Hostel B,30.07,54.13,305,132.16,801.89,101.81,16.13,178,97.98,0
2027-01-22 10:00:00,Auditorium,29.78,66.78,495,91.37,613.39,87.01,52.25,149,82.03,0
2027-01-22 11:00:00,Laboratory,32.88,62.65,292,100.61,913.76,50.99,92.64,240,32.02,0
2027-01-22 12:00:00,Hostel B,27.52,62.41,426,121.95,1187.76,67.59,76.82,187,85.73,0
2027-01-22 13:00:00,Computer Science Block,22.45,44.42,377,96.78,1028.26,61.48,58.87,140,69.34,0
2027-01-22 14:00:00,Auditorium,32.23,70.62,397,97.47,905.74,106.21,12.56,103,98.01,0
2027-01-22 15:00:00,Computer Science Block,33.74,61.08,171,103.71,1102.58,99.91,16.15,138,77.75,0
2027-01-22 16:00:00,Library,31.59,58.99,105,200.01,1075.15,49.5,66.7,67,96.91,0
2027-01-22 17:00:00,Auditorium,27.35,54.0,344,126.06,742.41,73.87,27.26,48,37.29,0
2027-01-22 18:00:00,Auditorium,32.18,52.06,364,59.46,422.69,85.0,61.83,245,82.91,0
2027-01-22 19:00:00,Hostel B,41.72,63.17,455,126.83,1141.04,43.58,50.82,200,91.79,0
2027-01-22 20:00:00,Computer Science Block,28.46,42.51,346,136.0,556.05,105.56,26.61,38,74.52,0
2027-01-22 21:00:00,Laboratory,22.75,67.89,265,117.88,559.21,86.17,51.9,5,67.89,0
2027-01-22 22:00:00,Admin Block,25.65,49.46,333,141.33,783.33,97.72,89.81,96,84.26,0
2027-01-22 23:00:00,Hostel A,30.5,39.41,425,100.06,704.36,43.32,30.22,119,89.85,0
2027-01-23 00:00:00,Admin Block,21.58,78.22,334,114.92,556.24,79.83,96.12,223,73.63,0
2027-01-23 01:00:00,Hostel A,28.68,51.42,447,116.93,828.31,76.99,30.63,246,81.45,0
2027-01-23 02:00:00,Laboratory,29.52,52.78,312,95.92,776.66,56.34,51.09,217,57.99,0
2027-01-23 03:00:00,Auditorium,34.14,71.35,181,86.77,970.95,73.65,75.07,221,54.36,0
2027-01-23 04:00:00,Auditorium,33.24,78.54,119,122.71,853.52,102.65,79.7,220,44.28,0
2027-01-23 05:00:00,Hostel B,31.46,44.67,388,128.03,930.4,57.29,37.92,32,73.76,0
2027-01-23 06:00:00,Library,19.35,50.44,204,21.91,812.19,79.95,11.48,198,87.25,0
2027-01-23 07:00:00,Computer Science Block,31.68,51.17,460,101.97,933.08,117.97,66.33,75,76.44,0
2027-01-23 08:00:00,Computer Science Block,30.82,69.35,443,110.06,746.26,37.97,39.0,79,57.47,0
2027-01-23 09:00:00,Computer Science Block,29.02,76.39,295,243.48864895292317,1611.7752663344454,136.65057467805184,56.91,98,99.11,1
2027-01-23 10:00:00,Hostel B,21.08,49.2,36,148.73,637.07,63.57,15.82,112,30.43,0
2027-01-23 11:00:00,Hostel A,24.89,74.15,455,109.08,631.7,93.17,45.2,215,51.69,0
2027-01-23 12:00:00,Auditorium,23.33,52.91,279,140.34,862.23,73.81,66.8,10,97.77,0
2027-01-23 13:00:00,Laboratory,19.94,63.36,466,71.81,1307.85,104.56,17.49,192,56.98,0
2027-01-23 14:00:00,Computer Science Block,27.99,47.29,264,166.93,956.92,91.67,52.58,173,73.41,0
2027-01-23 15:00:00,Admin Block,24.81,58.78,325,118.22,727.38,85.16,49.33,84,46.78,0
2027-01-23 16:00:00,Computer Science Block,38.5,58.89,357,67.3,482.5,100.06,38.08,87,78.3,0
2027-01-23 17:00:00,Auditorium,27.32,56.85,495,140.85,1027.0,74.54,98.71,158,75.41,0
2027-01-23 18:00:00,Hostel B,33.18,63.85,69,110.72,1137.29,66.23,97.69,147,73.2,0
2027-01-23 19:00:00,Laboratory,21.72,49.93,291,184.27,978.08,84.53,54.07,38,56.32,0
2027-01-23 20:00:00,Library,25.88,51.16,254,175.88,964.07,70.1,26.96,18,96.94,0
2027-01-23 21:00:00,Laboratory,28.39,64.38,91,151.08,497.16,51.65,51.95,246,75.05,0
2027-01-23 22:00:00,Admin Block,24.37,73.42,336,20.0,881.32,53.4,86.31,201,36.5,0
2027-01-23 23:00:00,Computer Science Block,26.31,59.77,63,112.05,702.34,48.58,41.03,106,81.55,0
2027-01-24 00:00:00,Computer Science Block,27.13,65.04,421,164.42,1003.12,79.11,40.7,88,52.37,0
2027-01-24 01:00:00,Engineering Block,27.06,67.58,325,149.42,581.58,80.47,82.8,234,53.11,0
2027-01-24 02:00:00,Hostel A,35.42,68.31,496,87.72,832.09,39.23,66.53,120,45.81,0
2027-01-24 03:00:00,Admin Block,29.51,50.46,99,116.35,1037.37,106.4,46.48,16,75.36,0
2027-01-24 04:00:00,Engineering Block,29.92,52.23,305,140.8,669.65,107.82,56.68,41,96.91,0
2027-01-24 05:00:00,Laboratory,30.16,53.1,68,64.21,756.84,74.89,63.51,203,87.3,0
2027-01-24 06:00:00,Library,30.45,79.29,117,67.24,1067.5,101.89,24.51,230,94.69,0
2027-01-24 07:00:00,Hostel A,27.67,65.08,497,205.29,1290.78,68.86,52.94,164,95.15,0
2027-01-24 08:00:00,Admin Block,26.72,64.63,424,109.23,1030.61,40.91,57.08,141,30.11,0
2027-01-24 09:00:00,Computer Science Block,28.67,63.66,425,53.16,868.46,76.69,99.58,126,73.7,0
2027-01-24 10:00:00,Laboratory,32.63,46.79,450,157.03010041788414,1164.2129843374755,132.93758318176376,32.74,41,95.11,1
2027-01-24 11:00:00,Admin Block,32.5,79.38,44,131.38,793.01,86.46,32.31,132,68.6,0
2027-01-24 12:00:00,Computer Science Block,27.04,64.79,233,147.83,1014.61,97.6,78.48,141,77.61,0
2027-01-24 13:00:00,Auditorium,31.07,67.23,75,96.95,720.99,107.56,40.16,249,60.57,0
2027-01-24 14:00:00,Hostel A,27.22,42.34,274,78.11,736.24,55.24,15.06,151,89.63,0
2027-01-24 15:00:00,Auditorium,28.14,67.8,467,150.49,528.84,129.5,96.21,107,41.43,0
2027-01-24 16:00:00,Auditorium,26.11,56.44,175,86.93,1354.75,56.33,13.74,208,36.45,0
2027-01-24 17:00:00,Computer Science Block,27.27,46.77,180,111.14,1091.95,80.09,92.74,68,56.08,0
2027-01-24 18:00:00,Library,33.37,50.46,213,143.5,750.6,90.27,83.15,12,35.52,0
2027-01-24 19:00:00,Laboratory,28.37,47.35,23,102.99,1189.13,74.28,64.97,144,39.91,0
2027-01-24 20:00:00,Hostel B,28.54,47.18,483,190.22,947.53,27.68,89.34,41,41.02,0
2027-01-24 21:00:00,Computer Science Block,22.21,60.61,287,90.17,620.1,48.75,27.62,20,30.35,0
2027-01-24 22:00:00,Library,26.76,56.13,420,107.12,714.44,71.55,26.87,109,86.99,0
2027-01-24 23:00:00,Hostel B,27.03,63.34,55,106.16,598.1,85.25,49.94,135,92.47,0
2027-01-25 00:00:00,Laboratory,24.68,76.76,35,97.71,935.34,55.41,99.69,140,32.81,0
2027-01-25 01:00:00,Auditorium,28.09,58.7,426,157.97,1388.63,91.04,10.83,143,46.31,0
2027-01-25 02:00:00,Hostel A,26.28,37.55,475,107.81,848.42,89.78,22.79,86,53.88,0
2027-01-25 03:00:00,Hostel A,28.32,57.58,396,219.92,693.54,95.74,74.7,78,85.88,0
2027-01-25 04:00:00,Laboratory,28.49,71.93,156,123.55,808.19,78.43,33.25,229,46.33,0
2027-01-25 05:00:00,Laboratory,24.18,59.14,97,127.68,1275.01,70.56,59.9,147,57.95,0
2027-01-25 06:00:00,Admin Block,26.41,75.29,330,65.19,1038.05,91.29,74.28,27,98.16,0
2027-01-25 07:00:00,Library,28.31,64.53,92,99.75,891.52,76.55,85.65,238,87.94,0
2027-01-25 08:00:00,Auditorium,32.74,41.62,339,339.7097629440979,944.5625051483471,207.02521199145622,60.11,16,36.98,1
2027-01-25 09:00:00,Library,29.03,61.1,450,139.08,909.34,52.62,19.08,249,52.37,0
2027-01-25 10:00:00,Laboratory,25.35,62.97,264,82.84,667.92,118.6,72.45,224,70.39,0
2027-01-25 11:00:00,Engineering Block,29.6,70.8,365,103.87,1198.78,94.6,55.1,247,77.8,0
2027-01-25 12:00:00,Engineering Block,34.83,78.2,247,20.0,605.7,80.49,72.47,135,75.13,0
2027-01-25 13:00:00,Hostel B,31.67,69.08,214,92.32,641.34,84.46,15.15,65,35.91,0
2027-01-25 14:00:00,Hostel B,30.19,64.4,265,180.48,993.95,81.52,10.32,197,99.52,0
2027-01-25 15:00:00,Engineering Block,30.9,66.76,413,128.16,870.04,78.62,91.63,39,42.81,0
2027-01-25 16:00:00,Laboratory,33.76,58.32,108,159.28,648.11,111.45,61.16,133,42.3,0
2027-01-25 17:00:00,Laboratory,32.3,45.37,279,61.05,573.67,117.38,26.08,104,46.93,0
2027-01-25 18:00:00,Hostel B,30.27,60.41,305,123.35,1307.1,88.44,73.41,226,58.75,0
2027-01-25 19:00:00,Computer Science Block,32.27,63.65,158,115.9,828.47,94.03,73.66,226,52.46,0
2027-01-25 20:00:00,Laboratory,23.67,47.96,70,98.22,876.31,52.33,92.34,126,65.84,0
2027-01-25 21:00:00,Engineering Block,21.99,73.27,166,111.93,877.6,65.79,79.03,121,93.75,0
2027-01-25 22:00:00,Library,28.63,70.05,261,101.55,389.13,89.47,85.48,206,32.83,0
2027-01-25 23:00:00,Laboratory,28.27,46.28,416,79.19,1062.95,77.68,85.18,115,57.09,0
2027-01-26 00:00:00,Auditorium,25.82,73.66,460,124.71,692.94,89.4,36.43,237,99.01,0
2027-01-26 01:00:00,Laboratory,31.3,56.92,406,362.28941916091617,1084.6456601817517,92.57381245286453,56.97,18,47.36,1
2027-01-26 02:00:00,Computer Science Block,20.55,52.22,387,92.64,862.91,86.77,13.18,245,87.3,0
2027-01-26 03:00:00,Hostel B,25.86,70.79,353,94.25,319.68,131.54,13.85,220,57.44,0
2027-01-26 04:00:00,Laboratory,26.06,59.49,477,148.21,411.25,58.19,89.31,88,93.72,0
2027-01-26 05:00:00,Hostel A,21.45,78.99,441,121.71,1060.2,87.4,14.6,88,74.59,0
2027-01-26 06:00:00,Admin Block,33.98,51.47,251,107.79,1015.34,70.19,59.4,37,92.53,0
2027-01-26 07:00:00,Engineering Block,22.56,42.68,46,123.45,650.04,102.18,93.58,208,74.43,0
2027-01-26 08:00:00,Auditorium,25.65,57.2,363,192.16,1128.59,84.4,28.49,124,92.32,0
2027-01-26 09:00:00,Auditorium,31.63,67.89,227,160.24,1188.68,68.75,49.84,121,93.29,0
2027-01-26 10:00:00,Auditorium,30.58,50.73,157,180.33,511.98,61.5,68.29,183,50.97,0
2027-01-26 11:00:00,Hostel A,23.57,46.7,393,145.75,934.93,91.51,60.57,73,88.72,0
2027-01-26 12:00:00,Auditorium,30.73,62.29,456,93.31,718.71,70.15,42.73,91,88.8,0
2027-01-26 13:00:00,Auditorium,29.16,45.36,174,104.53,238.13,141.28,80.89,20,79.36,0
2027-01-26 14:00:00,Hostel B,37.33,63.07,26,93.53,519.5,84.59,46.85,45,46.88,0
2027-01-26 15:00:00,Library,29.62,56.59,134,141.8,940.35,92.15,44.75,114,37.55,0
2027-01-26 16:00:00,Admin Block,27.44,64.94,111,109.37,619.78,34.54,11.94,95,73.26,0
2027-01-26 17:00:00,Hostel A,24.57,46.16,365,90.82,1125.94,84.27,87.81,77,75.77,0
2027-01-26 18:00:00,Admin Block,25.02,72.98,101,116.02,896.3,39.52,99.95,18,97.92,0
2027-01-26 19:00:00,Engineering Block,24.7,58.17,32,71.02,1380.49,73.89,76.9,33,57.87,0
2027-01-26 20:00:00,Hostel B,33.48,67.64,91,155.31,448.31,102.23,97.39,146,80.59,0
2027-01-26 21:00:00,Laboratory,28.07,69.6,110,86.18,1276.49,122.14,54.6,99,91.54,0
2027-01-26 22:00:00,Library,30.26,48.43,207,151.94,1118.6,108.99,62.35,139,85.92,0
2027-01-26 23:00:00,Hostel B,34.06,68.82,417,136.31,809.93,83.87,89.62,237,58.3,0
2027-01-27 00:00:00,Admin Block,18.57,45.75,124,140.16,1212.12,112.08,57.16,176,46.76,0
2027-01-27 01:00:00,Hostel A,33.12,46.3,319,184.76990365955447,1598.2075144316625,215.15246531287607,16.43,13,32.24,1
2027-01-27 02:00:00,Engineering Block,28.22,79.64,473,122.32,1244.36,55.3,76.46,193,83.07,0
2027-01-27 03:00:00,Engineering Block,29.74,71.12,103,101.84,643.56,107.69,22.51,82,56.93,0
2027-01-27 04:00:00,Hostel B,24.69,80.74,47,58.68,891.24,61.22,40.87,192,65.13,0
2027-01-27 05:00:00,Laboratory,24.98,56.3,298,170.26,823.59,75.01,86.0,87,98.76,0
2027-01-27 06:00:00,Hostel A,29.96,61.02,31,116.67,527.68,90.65,34.99,57,30.33,0
2027-01-27 07:00:00,Laboratory,37.54,65.27,427,104.23,628.52,109.99,94.11,230,49.29,0
2027-01-27 08:00:00,Laboratory,32.01,59.88,326,168.09,904.48,74.47,83.37,78,98.68,0
2027-01-27 09:00:00,Auditorium,33.06,52.54,383,153.85,803.62,52.88,97.14,51,64.16,0
2027-01-27 10:00:00,Hostel A,27.23,51.04,169,235.63,929.27,36.17,19.44,148,95.64,0
2027-01-27 11:00:00,Admin Block,25.6,62.14,337,86.69,637.59,72.35,36.52,51,89.6,0
2027-01-27 12:00:00,Hostel B,24.88,49.33,45,100.07,592.2,115.49,81.21,169,79.82,0
2027-01-27 13:00:00,Hostel B,26.05,49.05,233,187.89,710.78,67.06,70.61,27,79.96,0
2027-01-27 14:00:00,Auditorium,19.79,63.94,333,90.03,911.82,108.05,78.75,233,30.32,0
2027-01-27 15:00:00,Computer Science Block,25.1,59.05,474,94.42,797.42,60.57,88.52,163,50.8,0
2027-01-27 16:00:00,Hostel B,25.76,69.37,418,117.16,742.87,82.31,34.5,62,60.86,0
2027-01-27 17:00:00,Engineering Block,27.3,55.75,259,177.7,1019.08,87.16,97.51,195,66.39,0
2027-01-27 18:00:00,Admin Block,28.53,54.19,241,196.71142591168305,1621.0640827533132,157.3570418259841,78.35,134,61.07,1
2027-01-27 19:00:00,Hostel A,29.45,64.24,87,199.72,963.2,53.28,95.31,90,60.55,0
2027-01-27 20:00:00,Hostel B,27.94,51.88,281,119.54,830.96,72.22,19.8,238,90.38,0
2027-01-27 21:00:00,Admin Block,25.67,53.42,130,166.95,671.44,107.86,60.21,129,97.87,0
2027-01-27 22:00:00,Auditorium,20.15,53.82,149,108.07,535.67,45.42,83.48,8,89.29,0
2027-01-27 23:00:00,Hostel B,25.7,57.9,178,85.87,769.1,97.05,18.03,101,78.38,0
2027-01-28 00:00:00,Hostel A,24.11,77.72,299,140.07,877.89,48.91,53.69,154,81.54,0
2027-01-28 01:00:00,Library,29.86,46.23,310,69.13,1067.68,75.77,81.79,189,81.61,0
2027-01-28 02:00:00,Hostel A,31.64,72.96,322,62.54,778.18,81.31,14.45,35,85.98,0
2027-01-28 03:00:00,Hostel A,31.75,67.38,50,144.74,554.32,63.06,74.58,208,33.91,0
2027-01-28 04:00:00,Hostel A,31.03,75.67,108,99.96,511.15,99.59,97.16,101,35.23,0
2027-01-28 05:00:00,Hostel B,27.47,91.37,475,71.77,901.39,83.86,15.05,58,36.82,0
2027-01-28 06:00:00,Computer Science Block,25.91,74.31,351,99.0,1049.72,95.54,92.61,128,93.78,0
2027-01-28 07:00:00,Hostel A,25.01,69.26,137,139.66,519.15,63.41,47.73,152,73.53,0
2027-01-28 08:00:00,Auditorium,21.97,46.88,149,87.08,1138.98,112.57,12.18,173,61.87,0
2027-01-28 09:00:00,Engineering Block,31.97,48.14,226,22.36,562.2,99.41,41.33,13,83.92,0
2027-01-28 10:00:00,Engineering Block,27.3,63.6,379,114.38,672.0,75.33,37.36,180,45.41,0
2027-01-28 11:00:00,Auditorium,23.01,43.02,78,132.55,1106.11,50.11,32.41,27,86.35,0
2027-01-28 12:00:00,Admin Block,24.69,66.15,115,148.4,729.36,114.15,84.58,165,54.21,0
2027-01-28 13:00:00,Computer Science Block,24.53,38.65,338,155.78,814.21,55.37,50.71,215,74.41,0
2027-01-28 14:00:00,Admin Block,28.17,71.52,265,114.44,948.9,90.69,37.73,37,99.12,0
2027-01-28 15:00:00,Auditorium,32.27,56.78,478,186.51,1148.17,82.14,37.91,201,35.03,0
2027-01-28 16:00:00,Engineering Block,26.61,61.27,164,115.69,827.94,77.93,99.29,195,97.02,0
2027-01-28 17:00:00,Laboratory,18.99,52.52,329,112.07,877.53,51.69,65.69,57,83.75,0
2027-01-28 18:00:00,Engineering Block,27.24,41.01,144,109.87,807.5,55.58,13.74,119,61.18,0
2027-01-28 19:00:00,Library,27.38,72.35,424,124.99,501.8,116.07,89.91,25,37.18,0
2027-01-28 20:00:00,Hostel A,27.1,73.36,41,137.8,1171.11,87.05,75.4,68,37.82,0
2027-01-28 21:00:00,Laboratory,25.49,56.49,400,168.86,118.05,104.1,29.06,36,70.77,0
2027-01-28 22:00:00,Engineering Block,28.87,66.62,372,101.06,925.59,24.07,20.22,196,66.78,0
2027-01-28 23:00:00,Hostel B,28.26,56.09,391,91.91,1136.75,68.01,43.95,173,67.48,0
2027-01-29 00:00:00,Hostel B,27.9,62.88,458,124.94,1174.82,100.27,28.72,215,49.46,0
2027-01-29 01:00:00,Admin Block,29.65,67.59,304,104.67,642.51,64.14,73.16,50,36.42,0
2027-01-29 02:00:00,Laboratory,26.28,65.55,226,80.78,949.73,35.16,25.69,154,85.96,0
2027-01-29 03:00:00,Admin Block,26.05,73.41,424,162.14,633.08,97.18,57.14,22,45.52,0
2027-01-29 04:00:00,Hostel A,33.52,65.19,277,337.35379042703056,1074.8560624729541,46.70568531503668,67.34,104,75.18,1
2027-01-29 05:00:00,Hostel A,30.24,60.28,317,68.59,1135.71,91.11,70.21,123,55.54,0
2027-01-29 06:00:00,Library,31.31,52.39,71,115.23,869.52,85.84,78.92,157,74.38,0
2027-01-29 07:00:00,Auditorium,32.9,55.21,57,140.2,915.27,72.27,55.26,232,83.86,0
2027-01-29 08:00:00,Auditorium,30.1,68.1,406,187.27,1064.26,81.0,29.0,212,43.58,0
2027-01-29 09:00:00,Computer Science Block,31.71,44.98,172,189.56517163597036,1692.1259669881083,118.45075572320349,40.56,94,30.96,1
2027-01-29 10:00:00,Admin Block,21.68,71.06,352,150.21,804.73,100.48,44.17,81,49.54,0
2027-01-29 11:00:00,Hostel A,28.82,57.19,235,107.09,434.02,92.43,71.87,100,97.29,0
2027-01-29 12:00:00,Auditorium,27.27,51.81,465,135.89,776.04,105.75,66.33,71,42.82,0
2027-01-29 13:00:00,Admin Block,34.71,49.01,242,151.55,1004.61,130.82,54.55,123,63.13,0
2027-01-29 14:00:00,Hostel A,31.71,66.74,162,244.86914883719808,931.7583501994291,94.29073099099539,52.6,246,56.14,1
2027-01-29 15:00:00,Engineering Block,25.48,59.85,473,120.93,726.68,76.52,15.41,232,51.67,0
2027-01-29 16:00:00,Admin Block,29.49,75.89,124,153.87,747.78,59.13,72.07,233,81.16,0
2027-01-29 17:00:00,Engineering Block,28.67,47.37,29,167.85,909.17,110.94,82.37,23,80.52,0
2027-01-29 18:00:00,Admin Block,29.82,54.22,476,125.27,690.31,74.58,89.97,82,84.61,0
2027-01-29 19:00:00,Computer Science Block,23.92,59.08,261,156.15,861.11,75.74,11.84,25,53.74,0
2027-01-29 20:00:00,Library,29.44,52.48,395,100.36,562.88,78.8,88.73,228,55.14,0
2027-01-29 21:00:00,Hostel B,27.09,60.06,402,106.06,969.37,59.5,88.84,54,68.31,0
2027-01-29 22:00:00,Auditorium,29.13,63.2,133,174.89,956.62,21.02,69.68,156,30.27,0
2027-01-29 23:00:00,Hostel B,25.1,64.84,252,20.0,1690.69,87.19,35.07,65,96.77,0
2027-01-30 00:00:00,Hostel B,25.66,75.06,88,111.66,598.3,62.8,90.32,84,46.41,0
2027-01-30 01:00:00,Engineering Block,32.7,46.97,384,127.58,746.54,81.55,41.28,105,42.07,0
2027-01-30 02:00:00,Laboratory,23.79,63.38,63,79.29,1177.85,139.3,62.29,76,74.62,0
2027-01-30 03:00:00,Hostel A,24.09,53.53,188,315.7622079469632,931.2361891783293,211.8290131118205,49.69,64,89.37,1
2027-01-30 04:00:00,Hostel B,27.79,64.3,230,118.32,1537.0,73.12,89.74,97,74.94,0
2027-01-30 05:00:00,Computer Science Block,24.91,64.31,295,144.97,725.93,88.48,33.23,183,74.04,0
2027-01-30 06:00:00,Hostel B,24.46,50.13,126,172.83,466.89,94.51,39.8,182,64.19,0
2027-01-30 07:00:00,Admin Block,28.42,50.99,440,163.08,958.06,98.16,46.71,61,92.35,0
2027-01-30 08:00:00,Engineering Block,21.98,65.12,498,107.84,863.94,62.94,86.93,201,97.71,0
2027-01-30 09:00:00,Laboratory,23.97,60.23,186,80.19,600.69,68.06,38.64,146,71.67,0
2027-01-30 10:00:00,Admin Block,36.22,57.8,224,105.86,684.52,99.32,35.98,28,35.52,0
2027-01-30 11:00:00,Laboratory,29.84,66.58,138,125.48,1019.65,67.52,81.65,14,37.06,0
2027-01-30 12:00:00,Admin Block,25.01,67.32,128,57.76,521.74,103.76,44.89,201,59.35,0
2027-01-30 13:00:00,Admin Block,29.67,54.7,473,175.57,1013.82,66.09,69.84,49,64.46,0
2027-01-30 14:00:00,Auditorium,30.27,51.48,258,124.25,683.58,110.1,88.8,186,74.84,0
2027-01-30 15:00:00,Library,31.98,47.38,27,111.82,1508.83,67.13,30.3,240,99.53,0
2027-01-30 16:00:00,Library,27.49,60.33,62,52.36,1232.84,91.36,51.79,118,79.55,0
2027-01-30 17:00:00,Hostel A,31.91,45.77,413,120.46,529.86,102.17,53.83,15,91.13,0
2027-01-30 18:00:00,Engineering Block,19.85,60.99,316,123.35,748.46,63.98,61.15,229,95.99,0
2027-01-30 19:00:00,Computer Science Block,23.77,72.17,151,153.33351297276144,2359.2744743318344,219.11656636549114,92.66,97,43.7,1
2027-01-30 20:00:00,Computer Science Block,28.66,56.47,225,130.42,113.43,119.67,98.25,102,53.36,0
2027-01-30 21:00:00,Computer Science Block,29.32,54.64,407,115.47,620.81,78.8,82.1,70,78.16,0
2027-01-30 22:00:00,Auditorium,24.35,79.98,299,63.82,729.7,96.2,12.69,241,75.71,0
2027-01-30 23:00:00,Admin Block,29.04,75.1,258,258.84728382336516,766.1089306800927,133.0451041047815,20.53,173,59.63,1
2027-01-31 00:00:00,Library,25.5,52.35,296,206.48,853.8,76.5,20.59,59,89.79,0
2027-01-31 01:00:00,Engineering Block,26.89,61.39,413,182.66,745.83,37.22,57.85,52,98.67,0
2027-01-31 02:00:00,Admin Block,32.1,63.29,65,137.21,640.51,71.96,13.88,249,57.89,0
2027-01-31 03:00:00,Laboratory,31.64,62.04,492,129.7,1199.38,44.7,56.05,52,54.32,0
2027-01-31 04:00:00,Library,24.01,78.15,217,67.24,1061.51,77.02,77.66,173,50.17,0
2027-01-31 05:00:00,Library,23.77,60.87,483,128.81,1058.06,134.77,37.17,220,69.29,0
2027-01-31 06:00:00,Hostel B,26.36,62.37,140,109.72,857.88,64.19,52.25,62,72.86,0
2027-01-31 07:00:00,Hostel B,27.89,66.89,319,31.12,933.0,44.81,18.69,171,42.74,0
2027-01-31 08:00:00,Auditorium,25.37,71.9,239,106.82,1278.72,101.83,16.2,217,49.74,0
2027-01-31 09:00:00,Engineering Block,32.16,69.37,375,99.89,555.22,85.18,58.04,76,38.45,0
2027-01-31 10:00:00,Laboratory,29.39,65.38,308,65.92,593.57,123.5,11.09,142,93.31,0
2027-01-31 11:00:00,Engineering Block,29.62,44.41,113,116.45,1125.35,35.67,73.31,57,75.39,0
2027-01-31 12:00:00,Engineering Block,22.93,55.12,311,68.28,984.6,67.68,22.77,113,68.92,0
2027-01-31 13:00:00,Auditorium,32.67,68.19,172,134.17,706.31,51.97,90.49,79,94.67,0
2027-01-31 14:00:00,Auditorium,16.72,62.5,32,139.54,962.76,97.16,86.52,64,98.79,0
2027-01-31 15:00:00,Admin Block,31.34,68.26,442,89.91444079170311,815.1971885389534,194.3850130355188,30.39,249,31.74,1
2027-01-31 16:00:00,Hostel A,31.74,78.87,226,105.58,950.93,65.06,31.16,82,85.31,0
2027-01-31 17:00:00,Auditorium,26.27,48.23,274,103.6,680.31,91.72,13.31,73,67.72,0
2027-01-31 18:00:00,Engineering Block,33.09,71.38,441,111.74,1232.38,126.99,98.52,54,30.17,0
2027-01-31 19:00:00,Hostel B,27.75,56.7,177,34.1,929.42,70.39,14.98,116,60.07,0
2027-01-31 20:00:00,Hostel A,28.25,69.35,289,133.5,853.6,114.35,53.17,29,84.17,0
2027-01-31 21:00:00,Admin Block,29.36,59.59,325,173.16,779.04,29.86,86.43,30,82.0,0
2027-01-31 22:00:00,Hostel A,40.75,81.27,87,173.07,926.64,80.57,24.42,42,94.92,0
2027-01-31 23:00:00,Computer Science Block,33.38,61.3,276,269.32336334717513,1663.0623858638742,214.23678887130225,79.4,48,73.5,1
2027-02-01 00:00:00,Laboratory,30.8,53.59,208,49.52,781.14,39.95,25.19,49,45.84,0
2027-02-01 01:00:00,Hostel A,24.35,64.2,22,97.98,1343.01,108.14,37.42,102,80.83,0
2027-02-01 02:00:00,Engineering Block,28.57,63.24,256,137.63,810.98,51.52,33.01,226,98.69,0
2027-02-01 03:00:00,Admin Block,24.75,71.38,453,136.13,987.95,67.7,14.24,21,91.97,0
2027-02-01 04:00:00,Laboratory,31.29,64.48,464,160.64,936.15,68.5,21.06,120,30.15,0
2027-02-01 05:00:00,Engineering Block,28.56,84.75,439,110.81,262.79,69.53,70.78,248,60.22,0
2027-02-01 06:00:00,Laboratory,23.5,58.89,151,77.3,1108.33,98.84,17.75,57,44.56,0
2027-02-01 07:00:00,Hostel B,28.32,59.0,190,138.56,1443.14,56.52,97.8,168,64.54,0
2027-02-01 08:00:00,Computer Science Block,24.6,53.96,289,103.32,951.82,161.24,33.48,229,57.43,0
2027-02-01 09:00:00,Hostel B,28.6,60.86,108,168.82,946.98,77.29,19.87,99,69.35,0
2027-02-01 10:00:00,Engineering Block,24.56,62.31,122,143.53,915.95,107.02,43.51,22,87.81,0
2027-02-01 11:00:00,Engineering Block,28.11,62.81,144,107.07,597.39,103.13,34.85,16,74.99,0
2027-02-01 12:00:00,Engineering Block,31.0,60.67,86,125.89,861.03,73.08,17.06,202,55.05,0
2027-02-01 13:00:00,Library,27.79,53.9,282,159.07,903.56,84.06,69.09,143,53.67,0
2027-02-01 14:00:00,Computer Science Block,26.44,51.18,27,138.56,1050.68,70.62,79.99,30,44.7,0
2027-02-01 15:00:00,Laboratory,28.81,56.25,63,124.83,954.49,89.58,10.19,173,66.08,0
2027-02-01 16:00:00,Auditorium,30.79,71.42,467,128.82,986.3,48.54,61.47,140,86.77,0
2027-02-01 17:00:00,Engineering Block,23.57,73.57,154,109.33,752.13,95.45,68.1,100,30.07,0
2027-02-01 18:00:00,Engineering Block,29.04,59.23,267,134.43,1136.09,93.14,98.5,219,79.6,0
2027-02-01 19:00:00,Laboratory,33.27,50.58,323,120.79,1212.98,96.16,69.43,123,65.49,0
2027-02-01 20:00:00,Auditorium,30.29,59.19,337,83.71,926.68,84.96,36.89,117,90.2,0
2027-02-01 21:00:00,Hostel B,28.23,80.92,44,134.97,940.04,47.99,70.26,137,65.76,0
2027-02-01 22:00:00,Hostel B,30.56,69.99,484,139.29,688.82,60.18,34.92,226,91.52,0
2027-02-01 23:00:00,Engineering Block,29.81,65.51,493,155.25,1001.63,93.28,22.56,200,81.75,0
2027-02-02 00:00:00,Admin Block,31.01,69.63,393,64.54,848.03,71.1,76.73,169,63.99,0
2027-02-02 01:00:00,Library,19.9,75.41,215,129.36,734.61,54.68,53.55,51,50.89,0
2027-02-02 02:00:00,Hostel B,21.79,48.47,211,106.42,770.76,108.49,95.67,138,98.21,0
2027-02-02 03:00:00,Admin Block,32.02,56.08,388,140.02,884.86,66.87,15.6,26,44.63,0
2027-02-02 04:00:00,Library,21.98,54.71,421,76.86,877.5,68.54,53.15,94,84.5,0
2027-02-02 05:00:00,Engineering Block,29.61,65.87,141,165.36,1201.18,75.99,32.59,33,77.9,0
2027-02-02 06:00:00,Computer Science Block,26.59,61.6,279,82.42,708.98,90.49,55.45,161,58.74,0
2027-02-02 07:00:00,Hostel A,24.02,67.56,420,102.32,971.99,83.04,13.83,201,80.29,0
2027-02-02 08:00:00,Hostel A,29.4,54.93,66,214.93,598.48,111.89,13.64,241,39.08,0
2027-02-02 09:00:00,Engineering Block,28.8,73.72,393,123.26,588.17,88.08,58.25,151,46.87,0
2027-02-02 10:00:00,Hostel B,36.44,59.31,228,158.18,382.34,91.58,41.79,7,80.34,0
2027-02-02 11:00:00,Admin Block,25.5,66.95,320,250.9892319045141,1758.2412920212473,103.46632087947232,12.07,44,38.95,1
2027-02-02 12:00:00,Computer Science Block,33.76,71.95,108,164.39,1089.37,43.88,64.78,210,93.43,0
2027-02-02 13:00:00,Laboratory,29.41,71.15,461,148.15,177.27,89.1,49.95,51,71.83,0
2027-02-02 14:00:00,Library,25.36,63.61,22,141.02457612740866,1596.401179742686,224.23379169723435,97.93,132,34.98,1
2027-02-02 15:00:00,Engineering Block,31.2,68.19,415,57.79,740.85,101.06,84.92,108,83.81,0
2027-02-02 16:00:00,Computer Science Block,30.26,77.42,494,75.33,923.63,109.48,75.71,129,60.63,0
2027-02-02 17:00:00,Auditorium,28.14,65.14,164,102.32,873.64,83.45,53.13,192,50.74,0
2027-02-02 18:00:00,Computer Science Block,29.07,52.7,393,139.77,794.5,103.93,53.64,172,67.19,0
2027-02-02 19:00:00,Hostel B,25.61,65.83,41,155.05,587.47,102.36,94.6,241,82.58,0
2027-02-02 20:00:00,Auditorium,24.7,59.63,58,118.36,686.38,71.71,75.85,91,93.77,0
2027-02-02 21:00:00,Library,31.04,36.52,314,125.81,685.01,71.06,18.12,159,52.43,0
2027-02-02 22:00:00,Auditorium,27.1,64.62,126,38.97,753.68,67.16,49.23,233,78.61,0
2027-02-02 23:00:00,Computer Science Block,27.68,61.17,119,110.06,1051.96,65.88,47.63,196,53.89,0
2027-02-03 00:00:00,Hostel B,29.12,71.56,291,116.71,1283.7,36.49,20.12,17,30.94,0
2027-02-03 01:00:00,Auditorium,29.06,52.5,248,135.71,654.05,60.68,86.1,240,97.39,0
2027-02-03 02:00:00,Admin Block,22.28,44.94,454,108.59,1017.44,61.51,35.34,90,50.86,0
2027-02-03 03:00:00,Hostel B,33.15,61.69,393,102.47,356.96,75.76,43.63,15,62.51,0
2027-02-03 04:00:00,Admin Block,28.48,63.8,304,186.09,423.08,118.91,98.17,211,75.44,0
2027-02-03 05:00:00,Admin Block,27.19,60.94,225,71.76,890.95,89.06,71.39,97,77.58,0
2027-02-03 06:00:00,Auditorium,29.72,60.21,90,278.1557498987376,2287.2694464499523,197.71439389168884,82.53,83,87.59,1
2027-02-03 07:00:00,Auditorium,28.95,49.31,188,141.82,979.8,32.22,19.47,29,56.73,0
2027-02-03 08:00:00,Laboratory,31.07,58.61,204,115.59,727.05,107.75,58.6,89,79.53,0
2027-02-03 09:00:00,Laboratory,30.15,56.52,431,197.09,1182.84,95.63,74.4,175,73.07,0
2027-02-03 10:00:00,Computer Science Block,30.87,70.73,352,117.74,701.44,97.73,83.19,59,98.97,0
2027-02-03 11:00:00,Hostel B,33.4,63.79,227,90.01,757.89,75.59,89.63,77,81.77,0
2027-02-03 12:00:00,Laboratory,31.53,57.22,424,127.49,922.46,132.98,18.09,221,96.13,0
2027-02-03 13:00:00,Admin Block,27.36,77.24,407,150.65,966.53,94.6,76.54,245,49.84,0
2027-02-03 14:00:00,Laboratory,23.51,57.31,401,139.34,569.49,51.87,18.83,32,61.92,0
2027-02-03 15:00:00,Library,34.67,65.58,374,101.09,578.28,70.94,46.37,91,67.05,0
2027-02-03 16:00:00,Computer Science Block,27.05,58.33,391,143.28,1058.67,105.08,50.16,161,89.37,0
2027-02-03 17:00:00,Hostel B,26.11,76.31,290,59.87,747.3,87.25,35.8,98,59.73,0
2027-02-03 18:00:00,Hostel B,21.05,60.87,456,167.64,1029.37,85.56,87.7,93,69.0,0
2027-02-03 19:00:00,Hostel A,29.35,61.16,365,148.0,541.6,105.46,62.77,216,39.61,0
2027-02-03 20:00:00,Hostel B,28.6,58.6,449,44.08,755.79,84.58,22.65,167,43.47,0
2027-02-03 21:00:00,Computer Science Block,21.94,61.97,154,94.39,1129.69,118.37,43.54,133,57.36,0
2027-02-03 22:00:00,Library,29.81,72.0,165,163.62,1140.59,124.76,17.09,178,33.53,0
2027-02-03 23:00:00,Hostel B,26.01,68.46,364,111.94,715.82,68.43,54.51,107,35.35,0
2027-02-04 00:00:00,Hostel A,38.76,60.28,168,246.9316773692049,598.2550532856264,207.5456703729075,41.94,28,79.3,1
2027-02-04 01:00:00,Computer Science Block,25.72,77.01,135,169.21,1019.23,48.81,38.96,225,34.97,0
2027-02-04 02:00:00,Admin Block,26.26,68.73,411,99.24,905.59,79.16,85.89,93,30.13,0
2027-02-04 03:00:00,Engineering Block,24.5,55.62,206,44.93,933.13,79.18,86.47,151,34.38,0
2027-02-04 04:00:00,Engineering Block,33.11,46.2,39,168.38,555.78,97.49,71.14,23,74.71,0
2027-02-04 05:00:00,Admin Block,26.51,55.85,357,104.7,822.35,71.43,92.74,165,69.35,0
2027-02-04 06:00:00,Laboratory,25.1,64.13,392,119.07,875.3,79.33,68.92,57,87.04,0
2027-02-04 07:00:00,Hostel B,30.83,65.97,486,113.19,1239.57,109.8,65.71,108,44.39,0
2027-02-04 08:00:00,Auditorium,22.48,73.59,263,103.02,1152.19,125.13,18.43,91,71.25,0
2027-02-04 09:00:00,Engineering Block,30.5,49.05,86,89.79,1119.01,110.23,10.94,187,86.48,0
2027-02-04 10:00:00,Laboratory,35.13,55.61,458,113.7,908.27,116.46,28.89,56,80.31,0
2027-02-04 11:00:00,Engineering Block,30.27,48.22,81,86.54,632.75,57.04,80.81,117,52.27,0
2027-02-04 12:00:00,Admin Block,30.55,46.61,293,167.99,793.19,39.58,93.63,235,73.25,0
2027-02-04 13:00:00,Hostel B,31.48,53.72,366,162.55,535.17,110.01,30.67,103,81.22,0
2027-02-04 14:00:00,Hostel B,34.84,63.67,482,139.36,823.31,59.31,25.17,224,87.33,0
2027-02-04 15:00:00,Laboratory,32.84,67.71,129,138.24,637.78,66.31,85.2,116,99.2,0
2027-02-04 16:00:00,Admin Block,29.76,50.52,75,60.52,847.66,90.24,44.16,105,57.97,0
2027-02-04 17:00:00,Laboratory,31.62,51.91,104,159.59,829.5,91.02,98.01,173,32.12,0
2027-02-04 18:00:00,Hostel B,24.46,42.2,425,104.28,612.51,94.85,96.47,71,66.64,0
2027-02-04 19:00:00,Auditorium,31.11,62.14,283,167.26,990.69,68.88,40.09,176,52.51,0
2027-02-04 20:00:00,Hostel B,23.98,52.68,414,179.41,531.67,73.52,60.39,246,51.14,0
2027-02-04 21:00:00,Computer Science Block,26.53,76.63,126,111.54,1508.45,95.84,71.18,16,77.84,0
2027-02-04 22:00:00,Auditorium,15.67,64.1,31,41.51,1160.26,59.42,67.6,127,33.04,0
2027-02-04 23:00:00,Laboratory,29.61,58.29,195,128.1,550.24,70.44,97.79,204,67.91,0
2027-02-05 00:00:00,Computer Science Block,25.42,53.59,378,79.5,917.75,118.97,42.32,38,74.44,0
2027-02-05 01:00:00,Admin Block,32.44,45.05,338,99.02,810.96,102.26,75.33,202,80.84,0
2027-02-05 02:00:00,Library,29.56,46.32,46,112.62,815.27,70.09,62.29,179,97.38,0
2027-02-05 03:00:00,Engineering Block,32.5,53.78,310,153.16,733.96,37.8,56.85,198,30.62,0
2027-02-05 04:00:00,Computer Science Block,23.67,53.01,149,135.74,1080.84,66.95,23.35,25,66.65,0
2027-02-05 05:00:00,Engineering Block,32.15,50.01,246,173.87,654.08,95.32,77.83,79,91.18,0
2027-02-05 06:00:00,Hostel A,36.42,63.77,498,92.2,1129.13,83.26,45.78,37,44.27,0
2027-02-05 07:00:00,Admin Block,31.06,65.14,155,159.44,1244.51,82.57,21.63,17,98.33,0
2027-02-05 08:00:00,Library,31.16,55.41,39,147.12,633.92,150.84,11.03,47,43.32,0
2027-02-05 09:00:00,Hostel A,28.68,79.35,283,143.57,1063.32,102.9,23.37,211,74.6,0
2027-02-05 10:00:00,Hostel A,25.9,42.53,466,158.91,1031.14,110.72,72.14,16,35.23,0
2027-02-05 11:00:00,Hostel B,31.04,60.58,343,149.02,366.71,91.78,77.39,27,66.34,0
2027-02-05 12:00:00,Hostel A,21.98,57.81,178,63.41,1274.58,111.84,14.13,86,47.54,0
2027-02-05 13:00:00,Admin Block,26.33,54.49,179,99.79,733.3,100.78,23.93,240,51.78,0
2027-02-05 14:00:00,Computer Science Block,20.92,53.02,416,154.11,882.94,131.37,99.93,221,55.9,0
2027-02-05 15:00:00,Admin Block,25.19,59.93,361,136.93,1203.58,45.57,47.25,131,46.34,0
2027-02-05 16:00:00,Computer Science Block,30.57,57.74,45,156.38,1044.81,62.31,90.55,225,90.68,0
2027-02-05 17:00:00,Hostel A,30.02,56.08,100,127.14,799.84,47.28,46.61,64,40.65,0
2027-02-05 18:00:00,Hostel A,28.2,47.01,432,101.42,1050.95,69.68,57.61,117,60.11,0
2027-02-05 19:00:00,Auditorium,28.68,43.82,494,91.28,1139.8,82.96,88.8,24,98.69,0
2027-02-05 20:00:00,Library,20.46,57.11,395,62.38,860.86,115.09,99.09,58,71.15,0
2027-02-05 21:00:00,Computer Science Block,26.51,55.98,489,138.46,677.32,134.39,16.39,215,74.19,0
2027-02-05 22:00:00,Hostel A,25.27,58.03,37,116.32827715544417,1942.016283713248,128.82689593359734,66.9,106,81.04,1
2027-02-05 23:00:00,Hostel B,25.36,58.91,88,120.02,646.36,83.15,52.16,232,90.7,0
2027-02-06 00:00:00,Auditorium,30.4,54.77,415,115.98,1113.35,88.06,58.53,116,87.42,0
2027-02-06 01:00:00,Engineering Block,24.56,57.88,149,351.0993481995406,1233.552402326748,135.23943203080873,28.15,210,55.49,1
2027-02-06 02:00:00,Auditorium,25.58,51.46,445,200.27,670.6,63.3,90.49,166,88.63,0
2027-02-06 03:00:00,Library,19.65,75.24,154,106.43,1100.02,79.23,35.81,46,44.33,0
2027-02-06 04:00:00,Admin Block,26.82,52.0,322,138.37,853.84,64.82,22.54,47,58.33,0
2027-02-06 05:00:00,Library,23.65,56.29,398,119.94,959.5,74.96,73.8,226,76.76,0
2027-02-06 06:00:00,Engineering Block,28.32,52.76,237,88.65,1020.31,82.94,98.24,57,47.12,0
2027-02-06 07:00:00,Auditorium,24.2,52.59,329,161.36,675.4,82.83,31.63,14,54.83,0
2027-02-06 08:00:00,Computer Science Block,28.42,60.25,34,134.0,728.62,81.74,52.21,116,65.87,0
2027-02-06 09:00:00,Admin Block,27.42,58.98,205,140.63,1217.56,68.22,15.83,240,46.89,0
2027-02-06 10:00:00,Admin Block,34.69,55.41,436,151.41,1013.86,98.17,40.01,204,83.25,0
2027-02-06 11:00:00,Computer Science Block,29.99,57.17,214,151.67,760.32,105.98,82.52,198,80.99,0
2027-02-06 12:00:00,Laboratory,20.64,52.8,210,114.24,920.13,53.59,89.34,239,94.55,0
2027-02-06 13:00:00,Laboratory,22.94,64.02,253,156.77,803.68,80.04,31.09,218,34.6,0
2027-02-06 14:00:00,Library,28.22,80.55,451,114.31,1067.48,88.97,59.27,28,93.0,0
2027-02-06 15:00:00,Hostel A,24.28,51.25,85,77.85,893.11,86.3,80.63,74,31.11,0
2027-02-06 16:00:00,Laboratory,16.13,63.94,100,137.44,823.42,87.32,11.66,137,87.68,0
2027-02-06 17:00:00,Library,33.4,60.45,468,167.44,578.02,37.17,29.11,226,47.98,0
2027-02-06 18:00:00,Laboratory,30.88,66.69,55,96.6,1012.13,123.61,13.36,162,75.69,0
2027-02-06 19:00:00,Engineering Block,30.08,66.97,254,64.66,764.71,78.21,21.41,228,76.85,0
2027-02-06 20:00:00,Hostel B,25.57,62.05,36,124.42,1095.39,77.85,25.99,135,57.02,0
2027-02-06 21:00:00,Hostel A,29.71,59.6,21,83.36,410.49,99.51,12.66,124,44.48,0
2027-02-06 22:00:00,Library,25.18,55.66,52,100.12,721.7,41.87,49.41,80,32.55,0
2027-02-06 23:00:00,Hostel B,28.82,52.35,368,123.31,1005.13,74.78,47.13,30,70.56,0
2027-02-07 00:00:00,Hostel B,24.32,59.03,399,20.0,848.0,70.61,36.25,208,79.26,0
2027-02-07 01:00:00,Auditorium,34.07,47.15,153,104.0,695.21,110.56,38.64,166,56.23,0
2027-02-07 02:00:00,Laboratory,21.72,54.06,446,106.57,1136.46,82.31,58.34,110,43.35,0
2027-02-07 03:00:00,Auditorium,32.93,71.07,375,184.73,1089.95,60.69,82.43,205,41.36,0
2027-02-07 04:00:00,Computer Science Block,28.16,60.99,363,114.53,658.64,81.65,97.76,204,48.59,0
2027-02-07 05:00:00,Engineering Block,26.04,68.93,286,194.62,812.4,79.43,83.52,26,86.0,0
2027-02-07 06:00:00,Engineering Block,28.67,74.7,24,163.24,608.84,56.66,45.08,179,40.59,0
2027-02-07 07:00:00,Engineering Block,30.93,58.23,305,135.69,788.21,76.93,88.8,191,60.42,0
2027-02-07 08:00:00,Hostel A,33.47,62.07,413,132.52,798.77,109.75,84.18,205,75.62,0
2027-02-07 09:00:00,Admin Block,29.25,56.98,366,131.38,738.51,94.02,92.1,106,89.31,0
2027-02-07 10:00:00,Hostel A,24.44,51.87,110,124.74,1027.06,115.77,15.9,92,65.84,0
2027-02-07 11:00:00,Library,28.22,50.47,171,68.18,1032.91,90.58,41.81,208,77.62,0
2027-02-07 12:00:00,Hostel B,35.27,68.43,462,132.17,1140.64,87.33,14.19,80,65.74,0
2027-02-07 13:00:00,Hostel B,33.39,62.09,397,123.34,946.25,33.06,38.93,57,83.02,0
2027-02-07 14:00:00,Auditorium,31.64,78.47,137,127.35,441.57,98.2,35.25,50,84.99,0
2027-02-07 15:00:00,Admin Block,31.18,69.72,470,180.97,851.31,45.49,91.94,187,84.7,0
2027-02-07 16:00:00,Library,30.8,52.69,80,112.74,1043.07,119.27,95.04,150,81.51,0
2027-02-07 17:00:00,Admin Block,32.64,68.4,377,82.72,881.92,80.88,72.56,21,86.63,0
2027-02-07 18:00:00,Hostel B,26.17,56.95,45,100.38,1061.55,88.55,35.45,172,86.06,0
2027-02-07 19:00:00,Laboratory,22.58,72.17,128,149.24,1127.52,72.07,10.62,169,90.46,0
2027-02-07 20:00:00,Hostel A,28.28,55.14,387,129.95,492.29,48.93,70.35,35,62.69,0
2027-02-07 21:00:00,Engineering Block,24.73,49.48,314,121.61,1018.08,92.42,54.95,13,92.15,0
2027-02-07 22:00:00,Hostel B,23.78,52.04,229,71.93,948.88,38.25,28.66,107,35.23,0
2027-02-07 23:00:00,Computer Science Block,25.12,52.55,278,161.93,1262.79,69.93,25.82,228,55.01,0
2027-02-08 00:00:00,Engineering Block,37.94,51.6,313,98.59,699.82,66.04,60.39,120,94.67,0
2027-02-08 01:00:00,Hostel B,28.54,54.27,61,132.62,1143.15,62.55,21.72,233,59.01,0
2027-02-08 02:00:00,Hostel A,29.45,68.57,323,116.49,828.98,109.48,59.42,23,90.48,0
2027-02-08 03:00:00,Admin Block,23.11,77.96,492,64.41,901.26,79.14,92.44,57,68.76,0
2027-02-08 04:00:00,Laboratory,20.62,46.7,32,310.6395855583165,1449.4605990084763,104.03799188423133,81.23,174,48.04,1
2027-02-08 05:00:00,Laboratory,24.72,72.64,108,78.06,1280.73,49.56,94.73,232,36.84,0
2027-02-08 06:00:00,Engineering Block,33.75,55.22,107,131.78,626.2,95.04,32.35,7,78.79,0
2027-02-08 07:00:00,Hostel A,29.34,63.48,331,101.66,918.06,107.2,95.69,220,45.67,0
2027-02-08 08:00:00,Laboratory,30.39,43.46,206,113.28,1140.46,83.61,52.77,40,70.38,0
2027-02-08 09:00:00,Laboratory,30.95,65.24,82,144.83,1356.71,93.33,66.76,94,57.49,0
2027-02-08 10:00:00,Library,25.63,39.95,355,75.83,605.25,108.17,36.46,216,76.91,0
2027-02-08 11:00:00,Computer Science Block,33.55,63.14,62,228.45,1102.4,83.27,99.48,82,73.53,0
2027-02-08 12:00:00,Engineering Block,25.47,62.57,252,90.4,784.37,118.66,49.4,191,72.55,0
2027-02-08 13:00:00,Admin Block,33.62,61.91,253,144.43,1080.77,125.53,26.88,100,66.1,0
2027-02-08 14:00:00,Laboratory,29.77,52.65,94,151.56,683.72,92.44,61.65,140,78.23,0
2027-02-08 15:00:00,Library,20.84,65.5,272,173.46,1173.02,49.19,33.0,185,79.97,0
2027-02-08 16:00:00,Hostel A,25.01,63.91,332,96.6,766.58,99.53,49.24,41,44.75,0
2027-02-08 17:00:00,Laboratory,20.86,57.9,168,93.82,1093.1,88.6,28.72,233,71.72,0
2027-02-08 18:00:00,Auditorium,32.65,66.72,498,158.4,838.13,45.95,44.81,79,30.92,0
2027-02-08 19:00:00,Computer Science Block,27.9,59.04,201,139.06,509.35,71.41,18.33,74,66.16,0
2027-02-08 20:00:00,Admin Block,19.09,65.29,226,139.84,912.11,90.59,35.63,169,85.58,0
2027-02-08 21:00:00,Hostel A,29.5,58.74,200,168.91,589.27,81.55,32.39,164,34.23,0
2027-02-08 22:00:00,Hostel A,25.85,62.17,192,123.34,768.55,62.97,95.3,165,52.59,0
2027-02-08 23:00:00,Engineering Block,22.06,65.75,260,126.33,1528.74,62.79,63.33,178,32.55,0
2027-02-09 00:00:00,Laboratory,34.71,56.02,183,166.52,930.81,60.09,12.39,85,69.59,0
2027-02-09 01:00:00,Engineering Block,28.43,47.66,82,126.17,867.64,78.04,92.23,65,94.83,0
2027-02-09 02:00:00,Admin Block,26.83,62.76,401,84.5,538.69,78.79,67.99,186,52.7,0
2027-02-09 03:00:00,Auditorium,26.4,71.89,254,202.15425261177182,763.1673629341241,200.527410525124,40.34,230,55.58,1
2027-02-09 04:00:00,Laboratory,21.95,62.99,144,110.64,645.4,71.94,42.98,231,44.92,0
2027-02-09 05:00:00,Hostel B,22.78,63.18,276,132.47,703.48,20.0,12.83,170,81.55,0
2027-02-09 06:00:00,Laboratory,33.14,59.58,111,153.54,615.42,58.17,97.69,182,65.43,0
2027-02-09 07:00:00,Auditorium,26.1,67.39,244,203.92,677.91,62.62,87.44,154,49.35,0
2027-02-09 08:00:00,Hostel B,28.09,58.14,214,111.38,475.35,84.56,15.89,195,32.99,0
2027-02-09 09:00:00,Hostel A,19.82,55.46,394,70.96,755.13,64.31,71.34,240,89.69,0
2027-02-09 10:00:00,Engineering Block,22.73,71.05,226,64.18,391.4,126.41,50.43,234,78.41,0
2027-02-09 11:00:00,Computer Science Block,30.44,54.69,436,112.5,887.23,78.7,82.75,198,98.38,0
2027-02-09 12:00:00,Laboratory,29.51,68.89,307,119.66,591.24,64.94,66.1,190,69.31,0
2027-02-09 13:00:00,Computer Science Block,35.01,71.06,234,141.51,797.43,67.64,47.15,228,97.13,0
2027-02-09 14:00:00,Laboratory,33.37,65.67,205,205.66,944.13,75.27,49.28,118,78.75,0
2027-02-09 15:00:00,Hostel A,27.08,47.51,145,141.63,572.81,99.79,68.64,27,60.14,0
2027-02-09 16:00:00,Engineering Block,29.89,60.27,301,123.02,539.89,71.19,68.92,145,46.37,0
2027-02-09 17:00:00,Admin Block,26.73,57.98,274,155.05,911.62,87.33,60.19,32,34.17,0
2027-02-09 18:00:00,Admin Block,36.22,55.04,80,64.58,605.69,85.49,89.57,148,30.36,0
2027-02-09 19:00:00,Admin Block,32.6,61.43,387,128.74,670.01,48.64,80.14,192,88.17,0
2027-02-09 20:00:00,Laboratory,28.68,67.69,420,63.05,715.06,89.59,20.68,17,73.63,0
2027-02-09 21:00:00,Laboratory,28.8,55.41,220,169.27,1146.91,91.43,88.47,125,43.07,0
2027-02-09 22:00:00,Computer Science Block,33.78,58.29,88,72.74,1277.44,93.13,28.16,131,78.01,0
2027-02-09 23:00:00,Engineering Block,30.32,57.59,304,154.82,606.24,71.48,95.54,245,94.2,0
2027-02-10 00:00:00,Auditorium,34.23,71.64,82,148.43,585.01,74.89,82.66,156,33.95,0
2027-02-10 01:00:00,Laboratory,19.23,57.43,153,171.58,471.69,66.92,91.82,72,86.29,0
2027-02-10 02:00:00,Engineering Block,29.84,47.66,258,87.77,997.87,100.69,70.89,234,88.48,0
2027-02-10 03:00:00,Computer Science Block,25.94,44.27,271,117.96,999.56,48.55,68.64,100,75.64,0
2027-02-10 04:00:00,Laboratory,35.03,63.63,380,154.4,1143.38,83.24,32.42,178,95.54,0
2027-02-10 05:00:00,Admin Block,34.19,52.39,206,132.16,1370.18,138.52,66.35,55,97.64,0
2027-02-10 06:00:00,Admin Block,28.13,66.69,390,137.18,822.03,82.53,47.82,49,84.1,0
2027-02-10 07:00:00,Hostel A,34.14,46.69,40,145.82,517.29,118.54,23.81,30,41.78,0
2027-02-10 08:00:00,Hostel B,35.13,54.61,448,108.37,1086.62,70.26,42.41,175,35.81,0
2027-02-10 09:00:00,Library,28.3,46.69,448,86.3,617.61,85.84,69.59,83,59.62,0
2027-02-10 10:00:00,Auditorium,37.89,64.35,362,92.33,497.89,61.06,88.81,84,58.09,0
2027-02-10 11:00:00,Hostel B,27.87,66.49,310,116.87,1218.26,41.5,49.43,5,40.03,0
2027-02-10 12:00:00,Laboratory,27.14,63.39,327,93.9,244.6,64.03,36.1,32,32.8,0
2027-02-10 13:00:00,Engineering Block,31.46,49.14,65,110.0,1119.2,62.53,24.49,85,47.4,0
2027-02-10 14:00:00,Laboratory,26.58,52.54,213,119.17,949.34,63.53,46.27,20,50.21,0
2027-02-10 15:00:00,Engineering Block,28.34,62.34,76,173.15,724.91,93.2,35.61,227,94.64,0
2027-02-10 16:00:00,Engineering Block,33.64,43.12,61,81.58,991.56,71.65,50.25,192,98.6,0
2027-02-10 17:00:00,Hostel B,28.08,57.59,476,93.45,977.28,65.25,19.07,105,98.97,0
2027-02-10 18:00:00,Library,21.22,75.17,352,118.52,656.77,69.48,76.19,148,86.85,0
2027-02-10 19:00:00,Hostel A,29.47,58.2,254,83.94,745.11,67.95,10.4,114,83.99,0
2027-02-10 20:00:00,Hostel B,25.21,45.11,373,20.0,1510.58,72.45,72.96,200,95.67,0
2027-02-10 21:00:00,Library,31.46,53.93,35,98.45,1055.5,116.24,37.6,47,53.82,0
2027-02-10 22:00:00,Admin Block,30.78,53.69,152,110.84,1390.63,104.7,42.33,28,67.68,0
2027-02-10 23:00:00,Admin Block,33.89,81.4,20,126.37,796.25,20.0,25.4,31,71.13,0
2027-02-11 00:00:00,Engineering Block,31.63,76.66,251,86.1,671.93,68.18,97.14,167,70.25,0
2027-02-11 01:00:00,Computer Science Block,32.36,67.31,169,178.55,955.12,99.79,14.77,119,60.23,0
2027-02-11 02:00:00,Laboratory,25.32,56.57,323,147.18,711.51,83.77,35.47,38,98.29,0
2027-02-11 03:00:00,Laboratory,31.22,72.01,141,81.22,886.34,65.77,23.22,61,52.36,0
2027-02-11 04:00:00,Engineering Block,35.87,48.67,301,98.6,619.97,38.23,53.4,89,45.5,0
2027-02-11 05:00:00,Computer Science Block,25.25,70.77,309,95.96,820.53,100.24,60.4,177,81.68,0
2027-02-11 06:00:00,Auditorium,35.2,69.28,389,82.46,529.71,88.48,27.67,17,94.28,0
2027-02-11 07:00:00,Library,25.8,58.49,333,160.17,800.28,27.52,68.98,205,97.78,0
2027-02-11 08:00:00,Auditorium,24.59,71.39,232,82.67,969.12,20.0,59.74,203,86.25,0
2027-02-11 09:00:00,Auditorium,29.18,55.53,410,123.67,919.88,91.05,85.79,124,56.82,0
2027-02-11 10:00:00,Admin Block,30.86,47.35,300,101.84,982.49,102.04,91.59,48,87.01,0
2027-02-11 11:00:00,Auditorium,31.65,69.78,460,113.02,664.99,78.19,72.51,33,83.39,0
2027-02-11 12:00:00,Laboratory,24.15,59.15,159,156.02,797.24,126.68,66.72,155,58.19,0
2027-02-11 13:00:00,Hostel B,29.74,66.02,178,131.12,568.32,90.62,64.49,249,37.32,0
2027-02-11 14:00:00,Computer Science Block,25.26,78.21,46,132.72,1016.51,73.57,25.04,244,89.79,0
2027-02-11 15:00:00,Library,22.04,52.78,361,131.06,1404.05,93.44,89.49,194,51.39,0
2027-02-11 16:00:00,Admin Block,24.29,58.57,181,136.92,809.31,49.06,42.42,86,37.92,0
2027-02-11 17:00:00,Auditorium,25.0,75.7,137,147.56465213905872,1247.0403158316335,112.39408728430146,72.23,92,99.07,1
2027-02-11 18:00:00,Hostel B,30.09,66.69,356,96.18,261.38,48.52,49.66,180,94.82,0
2027-02-11 19:00:00,Computer Science Block,32.61,53.0,94,132.97,688.27,99.42,91.26,194,82.97,0
2027-02-11 20:00:00,Engineering Block,22.11,50.45,112,94.7,1039.44,103.11,46.68,137,34.72,0
2027-02-11 21:00:00,Engineering Block,29.41,54.72,53,107.68,930.77,94.51,60.4,28,80.61,0
2027-02-11 22:00:00,Engineering Block,23.29,52.62,134,129.6,1082.37,85.83,26.87,89,76.25,0
2027-02-11 23:00:00,Laboratory,30.52,62.37,440,268.9154863201742,2054.1210693971834,52.21964881232423,59.86,240,47.25,1
2027-02-12 00:00:00,Library,25.51,60.78,461,149.9,747.43,117.86,28.23,225,62.11,0
2027-02-12 01:00:00,Engineering Block,23.79,62.79,132,175.96,611.86,20.0,81.51,165,97.52,0
2027-02-12 02:00:00,Laboratory,31.2,51.59,387,125.13,1032.79,81.86,43.06,14,31.23,0
2027-02-12 03:00:00,Hostel A,25.65,59.29,79,124.13,870.34,64.9,48.19,109,62.86,0
2027-02-12 04:00:00,Laboratory,26.74,39.44,301,96.84,586.96,70.92,67.63,131,70.87,0
2027-02-12 05:00:00,Admin Block,19.12,61.45,256,139.41,533.11,65.5,17.74,25,90.78,0
2027-02-12 06:00:00,Laboratory,31.79,71.75,145,163.92,1067.87,80.54,38.33,150,79.36,0
2027-02-12 07:00:00,Library,31.28,45.75,448,100.32,898.82,115.26,94.0,34,37.01,0
2027-02-12 08:00:00,Hostel B,28.02,64.83,64,135.61,528.68,80.62,87.59,104,56.42,0
2027-02-12 09:00:00,Auditorium,21.89,53.89,307,159.16,892.63,80.36,30.81,165,38.72,0
2027-02-12 10:00:00,Laboratory,32.84,68.03,248,90.79,571.69,66.64,56.16,184,95.16,0
2027-02-12 11:00:00,Engineering Block,25.33,61.59,216,139.21,1019.23,61.73,62.5,145,78.39,0
2027-02-12 12:00:00,Admin Block,26.19,64.05,231,141.21,1088.43,94.55,37.15,9,47.5,0
2027-02-12 13:00:00,Computer Science Block,37.25,60.65,90,42.04,1093.78,82.82,41.29,68,39.9,0
2027-02-12 14:00:00,Engineering Block,25.19,73.28,254,101.25,938.47,95.32,98.02,182,38.66,0
2027-02-12 15:00:00,Admin Block,30.97,63.47,298,80.96,911.39,110.71,22.47,138,65.81,0
2027-02-12 16:00:00,Hostel A,30.25,52.95,468,102.09,815.34,62.76,92.02,216,48.33,0
2027-02-12 17:00:00,Auditorium,29.56,60.99,186,105.42,635.56,125.86,41.88,169,97.72,0
2027-02-12 18:00:00,Computer Science Block,29.13,56.31,214,118.69,1148.91,84.25,31.52,80,57.48,0
2027-02-12 19:00:00,Hostel A,29.51,61.62,192,151.73,1013.33,79.16,33.45,16,99.5,0
2027-02-12 20:00:00,Hostel B,29.09,55.8,214,162.69,644.91,90.4,35.5,62,90.28,0
2027-02-12 21:00:00,Admin Block,27.79,53.23,82,126.12,453.54,94.21,35.82,190,93.4,0
2027-02-12 22:00:00,Hostel A,34.05,61.99,89,165.43,714.79,92.88,32.86,17,57.22,0
2027-02-12 23:00:00,Auditorium,22.75,60.56,242,149.06,1183.6,122.17,85.82,9,38.5,0
2027-02-13 00:00:00,Auditorium,32.09,70.64,329,200.0094831754062,1495.30762563373,120.17303729984391,34.1,216,88.77,1
2027-02-13 01:00:00,Hostel B,31.29,55.85,302,171.31,909.13,33.42,87.57,98,30.35,0
2027-02-13 02:00:00,Auditorium,30.79,40.19,368,122.34,1180.86,57.54,97.23,149,61.38,0
2027-02-13 03:00:00,Admin Block,32.47,56.36,98,128.67,335.43,73.25,35.09,217,40.27,0
2027-02-13 04:00:00,Admin Block,27.63,43.74,55,86.12,829.91,46.79,60.86,72,93.17,0
2027-02-13 05:00:00,Auditorium,20.52,64.16,408,132.6,1157.26,68.19,51.05,90,90.8,0
2027-02-13 06:00:00,Hostel A,27.71,43.26,214,134.77,599.0,49.37,86.2,139,39.63,0
2027-02-13 07:00:00,Admin Block,24.04,50.12,454,150.32,631.13,41.96,37.75,131,68.61,0
2027-02-13 08:00:00,Engineering Block,25.07,56.38,236,279.13587773502604,1594.8927549400128,136.12517830921422,78.83,168,46.39,1
2027-02-13 09:00:00,Auditorium,23.03,75.44,307,94.53,716.65,105.46,52.81,95,66.02,0
2027-02-13 10:00:00,Admin Block,26.09,49.27,168,134.32,753.89,67.88,66.78,82,98.36,0
2027-02-13 11:00:00,Library,25.61,60.12,292,145.88,890.49,108.24,61.9,211,46.13,0
2027-02-13 12:00:00,Hostel B,18.49,65.8,220,188.2730202895492,1533.3228472911562,206.1169483243586,15.62,87,34.57,1
2027-02-13 13:00:00,Auditorium,30.8,74.84,173,90.59,767.79,55.51,62.97,130,47.81,0
2027-02-13 14:00:00,Admin Block,36.88,67.78,41,105.57,643.55,80.83,84.47,117,98.9,0
2027-02-13 15:00:00,Library,30.42,70.94,316,175.56,801.5,62.61,35.96,150,35.72,0
2027-02-13 16:00:00,Admin Block,27.19,68.64,334,85.92,898.79,87.29,46.25,229,32.63,0
2027-02-13 17:00:00,Admin Block,27.78,47.91,234,84.98,878.05,72.47,28.46,205,40.6,0
2027-02-13 18:00:00,Hostel A,26.32,63.6,350,185.39,698.0,124.2,28.87,84,86.45,0
2027-02-13 19:00:00,Engineering Block,28.36,68.49,141,114.52,662.51,43.68,37.64,65,63.0,0
2027-02-13 20:00:00,Auditorium,27.85,50.43,285,77.2,754.49,57.42,77.83,216,53.69,0
2027-02-13 21:00:00,Hostel B,24.64,54.2,362,70.52,746.15,84.69,53.32,91,76.03,0
2027-02-13 22:00:00,Auditorium,34.73,51.97,280,140.09,569.28,84.01,72.21,42,36.75,0
2027-02-13 23:00:00,Engineering Block,22.05,67.73,74,131.73,608.27,57.57,94.21,245,78.76,0
2027-02-14 00:00:00,Computer Science Block,30.87,59.31,301,140.37,977.72,62.52,75.73,68,51.27,0
2027-02-14 01:00:00,Hostel A,27.6,56.79,279,89.85,262.02,71.68,43.58,114,89.97,0
2027-02-14 02:00:00,Hostel A,35.6,47.18,382,78.44,994.37,55.89,55.96,54,80.7,0
2027-02-14 03:00:00,Engineering Block,29.36,59.33,302,138.86,935.43,65.2,35.07,40,91.43,0
2027-02-14 04:00:00,Laboratory,26.56,54.32,249,83.4,1070.3,77.18,15.92,10,42.93,0
2027-02-14 05:00:00,Hostel A,27.01,62.43,145,114.23,828.12,69.22,69.94,185,40.39,0
2027-02-14 06:00:00,Auditorium,28.16,48.57,461,89.02,1139.27,61.99,69.57,247,79.8,0
2027-02-14 07:00:00,Engineering Block,23.43,61.78,278,177.69,1077.16,88.42,87.06,130,94.48,0
2027-02-14 08:00:00,Hostel A,24.93,55.61,69,152.28,1448.11,52.0,24.38,208,86.34,0
2027-02-14 09:00:00,Admin Block,20.86,47.51,243,212.22,1422.96,86.84,89.58,115,95.84,0
2027-02-14 10:00:00,Engineering Block,24.31,46.73,400,142.35,649.35,75.69,81.49,63,30.78,0
2027-02-14 11:00:00,Engineering Block,28.38,48.23,301,130.96,1649.71,43.61,19.65,59,42.51,0
2027-02-14 12:00:00,Auditorium,29.2,57.94,165,143.79,1229.29,51.6,98.42,154,73.3,0
2027-02-14 13:00:00,Library,20.08,61.21,410,64.94,793.19,20.0,13.51,169,59.59,0
2027-02-14 14:00:00,Hostel A,27.45,62.7,392,57.6,531.57,102.46,81.53,84,83.57,0
2027-02-14 15:00:00,Hostel A,30.25,63.08,64,144.9,728.04,72.67,48.57,156,34.72,0
2027-02-14 16:00:00,Engineering Block,27.35,52.41,416,99.67,750.85,88.16,87.88,156,74.15,0
2027-02-14 17:00:00,Admin Block,25.46,70.58,281,119.98,990.34,99.87,75.55,14,95.05,0
2027-02-14 18:00:00,Admin Block,26.35,55.58,438,62.99,623.43,55.06,15.46,226,46.08,0
2027-02-14 19:00:00,Hostel B,25.84,64.5,498,101.85,839.98,66.07,31.6,81,77.66,0
2027-02-14 20:00:00,Admin Block,25.45,58.36,253,107.35,1023.73,66.56,95.72,142,54.07,0
2027-02-14 21:00:00,Hostel A,28.7,63.76,72,152.37,607.27,104.92,23.25,62,55.98,0
2027-02-14 22:00:00,Laboratory,37.23,57.86,254,124.66,817.95,92.54,16.16,222,66.05,0
2027-02-14 23:00:00,Library,25.03,63.94,215,71.7,649.52,67.84,23.88,9,51.23,0
2027-02-15 00:00:00,Engineering Block,26.73,59.93,445,101.78,1296.75,118.12,74.83,181,97.66,0
2027-02-15 01:00:00,Computer Science Block,27.79,68.14,23,158.82,675.76,36.14,13.57,132,33.05,0
2027-02-15 02:00:00,Library,25.25,51.81,79,104.2,929.14,95.86,48.95,151,81.34,0
2027-02-15 03:00:00,Auditorium,32.39,42.3,192,151.52,572.66,62.08,18.22,184,35.69,0
2027-02-15 04:00:00,Auditorium,18.52,50.27,91,100.86,642.59,55.96,71.84,85,89.77,0
2027-02-15 05:00:00,Laboratory,25.88,70.69,94,131.72,752.88,124.04,32.77,197,63.38,0
2027-02-15 06:00:00,Computer Science Block,31.27,58.45,341,122.06,533.14,136.56,71.62,120,45.65,0
2027-02-15 07:00:00,Library,26.82,60.92,485,116.21,887.28,130.37,25.77,100,64.36,0
2027-02-15 08:00:00,Admin Block,24.72,49.46,485,74.08,470.95,68.62,45.66,120,96.88,0
2027-02-15 09:00:00,Hostel A,29.76,60.66,41,63.53,864.02,71.57,93.29,171,41.45,0
2027-02-15 10:00:00,Laboratory,31.63,49.77,415,128.52,866.96,94.74,44.56,127,72.36,0
2027-02-15 11:00:00,Computer Science Block,28.84,51.24,228,121.3,886.24,104.05,20.26,106,63.21,0
2027-02-15 12:00:00,Laboratory,24.8,55.98,70,101.35,1053.76,43.77,43.3,5,78.84,0
2027-02-15 13:00:00,Library,29.82,64.45,164,89.39,1103.31,99.84,50.91,207,42.14,0
2027-02-15 14:00:00,Hostel A,26.39,65.52,439,166.85,633.08,53.1,51.26,85,71.69,0
2027-02-15 15:00:00,Laboratory,30.98,65.79,368,154.67,949.42,72.53,73.83,154,89.56,0
2027-02-15 16:00:00,Computer Science Block,33.93,44.12,324,146.11,852.29,80.15,21.22,210,31.79,0
2027-02-15 17:00:00,Engineering Block,17.58,59.93,291,176.43,1089.61,76.51,51.54,112,86.18,0
2027-02-15 18:00:00,Library,28.44,58.03,478,188.17654932797606,1280.250325087185,92.91510130749006,32.86,27,63.22,1
2027-02-15 19:00:00,Engineering Block,21.06,44.68,63,129.65,418.92,69.95,50.01,214,43.42,0
2027-02-15 20:00:00,Admin Block,37.77,60.16,126,71.36,798.21,87.42,25.57,151,72.58,0
2027-02-15 21:00:00,Engineering Block,26.13,57.5,169,105.91,839.21,83.83,31.19,31,51.0,0
2027-02-15 22:00:00,Engineering Block,30.99,65.12,113,109.15,1142.4,98.05,59.76,22,98.96,0
2027-02-15 23:00:00,Hostel B,27.86,60.81,283,96.21,1065.24,41.44,37.12,186,48.96,0
2027-02-16 00:00:00,Library,24.79,54.51,129,118.6,537.41,96.74,24.36,149,80.02,0
2027-02-16 01:00:00,Admin Block,24.31,69.26,37,195.28,1138.6,115.39,65.77,187,65.13,0
2027-02-16 02:00:00,Engineering Block,34.34,37.79,257,129.15,618.42,104.94,85.28,94,57.64,0
2027-02-16 03:00:00,Auditorium,31.82,59.36,355,154.3,638.05,27.52,83.93,162,66.8,0
2027-02-16 04:00:00,Hostel A,35.77,42.37,258,123.61,887.65,83.54,85.07,230,51.37,0
2027-02-16 05:00:00,Computer Science Block,28.22,50.88,393,61.38,897.23,81.8,11.55,212,62.32,0
2027-02-16 06:00:00,Engineering Block,29.15,65.25,231,97.93,813.19,61.84,71.75,57,56.26,0
2027-02-16 07:00:00,Admin Block,26.93,47.26,250,101.27,814.98,106.74,99.89,85,75.3,0
2027-02-16 08:00:00,Engineering Block,26.85,45.76,347,118.51,525.99,94.95,75.38,142,80.55,0
2027-02-16 09:00:00,Computer Science Block,23.83,83.82,369,141.16,824.34,86.17,33.92,98,83.8,0
2027-02-16 10:00:00,Admin Block,28.34,46.41,313,150.15,1153.2,57.05,60.76,162,85.03,0
2027-02-16 11:00:00,Library,24.84,76.51,432,132.21,828.8,81.08,53.03,30,54.75,0
2027-02-16 12:00:00,Admin Block,29.77,58.28,480,157.12,1297.49,110.49,51.31,203,73.08,0
2027-02-16 13:00:00,Library,28.68,54.75,100,97.16,849.83,121.01,75.04,201,65.44,0
2027-02-16 14:00:00,Admin Block,29.15,65.67,274,139.65,639.72,70.47,21.42,25,74.81,0
2027-02-16 15:00:00,Auditorium,34.7,73.37,251,137.52,625.61,66.62,20.74,60,54.78,0
2027-02-16 16:00:00,Laboratory,27.85,48.54,382,151.53,1121.42,90.03,55.58,12,43.39,0
2027-02-16 17:00:00,Computer Science Block,31.03,54.9,228,94.34,922.23,51.32,97.66,161,80.82,0
2027-02-16 18:00:00,Computer Science Block,36.21,68.47,476,184.44,498.37,27.67,15.54,164,56.47,0
2027-02-16 19:00:00,Admin Block,33.23,62.88,405,92.43,886.26,71.47,43.35,196,81.23,0
2027-02-16 20:00:00,Laboratory,32.61,71.02,462,103.77,984.45,92.69,55.8,220,79.52,0
2027-02-16 21:00:00,Engineering Block,26.77,65.15,317,146.11,525.79,59.29,10.11,176,99.53,0
2027-02-16 22:00:00,Computer Science Block,28.92,78.08,393,65.06,792.29,94.73,36.52,199,55.59,0
2027-02-16 23:00:00,Auditorium,22.73,61.79,491,87.32,637.05,69.57,19.98,60,77.8,0
2027-02-17 00:00:00,Library,30.0,62.22,40,123.03,737.82,91.88,73.5,249,78.52,0
2027-02-17 01:00:00,Library,29.1,63.22,257,56.18,601.11,93.28,49.51,101,95.7,0
2027-02-17 02:00:00,Hostel A,28.09,58.58,405,92.1,364.84,105.09,66.04,72,64.92,0
2027-02-17 03:00:00,Hostel B,32.11,68.48,280,123.08,502.21,60.08,64.22,143,76.54,0
2027-02-17 04:00:00,Laboratory,23.17,62.37,292,91.21,1097.74,58.05,42.2,96,82.83,0
2027-02-17 05:00:00,Hostel B,34.54,67.88,299,182.37,706.73,52.52,13.19,169,99.26,0
2027-02-17 06:00:00,Hostel B,31.61,69.44,411,145.38,1302.54,88.34,34.09,140,62.14,0
2027-02-17 07:00:00,Library,27.72,64.28,433,135.79,586.95,111.35,53.3,190,47.96,0
2027-02-17 08:00:00,Auditorium,27.41,65.02,453,302.98366241243576,1873.5060669586169,199.41537588473446,28.24,134,72.38,1
2027-02-17 09:00:00,Auditorium,29.92,49.9,169,146.84,908.83,53.27,94.39,10,60.38,0
2027-02-17 10:00:00,Hostel A,34.08,54.5,334,122.02,845.65,84.51,47.23,164,36.87,0
2027-02-17 11:00:00,Hostel B,28.41,68.43,171,85.31,1140.1,108.03,41.7,104,61.24,0
2027-02-17 12:00:00,Hostel B,28.58,74.24,301,131.96,532.11,89.99,19.68,151,78.61,0
2027-02-17 13:00:00,Admin Block,28.07,40.6,80,94.95,1126.71,44.77,34.85,111,62.14,0
2027-02-17 14:00:00,Admin Block,35.13,54.32,155,134.99,762.29,125.12,62.07,237,70.0,0
2027-02-17 15:00:00,Admin Block,26.52,60.24,31,130.34,960.71,109.5,83.77,105,79.68,0
2027-02-17 16:00:00,Engineering Block,27.88,51.21,33,97.9,811.37,77.69,79.61,150,65.55,0
2027-02-17 17:00:00,Hostel B,33.85,51.77,49,192.05,1217.84,77.08,71.66,103,36.77,0
2027-02-17 18:00:00,Auditorium,28.59,64.75,458,164.61,626.66,83.1,93.92,93,78.45,0
2027-02-17 19:00:00,Auditorium,32.55,75.81,374,118.08,476.56,113.69,31.87,172,43.59,0
2027-02-17 20:00:00,Engineering Block,24.35,39.68,464,137.76,1026.75,66.9,31.13,64,80.12,0
2027-02-17 21:00:00,Auditorium,27.18,58.3,337,131.69,886.28,118.3,14.2,234,51.48,0
2027-02-17 22:00:00,Hostel A,33.94,64.63,306,101.07,936.68,73.18,73.33,172,67.58,0
2027-02-17 23:00:00,Laboratory,25.29,67.8,239,139.99,1163.4,109.33,82.1,213,34.51,0
2027-02-18 00:00:00,Library,27.39,63.19,257,113.12,908.18,76.57,33.37,70,50.01,0
2027-02-18 01:00:00,Hostel B,29.03,77.61,46,70.87,781.17,94.07,81.16,154,94.73,0
2027-02-18 02:00:00,Auditorium,24.04,60.29,276,102.1,843.1,66.39,73.81,41,66.75,0
2027-02-18 03:00:00,Library,26.34,73.12,316,102.31,1340.91,72.53,58.69,114,93.54,0
2027-02-18 04:00:00,Auditorium,28.45,53.54,161,52.28,932.16,86.57,59.81,37,95.79,0
2027-02-18 05:00:00,Laboratory,28.19,60.58,269,166.72,1042.78,89.97,73.46,24,49.39,0
2027-02-18 06:00:00,Admin Block,33.12,47.87,93,101.6,650.45,35.3,99.83,172,93.41,0
2027-02-18 07:00:00,Hostel B,34.17,69.01,453,106.79,1061.63,64.24,38.72,144,76.03,0
2027-02-18 08:00:00,Computer Science Block,24.58,58.8,317,198.78,750.26,104.14,16.54,53,68.09,0
2027-02-18 09:00:00,Engineering Block,28.45,63.58,218,85.89,414.69,59.97,72.96,166,58.37,0
2027-02-18 10:00:00,Engineering Block,30.7,56.87,315,116.69,903.05,108.87,12.6,103,47.66,0
2027-02-18 11:00:00,Hostel B,34.07,65.86,33,64.37,881.25,64.29,90.54,107,57.94,0
2027-02-18 12:00:00,Laboratory,30.87,63.97,119,97.6,939.3,83.96,97.54,185,75.76,0
2027-02-18 13:00:00,Admin Block,29.16,50.05,110,101.75,783.68,70.86,75.38,64,55.41,0
2027-02-18 14:00:00,Engineering Block,30.67,50.63,414,159.2,1112.57,114.73,40.87,70,54.67,0
2027-02-18 15:00:00,Admin Block,30.7,59.72,210,90.81,927.07,130.08,30.31,32,68.09,0
2027-02-18 16:00:00,Hostel A,24.29,66.6,381,149.76,766.98,62.15,19.92,215,33.17,0
2027-02-18 17:00:00,Library,28.77,78.63,324,214.5,1118.62,83.39,10.54,188,72.83,0
2027-02-18 18:00:00,Laboratory,33.84,63.03,440,181.26,941.85,54.52,48.74,184,50.48,0
2027-02-18 19:00:00,Computer Science Block,27.17,70.08,125,20.17,886.63,57.28,68.24,15,64.44,0
2027-02-18 20:00:00,Library,28.52,43.87,413,137.3,729.95,106.21,43.87,175,88.05,0
2027-02-18 21:00:00,Library,27.03,80.13,457,175.0,1344.62,78.55,49.44,180,85.47,0
2027-02-18 22:00:00,Hostel A,18.74,66.06,26,91.02,602.25,82.0,71.67,190,50.42,0
2027-02-18 23:00:00,Engineering Block,28.08,59.5,100,117.02,761.07,88.41,46.81,189,33.52,0
2027-02-19 00:00:00,Computer Science Block,29.21,58.35,272,253.91267513813128,1453.224301657869,93.97692226005837,79.61,146,56.49,1
2027-02-19 01:00:00,Engineering Block,25.95,48.93,159,153.41,803.82,45.55,67.81,234,38.21,0
2027-02-19 02:00:00,Hostel B,23.38,51.79,376,103.32,999.86,53.62,70.43,92,60.25,0
2027-02-19 03:00:00,Library,24.48,79.1,330,186.89,957.17,64.44,65.74,186,87.96,0
2027-02-19 04:00:00,Hostel B,31.06,50.11,439,163.02,989.3,114.2,20.77,134,52.67,0
2027-02-19 05:00:00,Admin Block,35.89,49.92,26,65.11,827.95,87.61,71.57,46,86.88,0
2027-02-19 06:00:00,Library,33.53,52.98,171,65.54,1138.96,79.68,63.3,139,97.83,0
2027-02-19 07:00:00,Engineering Block,22.62,48.02,309,127.35,656.44,45.17,61.68,248,77.46,0
2027-02-19 08:00:00,Library,31.42,60.15,145,265.012990245993,1381.650061880809,65.5946270411237,63.85,106,89.49,1
2027-02-19 09:00:00,Admin Block,25.35,70.89,468,117.36,544.9,63.86,98.84,141,88.99,0
2027-02-19 10:00:00,Hostel A,25.67,53.9,304,100.07,739.96,73.74,49.25,37,31.39,0
2027-02-19 11:00:00,Hostel B,26.15,46.27,301,82.8,875.03,61.24,19.55,95,76.35,0
2027-02-19 12:00:00,Auditorium,30.82,62.92,93,120.95,709.74,59.69,56.16,125,83.96,0
2027-02-19 13:00:00,Hostel B,31.84,59.44,468,136.5,724.68,66.48,23.5,72,61.09,0
2027-02-19 14:00:00,Engineering Block,27.61,70.03,64,156.43,1127.47,62.75,82.57,196,89.21,0
2027-02-19 15:00:00,Library,27.68,55.45,36,162.14,677.99,74.56,32.47,101,76.49,0
2027-02-19 16:00:00,Engineering Block,29.86,57.4,252,121.45,770.87,84.53,99.61,195,77.94,0
2027-02-19 17:00:00,Hostel A,30.27,58.5,183,132.5,944.89,99.08,25.98,140,58.55,0
2027-02-19 18:00:00,Library,32.7,60.89,476,61.27,432.99,52.72,44.02,63,91.86,0
2027-02-19 19:00:00,Auditorium,22.86,56.07,82,145.11,550.27,78.47,23.15,108,56.52,0
2027-02-19 20:00:00,Library,28.08,54.45,426,166.86,1039.84,130.62,47.73,141,40.26,0
2027-02-19 21:00:00,Auditorium,23.73,41.5,112,283.6362600800826,556.2262916515656,142.56585162263454,53.56,144,52.0,1
2027-02-19 22:00:00,Engineering Block,27.8,54.35,341,118.32,480.63,79.38,76.9,62,58.09,0
2027-02-19 23:00:00,Engineering Block,27.1,67.15,485,86.47,435.12,57.9,10.13,53,82.68,0
2027-02-20 00:00:00,Admin Block,27.81,68.5,111,86.55,762.13,96.88,30.77,48,36.09,0
2027-02-20 01:00:00,Laboratory,24.8,55.29,392,113.24,530.58,62.77,34.29,143,76.09,0
2027-02-20 02:00:00,Laboratory,22.05,72.99,61,216.53362204804316,1228.8146533593404,243.3229360360643,64.05,148,65.85,1
2027-02-20 03:00:00,Hostel A,19.62,59.71,260,47.56,1139.02,67.31,34.95,70,52.15,0
2027-02-20 04:00:00,Laboratory,27.48,46.62,346,73.69,798.73,71.81,53.82,115,57.65,0
2027-02-20 05:00:00,Admin Block,26.28,43.48,274,152.87,904.84,87.35,53.9,170,78.88,0
2027-02-20 06:00:00,Hostel B,25.3,72.18,350,180.47,938.68,142.64,82.94,175,72.09,0
2027-02-20 07:00:00,Auditorium,33.29,56.27,90,113.88,1115.52,48.53,88.83,105,35.0,0
2027-02-20 08:00:00,Library,24.56,47.86,318,142.94,729.33,106.48,97.93,114,36.95,0
2027-02-20 09:00:00,Engineering Block,33.67,37.41,235,115.95,830.21,88.76,85.67,116,79.22,0
2027-02-20 10:00:00,Library,34.5,56.04,330,124.32,792.27,30.46,89.02,199,91.58,0
2027-02-20 11:00:00,Library,20.2,64.05,75,81.65,598.58,73.59,97.39,103,41.27,0
2027-02-20 12:00:00,Computer Science Block,28.37,53.02,98,139.48,810.01,81.82,84.47,243,71.67,0
2027-02-20 13:00:00,Hostel B,26.4,49.47,434,94.02,926.06,81.39,28.42,77,44.42,0
2027-02-20 14:00:00,Computer Science Block,16.35,54.51,358,128.53,1066.49,113.61,81.31,245,98.91,0
2027-02-20 15:00:00,Laboratory,22.22,72.43,459,146.34,629.94,59.01,73.86,191,73.97,0
2027-02-20 16:00:00,Library,31.1,46.07,140,141.98,1121.59,47.4,60.03,232,87.17,0
2027-02-20 17:00:00,Auditorium,36.08,53.58,221,91.77,751.17,36.74,25.7,139,50.28,0
2027-02-20 18:00:00,Engineering Block,31.61,72.11,451,129.45,1157.51,105.95,14.32,249,53.69,0
2027-02-20 19:00:00,Auditorium,29.29,64.94,455,99.87,842.8,104.46,29.54,125,40.2,0
2027-02-20 20:00:00,Library,27.91,61.79,347,145.89,919.16,80.31,88.92,158,77.57,0
2027-02-20 21:00:00,Hostel B,34.73,53.52,276,149.26,754.32,60.22,34.27,208,98.71,0
2027-02-20 22:00:00,Auditorium,36.59,60.31,149,147.31,1240.68,78.28,50.23,212,64.33,0
2027-02-20 23:00:00,Computer Science Block,25.65,54.62,368,172.43,626.59,152.87,99.78,163,36.75,0
2027-02-21 00:00:00,Engineering Block,20.0,51.41,61,138.78,1107.22,79.14,55.85,156,30.93,0
2027-02-21 01:00:00,Library,19.61,49.2,93,174.42,572.74,89.79,79.07,197,79.59,0
2027-02-21 02:00:00,Hostel A,33.29,67.84,253,146.26,680.95,32.82,81.55,188,42.54,0
2027-02-21 03:00:00,Hostel B,27.81,59.4,28,96.53,1273.56,91.25,89.13,67,95.4,0
2027-02-21 04:00:00,Hostel B,28.73,63.15,389,129.54,1008.08,98.25,39.96,158,81.39,0
2027-02-21 05:00:00,Hostel A,20.84,61.52,50,158.69,917.38,65.83,23.73,62,43.09,0
2027-02-21 06:00:00,Auditorium,24.99,64.41,115,161.31,900.34,74.71,89.98,31,93.17,0
2027-02-21 07:00:00,Library,26.82,57.45,277,106.59,1128.06,92.7,64.86,73,45.5,0
2027-02-21 08:00:00,Hostel B,28.83,55.18,299,106.17,941.86,73.61,63.62,42,96.88,0
2027-02-21 09:00:00,Engineering Block,26.41,51.85,248,143.56,858.3,108.38,61.28,51,50.1,0
2027-02-21 10:00:00,Library,23.85,45.86,264,94.99,965.56,47.02,13.15,245,38.76,0
2027-02-21 11:00:00,Library,24.86,48.78,446,115.21,800.57,82.51,32.39,244,69.97,0
2027-02-21 12:00:00,Computer Science Block,32.83,56.35,217,126.18,750.46,94.11,70.52,127,71.67,0
2027-02-21 13:00:00,Hostel B,28.98,43.97,475,247.9837836149869,1418.921009774337,158.44800342986707,12.97,223,73.99,1
2027-02-21 14:00:00,Hostel B,30.45,46.18,251,151.16,586.89,52.83,64.61,25,49.0,0
2027-02-21 15:00:00,Hostel A,24.4,70.42,492,148.61,965.14,102.83,14.52,83,55.99,0
